project_name,primary_language,window_starts,window_ends,Events,NLOC,LevD,Tokens,CycC,Functions,Commits,HalEff,TS,N,E,Diam,Dens,ClustC,InD,EigG,FModR
7compass__sentimental__2020-06-13_10-18-00,Ruby,1438312778.0,1463714378.0,81.5,42.166666666666664,1863.1666666666667,255.0,7.166666666666667,6.166666666666667,2.3333333333333335,69400.68138964094,6,7,97.0,4.0,0.16666666666666666,0.23809523809523808,1.0,0.05937896381602681,0.2616455757930412
7compass__sentimental__2020-06-13_10-18-00,Ruby,1463714378.0,1489115978.0,1.5,0.5,29.5,4.0,0.0,0.0,1.0,714.8010249745048,2,4,3.0,1.0,0.16666666666666666,0.0,0.5,2.0000000000575113e-06,1.0
airbnb__enzyme__2020-06-11_01-31-34,JavaScript,1459009889.0,1484411489.0,79.85,56.275,2066.575,340.625,11.125,8.625,3.125,630887.1784267544,40,55,222.0,4.0,0.0202020202020202,0.18933884297520662,1.0909090909090908,0.15340548161474554,0.1788696585852176
airbnb__enzyme__2020-06-11_01-31-34,JavaScript,1484411489.0,1509813089.0,110.75,65.9,3160.9,394.175,14.225,7.775,3.25,105082.8358376645,40,64,840.0,5.0,0.023065476190476192,0.2587830273175101,1.453125,0.17237584100990655,0.3078148115938743
airbnb__enzyme__2020-06-11_01-31-34,JavaScript,1509813089.0,1535214689.0,61.15,33.05,1721.125,193.6,8.525,3.05,3.725,73885.21537528442,40,54,616.0,4.0,0.0286512928022362,0.20642005456820275,1.5185185185185186,0.061510164727047956,0.418406566582492
airbnb__enzyme__2020-06-11_01-31-34,JavaScript,1535214689.0,1560616289.0,94.33333333333333,61.38461538461539,2872.4871794871797,391.5897435897436,14.256410256410257,6.82051282051282,3.641025641025641,140232.9114992447,39,65,587.0,4.0,0.019230769230769232,0.11170940170940172,1.2307692307692308,0.037906307339512946,0.3764154864598845
airbnb__enzyme__2020-06-11_01-31-34,JavaScript,1560616289.0,1586017889.0,33.92857142857143,13.928571428571429,740.5714285714286,159.92857142857142,4.142857142857143,2.0,1.9285714285714286,35006.06627864355,14,42,141.0,3.0,0.024390243902439025,0.052639751552795024,1.0,0.06115944741195323,0.4656016247988863
alphagov__pay-selfservice__2020-06-10_14-19-45,JavaScript,1447336126.0,1472737726.0,1350.0714285714287,692.2142857142857,38857.71428571428,4655.142857142857,110.35714285714286,89.14285714285714,19.142857142857142,902295.3336547267,14,16,3621.0,3.0,0.35,0.7476010101010102,5.25,0.18818903405332021,0.24720706411839408
alphagov__pay-selfservice__2020-06-10_14-19-45,JavaScript,1472737726.0,1498139326.0,1663.9473684210527,900.7894736842105,47585.05263157895,6148.578947368421,159.52631578947367,133.73684210526315,20.894736842105264,1577212.5835697472,19,24,5986.0,4.0,0.26992753623188404,0.6793758665082196,6.208333333333333,0.44314342518988503,0.28093013132931
alphagov__pay-selfservice__2020-06-10_14-19-45,JavaScript,1498139326.0,1523540926.0,1965.3333333333333,958.8888888888889,51275.555555555555,6672.333333333333,174.33333333333334,134.22222222222223,21.333333333333332,1546411.1968650243,18,29,9925.0,4.0,0.17980295566502463,0.6480980239408763,5.0344827586206895,0.27932497253504107,0.19128577501031216
alphagov__pay-selfservice__2020-06-10_14-19-45,JavaScript,1523540926.0,1548942526.0,1031.8333333333333,541.3333333333334,31713.444444444445,3584.3888888888887,94.0,76.38888888888889,16.055555555555557,911097.6422362727,18,32,3677.0,3.0,0.1532258064516129,0.6420939421345768,4.75,0.40327023621361946,0.2741786988484876
alphagov__pay-selfservice__2020-06-10_14-19-45,JavaScript,1548942526.0,1574344126.0,1795.8666666666666,1096.3333333333333,57779.066666666666,6733.133333333333,182.2,147.86666666666667,22.466666666666665,1665432.838026715,15,31,5253.0,4.0,0.15161290322580648,0.6140010604947492,4.548387096774194,0.35830065173332293,0.3489222197677715
ampproject__amp-wp__2020-06-11_06-11-44,PHP,1464766084.0,1490167684.0,452.6470588235294,192.8235294117647,13566.588235294117,1071.2941176470588,73.47058823529412,59.8235294117647,12.117647058823529,849769.2470614926,17,22,572.0,2.0,0.05844155844155844,0.237987012987013,1.2272727272727273,0.06898437694137771,0.3795865555338563
ampproject__amp-wp__2020-06-11_06-11-44,PHP,1490167684.0,1515569284.0,696.5,287.0625,18951.0625,1514.25,81.9375,63.3125,14.625,492601.7917054811,16,26,1772.0,3.0,0.07076923076923076,0.3097069597069597,1.7692307692307692,0.3236925965381253,0.3483980708442627
ampproject__amp-wp__2020-06-11_06-11-44,PHP,1515569284.0,1540970884.0,2197.3714285714286,997.1428571428571,73034.5142857143,5658.257142857143,226.4857142857143,156.17142857142858,50.68571428571428,6652141.058772947,35,53,7822.0,4.0,0.047895500725689405,0.4727624576681182,2.490566037735849,0.17513954844250135,0.16828927578606775
ampproject__amp-wp__2020-06-11_06-11-44,PHP,1540970884.0,1566372484.0,2441.4347826086955,1225.0434782608695,72658.78260869565,6829.04347826087,266.2608695652174,157.17391304347825,79.91304347826087,5135990.711964038,23,50,6335.0,3.0,0.04204081632653062,0.3911042273042273,2.06,0.370781111007356,0.3059195260122991
ampproject__amp-wp__2020-06-11_06-11-44,PHP,1566372484.0,1591774084.0,3219.85,1474.95,105162.55,7132.55,316.85,213.6,95.0,11259450.948670015,20,43,6873.0,3.0,0.07253599114064231,0.5143288827467327,3.046511627906977,0.31761172431994433,0.16727076014731712
ansible__ansible__2020-06-11_06-06-22,Python,1337773700.0,1363175300.0,306.34567901234567,152.8395061728395,11122.913580246914,1446.7654320987654,28.987654320987655,6.7407407407407405,10.950617283950617,1912220.0893986453,81,88,3371.0,5.0,0.03187042842215256,0.4359478601689714,2.772727272727273,0.03760087537373691,0.37521630573417014
ansible__ansible__2020-06-11_06-06-22,Python,1363175300.0,1388576900.0,99.85185185185185,50.46913580246913,3434.456790123457,381.3395061728395,15.08641975308642,3.234567901234568,4.654320987654321,463733.0551573666,162,191,2788.0,5.0,0.010691650592449711,0.26357898518011197,2.031413612565445,0.03366696687018955,0.38023768825508
ansible__ansible__2020-06-11_06-06-22,Python,1388576900.0,1413978500.0,152.43579766536965,76.15175097276264,5277.3501945525295,504.78210116731515,19.513618677042803,5.346303501945525,4.817120622568093,625973.1647687511,257,353,6629.0,7.0,0.004667782642286892,0.20623180306960653,1.6430594900849858,0.03389139109232053,0.30642972434774113
ansible__ansible__2020-06-11_06-06-22,Python,1413978500.0,1439380100.0,181.59477124183007,102.66830065359477,6133.323529411765,570.5343137254902,20.973856209150327,4.51797385620915,5.194444444444445,509009.24476517085,612,710,12013.0,7.0,0.0020779117582788694,0.22803957955587206,1.4732394366197183,0.0036431604027031828,0.32026731131315045
ansible__ansible__2020-06-11_06-06-22,Python,1439380100.0,1464781700.0,198.44257274119448,112.71209800918837,6714.159264931087,573.2633996937213,20.38897396630934,4.823889739663094,5.765696784073507,519800.4923181677,653,951,16878.0,9.0,0.0017654546460789196,0.2160533771398101,1.6771819137749737,0.03389943675775986,0.3583707157111012
ansible__ansible__2020-06-11_06-06-22,Python,1464781700.0,1490183300.0,326.406711409396,192.51140939597315,10274.804026845637,925.9959731543624,32.55436241610738,8.473825503355705,5.357046979865772,883532.2857533647,745,1256,30015.0,8.0,0.0018042479762478746,0.2721319490522869,2.2643312101910826,0.05262882511423339,0.40948444854360677
ansible__ansible__2020-06-11_06-06-22,Python,1490183300.0,1515584900.0,365.47148288973386,206.9556400506971,11511.81875792142,979.2281368821293,31.58808618504436,8.429657794676807,4.980988593155893,711785.6038400532,789,1503,43900.0,10.0,0.0014830525367374437,0.2785436383362367,2.2275449101796405,0.0020109946868469564,0.3374308339828523
ansible__ansible__2020-06-11_06-06-22,Python,1515584900.0,1540986500.0,298.5872156013001,193.65980498374864,10044.083423618635,914.6663055254604,29.80931744312026,7.3640303358613215,4.394366197183099,751790.2734296899,923,1487,26999.0,8.0,0.0012816323796817823,0.2005564333452232,1.9045057162071284,0.013189801871292928,0.3310332912612095
ansible__ansible__2020-06-11_06-06-22,Python,1540986500.0,1566388100.0,523.7919075144508,344.3433526011561,17096.94104046243,1416.5826589595376,40.648554913294795,11.078612716763006,5.060115606936416,1375990.6964296515,865,1592,34737.0,9.0,0.00120021856611783,0.2184810485959838,1.9095477386934674,0.015053044116363656,0.33063329237835626
ansible__ansible__2020-06-11_06-06-22,Python,1566388100.0,1591789700.0,376.0052083333333,249.60416666666666,12508.446180555555,1082.5729166666667,27.944444444444443,8.239583333333334,3.8940972222222223,895953.8612652278,576,1181,18516.0,9.0,0.0014143429153690495,0.1650666914394911,1.6689246401354785,0.02748684370840082,0.36238592634377836
apache__airflow__2020-06-13_20-27-45,Python,1425925522.0,1451327122.0,378.5238095238095,199.1904761904762,12124.873015873016,1215.7777777777778,30.206349206349206,11.88888888888889,15.761904761904763,3205576.141636583,63,66,3171.0,4.0,0.04172494172494172,0.4580277485956507,2.712121212121212,0.18842337447296276,0.33123535272469795
apache__airflow__2020-06-13_20-27-45,Python,1451327122.0,1476728722.0,185.24193548387098,91.80645161290323,6371.540322580645,552.4435483870968,14.169354838709678,5.25,4.564516129032258,1749365.867912548,124,153,2765.0,6.0,0.015479876160990712,0.3558254509658164,2.3529411764705883,0.1541141866089083,0.32169407506814673
apache__airflow__2020-06-13_20-27-45,Python,1476728722.0,1502130322.0,229.66935483870967,109.14516129032258,8296.233870967742,638.0,15.17741935483871,5.870967741935484,3.0,1867464.653185893,124,197,3965.0,7.0,0.011628509271728996,0.2751215481805612,2.279187817258883,0.04245871258954659,0.3146859711945149
apache__airflow__2020-06-13_20-27-45,Python,1502130322.0,1527531922.0,242.88135593220338,123.18079096045197,8515.203389830509,764.6158192090395,17.65536723163842,7.954802259887006,3.2824858757062145,1180563.6150670352,177,309,6814.0,7.0,0.009918883705291473,0.3372984368453649,3.0550161812297736,0.14458340162642158,0.3060940103794022
apache__airflow__2020-06-13_20-27-45,Python,1527531922.0,1552933522.0,229.64227642276424,120.82113821138212,8005.577235772358,736.430894308943,14.191056910569106,7.024390243902439,3.313008130081301,2595945.3623115066,246,451,11459.0,7.0,0.0074796747967479675,0.3969771459105657,3.3658536585365852,0.11744575712590011,0.3051894486681847
apache__airflow__2020-06-13_20-27-45,Python,1552933522.0,1578335122.0,360.50545454545454,198.82545454545453,12243.894545454545,1067.6072727272726,18.523636363636363,9.88,4.192727272727272,3151083.1353835003,275,585,22490.0,6.0,0.006691253951527924,0.465987549904457,3.9076923076923076,0.09145577589638831,0.28626950166438725
apache__flink__2020-06-11_13-39-22,Java,1311378453.0,1336780053.0,11539.15,4742.05,338896.5,37867.95,925.8,345.65,58.9,26308782.252280287,20,24,16518.0,3.0,0.18840579710144925,0.6902507215007215,4.333333333333333,0.008844022929762607,0.1559278995740234
apache__flink__2020-06-11_13-39-22,Java,1336780053.0,1362181653.0,12817.363636363636,5780.363636363636,400632.45454545453,44900.0,1099.7272727272727,433.8181818181818,64.36363636363636,48586607.636146285,11,22,14409.0,3.0,0.16666666666666666,0.7053074376603788,3.5,0.09305426550352192,0.13854789475099213
apache__flink__2020-06-11_13-39-22,Java,1362181653.0,1387583253.0,4347.9375,1646.4375,132951.1875,15341.125,324.9375,123.5,20.625,9663645.605360128,16,30,9522.0,3.0,0.10804597701149425,0.62669688336355,3.1333333333333333,0.1260301848682409,0.24695177463780607
apache__flink__2020-06-11_13-39-22,Java,1387583253.0,1412984853.0,7061.2830188679245,3118.0377358490564,224653.9245283019,25961.830188679247,513.377358490566,243.0566037735849,27.641509433962263,16841319.703628644,53,72,71086.0,4.0,0.07766040688575901,0.6640224531237569,5.513888888888889,0.03407098936789976,0.20658011354080455
apache__flink__2020-06-11_13-39-22,Java,1412984853.0,1438386453.0,4118.095890410959,1906.4383561643835,132254.87671232875,15621.246575342466,283.05479452054794,138.68493150684932,19.84931506849315,12882460.20178829,73,105,38916.0,4.0,0.05952380952380953,0.6215726271621076,6.190476190476191,0.06380020120373375,0.22519701087062993
apache__flink__2020-06-11_13-39-22,Java,1438386453.0,1463788053.0,2483.548076923077,1202.3846153846155,85102.27884615384,9604.701923076924,162.3846153846154,81.36538461538461,11.64423076923077,6922423.700615706,104,164,35967.0,6.0,0.030787071674397728,0.5590594922711758,5.0182926829268295,0.18525564641029757,0.25528980418401376
apache__flink__2020-06-11_13-39-22,Java,1463788053.0,1489189653.0,2406.387323943662,1205.4366197183099,81239.80281690141,9197.718309859154,148.72535211267606,75.23239436619718,10.626760563380282,10510400.629461244,142,227,45376.0,6.0,0.021168765350278743,0.4496482986217437,4.784140969162996,0.14571511627526823,0.22050092894457066
apache__flink__2020-06-11_13-39-22,Java,1489189653.0,1514591253.0,3340.0934579439254,1569.2803738317757,110075.95327102803,12278.364485981308,193.85981308411215,101.3177570093458,15.102803738317757,23082779.676720012,107,261,57193.0,5.0,0.019039198349543176,0.508680332141903,4.950191570881226,0.1756579270565749,0.21053491463231377
apache__flink__2020-06-11_13-39-22,Java,1514591253.0,1539992853.0,2070.644927536232,1067.876811594203,71188.68115942029,8061.760869565217,134.6231884057971,76.8695652173913,13.13768115942029,7318018.682891742,138,273,43427.0,6.0,0.01632191338073691,0.4481077545511358,4.43956043956044,0.005033213399442293,0.26813489265749846
apache__flink__2020-06-11_13-39-22,Java,1539992853.0,1565394453.0,2469.4010695187167,1355.3048128342245,84546.54010695187,9912.823529411764,185.10160427807486,109.40641711229947,13.20855614973262,8503724.49336782,187,327,55832.0,6.0,0.0154687529314647,0.3954462333702893,5.042813455657492,0.055314205830762186,0.26103441062850885
apache__flink__2020-06-11_13-39-22,Java,1565394453.0,1590796053.0,2516.3954545454544,1378.0318181818182,89006.58181818182,10598.868181818181,172.5818181818182,103.25,16.272727272727273,6586835.689703267,220,410,83091.0,6.0,0.014437354642495081,0.43383084364779734,5.904878048780488,0.04256812234588481,0.30060561460084484
apache__guacamole-server__2020-06-13_23-51-31,C,1312044628.0,1337446228.0,2314.75,932.5,68064.5,6072.5,208.75,42.25,62.0,8793599.171473585,4,4,105.0,2.0,0.3333333333333333,0.0,1.0,1.9999999997244444e-06,0.052414448751105444
apache__guacamole-server__2020-06-13_23-51-31,C,1337446228.0,1362847828.0,1212.4,470.8,33869.6,2825.0,81.2,26.2,27.8,3076139.4908765084,5,6,82.0,2.0,0.23333333333333334,0.0,1.1666666666666667,1.999999999946489e-06,0.1065699566916742
apache__guacamole-server__2020-06-13_23-51-31,C,1362847828.0,1388249428.0,6499.0,2628.6666666666665,190524.66666666666,17106.666666666668,496.3333333333333,101.0,145.0,19852158.4835608,3,7,189.0,2.0,0.2142857142857143,0.2952380952380952,1.2857142857142858,0.005278127954428724,0.019046788413798584
apache__guacamole-server__2020-06-13_23-51-31,C,1388249428.0,1413651028.0,4388.0,1818.5,131409.0,11733.0,373.5,82.0,102.5,15062454.58852285,2,5,135.0,2.0,0.25,0.0,1.0,2.0000000000575113e-06,0.11753571860303133
apache__guacamole-server__2020-06-13_23-51-31,C,1413651028.0,1439052628.0,1498.25,572.0,46921.0,3543.75,103.25,23.5,27.0,4601610.050820442,4,6,50.0,2.0,0.2,0.0,1.0,1.999999999946489e-06,0.023269330504666823
apache__guacamole-server__2020-06-13_23-51-31,C,1439052628.0,1464454228.0,4276.0,1443.3333333333333,125380.0,8723.333333333334,256.0,73.33333333333333,84.0,9153417.374930523,3,5,37.0,2.0,0.25,0.0,1.0,1.9999999998354667e-06,0.03314911387327541
apache__guacamole-server__2020-06-13_23-51-31,C,1464454228.0,1489855828.0,1347.3333333333333,386.0,38048.666666666664,2250.3333333333335,91.33333333333333,19.333333333333332,26.0,4634587.305654734,3,3,3.0,1.0,0.3333333333333333,0.0,0.6666666666666666,1.999999999946489e-06,0.15873015873015872
apache__guacamole-server__2020-06-13_23-51-31,C,1489855828.0,1515257428.0,395.4,157.5,11149.1,1076.9,27.8,5.4,9.3,776908.1710868333,10,11,48.0,2.0,0.06363636363636363,0.0,0.6363636363636364,2.0000000000575113e-06,0.18924280059431758
apache__guacamole-server__2020-06-13_23-51-31,C,1515257428.0,1540659028.0,2074.0,787.3333333333334,68541.66666666667,4569.666666666667,142.33333333333334,28.333333333333332,43.666666666666664,6529646.581727415,3,6,111.0,2.0,0.23333333333333334,0.35000000000000003,1.1666666666666667,0.051343782464588594,0.04982662388353858
apache__guacamole-server__2020-06-13_23-51-31,C,1540659028.0,1566060628.0,767.4,284.4,24006.8,2040.4,42.8,14.6,16.8,1797419.0031566978,5,7,102.0,2.0,0.14285714285714285,0.0,0.8571428571428571,2.0000000001685336e-06,0.3888136948987846
apache__guacamole-server__2020-06-13_23-51-31,C,1566060628.0,1591462228.0,1179.4,420.2,37364.0,2381.4,59.8,11.8,24.8,1400053.8504530317,5,6,70.0,2.0,0.16666666666666669,0.0,0.8333333333333334,2.0000000001685336e-06,0.23836572147839974
apache__hadoop__2020-06-10_23-15-51,Java,1246346061.0,1271747661.0,1197.1363636363637,690.8636363636364,40376.36363636364,4910.136363636364,109.95454545454545,50.45454545454545,8.181818181818182,4124066.8237634245,22,22,965.0,4.0,0.09523809523809523,0.24101731601731602,2.0,0.057038006356646576,0.07232375683743725
apache__hadoop__2020-06-10_23-15-51,Java,1271747661.0,1297149261.0,967.68,545.92,31473.84,3792.92,91.32,40.48,7.68,5332403.039117426,25,27,1719.0,6.0,0.1396011396011396,0.5318017373572929,3.6296296296296298,0.11072580057751047,0.08384403900570461
apache__hadoop__2020-06-10_23-15-51,Java,1297149261.0,1322550861.0,3893.8571428571427,2163.942857142857,130432.02857142857,15546.914285714285,318.0571428571429,149.34285714285716,22.885714285714286,17332522.800435446,35,39,5591.0,6.0,0.13900134952766532,0.5159996929667762,5.282051282051282,0.06759043599412062,0.0691436849911408
apache__hadoop__2020-06-10_23-15-51,Java,1322550861.0,1347952461.0,6178.206896551724,3342.6206896551726,207574.8275862069,24371.896551724138,459.6551724137931,209.86206896551724,51.93103448275862,25194055.114666536,29,40,14253.0,5.0,0.1891025641025641,0.6800156955013196,7.375,0.1069884917658247,0.07618595646521908
apache__hadoop__2020-06-10_23-15-51,Java,1347952461.0,1373354061.0,5087.243243243243,2641.135135135135,171212.35135135136,19722.45945945946,391.72972972972974,185.97297297297297,36.21621621621622,25105268.74212395,37,51,19883.0,4.0,0.1670588235294118,0.6556800918883544,8.352941176470589,0.17259392015996444,0.10917443839123897
apache__hadoop__2020-06-10_23-15-51,Java,1373354061.0,1398755661.0,4853.826086956522,2671.413043478261,168464.21739130435,20205.391304347828,395.80434782608694,175.7608695652174,35.06521739130435,31193401.3578978,46,62,24916.0,4.0,0.16446324695928083,0.6761544439975754,10.03225806451613,0.11611051223722169,0.14758861379238183
apache__hadoop__2020-06-10_23-15-51,Java,1398755661.0,1424157261.0,4488.174603174603,2659.3968253968255,155227.50793650793,19616.571428571428,363.25396825396825,161.53968253968253,29.746031746031747,34761890.678111166,63,85,30178.0,5.0,0.11792717086834734,0.6058175886364328,9.905882352941177,0.08070405120858726,0.11346994920967876
apache__hadoop__2020-06-10_23-15-51,Java,1424157261.0,1449558861.0,4597.421875,2584.0,158919.375,19352.53125,380.78125,165.71875,31.734375,30338845.504583374,64,94,41716.0,5.0,0.12948981926332645,0.6451511967821559,12.042553191489361,0.07650935915893375,0.13127921104908538
apache__hadoop__2020-06-10_23-15-51,Java,1449558861.0,1474960461.0,3962.5797101449275,2144.710144927536,133220.95652173914,15650.753623188406,295.0,132.69565217391303,24.391304347826086,22609260.551344134,69,113,37108.0,5.0,0.10572060682680151,0.621684173967882,11.84070796460177,0.09618842495207258,0.1747461233299568
apache__hadoop__2020-06-10_23-15-51,Java,1474960461.0,1500362061.0,3062.559523809524,1685.0119047619048,106528.94047619047,12292.72619047619,225.5,100.1547619047619,20.11904761904762,17259767.325572688,84,131,31581.0,5.0,0.07692307692307693,0.5715828933981515,10.0,0.09138338847700278,0.140912305142929
apache__hadoop__2020-06-10_23-15-51,Java,1500362061.0,1525763661.0,3238.21875,1813.2916666666667,112215.80208333333,13108.46875,240.21875,113.07291666666667,19.34375,19115519.256230284,96,153,36338.0,5.0,0.06282249742002063,0.49045256942500326,9.549019607843137,0.06962452728523616,0.16797621485502123
apache__hadoop__2020-06-10_23-15-51,Java,1525763661.0,1551165261.0,3084.680412371134,1668.5463917525774,106145.11340206186,12096.134020618556,206.3298969072165,102.70103092783505,18.938144329896907,15341833.78570733,97,173,47109.0,6.0,0.04473047452614599,0.4728580375201966,7.69364161849711,0.0867689489147625,0.1849804401148243
apache__hadoop__2020-06-10_23-15-51,Java,1551165261.0,1576566861.0,1623.3900709219859,891.7659574468086,56673.51773049645,6531.617021276596,111.70921985815603,51.858156028368796,11.127659574468085,7820422.11173972,141,226,30859.0,8.0,0.02808259587020649,0.324099301659896,6.31858407079646,0.08062047550093931,0.2061548058604251
apache__ignite__2020-06-13_00-06-19,Java,1402407229.0,1427808829.0,21009.24,7697.16,551087.48,62124.2,1572.08,664.28,192.64,181706236.82462302,25,27,76485.0,3.0,0.4757834757834758,0.8198077527002462,12.37037037037037,0.45123303323664155,0.1778417281570372
apache__ignite__2020-06-13_00-06-19,Java,1427808829.0,1453210429.0,6723.452380952381,2777.1190476190477,205130.54761904763,21260.785714285714,524.8095238095239,237.76190476190476,62.19047619047619,43557794.22742846,42,49,28078.0,4.0,0.15136054421768708,0.6126004611893457,7.26530612244898,0.1537143868571874,0.16328371395099367
apache__ignite__2020-06-13_00-06-19,Java,1453210429.0,1478612029.0,4956.709090909091,2134.9636363636364,157094.8909090909,16538.436363636363,407.25454545454545,175.0,35.25454545454546,33121599.260910243,55,70,24301.0,4.0,0.10124223602484472,0.5624730819521316,6.985714285714286,0.1613816874395141,0.10295141354128992
apache__ignite__2020-06-13_00-06-19,Java,1478612029.0,1504013629.0,4277.6,1877.0,134146.26666666666,14446.893333333333,352.41333333333336,157.52,32.346666666666664,28150132.888095997,75,105,33601.0,5.0,0.08708791208791208,0.5887383931245449,9.057142857142857,0.08548770265532224,0.12403674476157404
apache__ignite__2020-06-13_00-06-19,Java,1504013629.0,1529415229.0,1994.9357798165138,908.0917431192661,65668.0,7135.275229357798,149.5321100917431,73.56880733944953,11.678899082568808,9063100.123890884,109,144,16535.0,8.0,0.0489996114996115,0.4022781639409889,7.006944444444445,0.008007226004375978,0.14212015421690793
apache__ignite__2020-06-13_00-06-19,Java,1529415229.0,1554816829.0,2296.7109375,998.609375,77201.6171875,7941.734375,167.46875,77.4609375,11.9296875,11907139.923574783,128,184,32836.0,6.0,0.052120456165359944,0.4926127854887705,9.53804347826087,0.06298004706296045,0.12308423156114714
apache__ignite__2020-06-13_00-06-19,Java,1554816829.0,1580218429.0,1450.6582278481012,638.6708860759494,47810.0253164557,5139.911392405063,95.68354430379746,48.53164556962025,6.10126582278481,6952635.805676041,79,150,12646.0,5.0,0.04308724832214765,0.43257524464102876,6.42,0.09459465281635782,0.16977603875194633
arduino-libraries__Ethernet__2020-06-13_10-22-19,C++,1305294708.0,1330696308.0,273.0,114.0,6889.75,706.75,25.75,7.5,7.5,274346.9949707681,4,4,56.0,3.0,0.4166666666666667,0.0,1.25,1.9999999989472883e-06,0.07279020779706608
arduino-libraries__Ethernet__2020-06-13_10-22-19,C++,1330696308.0,1356097908.0,137.0,48.0,3767.8,279.4,8.8,2.0,3.0,80991.03213289204,5,7,15.0,2.0,0.09523809523809523,0.0,0.5714285714285714,1.9999999997244444e-06,0.24441193344807802
arduino-libraries__Ethernet__2020-06-13_10-22-19,C++,1356097908.0,1381499508.0,21.25,8.25,539.0,68.75,2.5,0.75,2.5,58462.7753013279,4,6,9.0,1.0,0.1,0.0,0.5,2.0000000000575113e-06,0.19907407407407407
arduino-libraries__Ethernet__2020-06-13_10-22-19,C++,1381499508.0,1406901108.0,108.375,113.625,1904.625,728.0,20.375,7.125,2.0,464305.0745975431,8,10,23.0,1.0,0.044444444444444446,0.0,0.4,2.0000000012787567e-06,0.0630258106673201
arduino-libraries__Ethernet__2020-06-13_10-22-19,C++,1406901108.0,1432302708.0,60.0,14.25,952.75,84.875,2.0,1.25,2.125,127710.53341387653,8,13,171.0,2.0,0.05128205128205129,0.0,0.6153846153846154,2.0000000000575113e-06,0.2342706013363029
arduino-libraries__Ethernet__2020-06-13_10-22-19,C++,1432302708.0,1457704308.0,35.9,7.8,772.0,34.6,1.3,0.4,2.0,16215.188357503986,10,13,29.0,2.0,0.07051282051282051,0.22820512820512823,0.8461538461538461,0.0744343890128879,0.18456933674737822
arduino-libraries__Ethernet__2020-06-13_10-22-19,C++,1508507508.0,1533909108.0,136.0,58.5,4200.5,327.0,17.5,0.5,7.0,95931.06468475694,2,5,48.0,1.0,0.2,0.0,0.8,2.0000000000575113e-06,0.08955223880597014
Automattic__jetpack__2020-06-11_01-31-57,PHP,1301403575.0,1326805175.0,150.0,65.5,5091.0,478.5,20.5,3.0,9.5,1547461.6311965608,2,2,0.0,0.0,0.0,,0.0,,0.0
Automattic__jetpack__2020-06-11_01-31-57,PHP,1326805175.0,1352206775.0,394.3333333333333,202.20833333333334,13203.0,1353.875,39.833333333333336,17.75,16.0,3371049.5997048304,24,25,425.0,5.0,0.10333333333333333,0.4767792207792207,2.48,0.27178549912141314,0.09811021278637239
Automattic__jetpack__2020-06-11_01-31-57,PHP,1352206775.0,1377608375.0,526.4074074074074,208.40740740740742,15909.962962962964,1367.7407407407406,45.48148148148148,21.11111111111111,25.962962962962962,2855185.906204269,27,31,1065.0,4.0,0.1043010752688172,0.4449314126733482,3.129032258064516,0.31350811513811727,0.0742037908087792
Automattic__jetpack__2020-06-11_01-31-57,PHP,1377608375.0,1403009975.0,325.247311827957,153.3548387096774,9842.967741935483,896.8064516129032,31.86021505376344,16.118279569892472,16.0,2271666.5739098922,93,96,3952.0,5.0,0.03125,0.41604548564467586,2.96875,0.1687676177131313,0.2690233525566733
Automattic__jetpack__2020-06-11_01-31-57,PHP,1403009975.0,1428411575.0,379.2,186.41538461538462,11718.915384615384,1137.376923076923,41.42307692307692,25.861538461538462,17.03076923076923,4089464.229265201,130,145,5176.0,7.0,0.023754789272030653,0.34927675627524457,3.420689655172414,0.2196328536074621,0.25578474628719244
Automattic__jetpack__2020-06-11_01-31-57,PHP,1428411575.0,1453813175.0,307.68503937007875,132.33070866141733,9218.36220472441,733.9527559055118,32.503937007874015,20.669291338582678,15.259842519685039,3201693.6308825645,127,172,5646.0,7.0,0.02022983816129471,0.31561191368505315,3.4593023255813953,0.24290128985225823,0.2704252597160501
Automattic__jetpack__2020-06-11_01-31-57,PHP,1453813175.0,1479214775.0,665.6929824561404,330.99122807017545,19483.40350877193,2001.8947368421052,80.33333333333333,53.25438596491228,25.87719298245614,3862258.8604710717,114,162,12498.0,7.0,0.025343148531554328,0.3638263986583493,4.080246913580247,0.09293155553993071,0.3166903028817836
Automattic__jetpack__2020-06-11_01-31-57,PHP,1479214775.0,1504616375.0,381.7787610619469,186.9646017699115,11697.725663716814,1116.9203539823009,49.008849557522126,32.13274336283186,14.964601769911505,1321458.7738621973,113,160,5852.0,6.0,0.0214622641509434,0.37657842180635404,3.4125,0.22163390060053945,0.32433480822591015
Automattic__jetpack__2020-06-11_01-31-57,PHP,1504616375.0,1530017975.0,226.42105263157896,120.95614035087719,7085.2807017543855,673.9298245614035,30.87719298245614,20.035087719298247,7.105263157894737,921191.6035516477,114,176,3577.0,7.0,0.015162337662337662,0.2557466625731777,2.653409090909091,0.12484623079047275,0.32991548972283874
Automattic__jetpack__2020-06-11_01-31-57,PHP,1530017975.0,1555419575.0,283.10091743119267,137.39449541284404,7705.5504587155965,722.6880733944954,32.20183486238532,21.128440366972477,7.3119266055045875,1141862.1391591989,109,196,6596.0,6.0,0.015122972265829409,0.33909999809958286,2.9489795918367347,0.2343123628628696,0.2938341909378033
Automattic__jetpack__2020-06-11_01-31-57,PHP,1555419575.0,1580821175.0,420.2631578947368,167.40350877192984,11854.078947368422,926.1228070175439,33.48245614035088,19.82456140350877,8.31578947368421,1483046.3099722243,114,201,8035.0,6.0,0.017039800995024876,0.3232644872504851,3.4079601990049753,0.10443224940184015,0.2291143651554728
aws__aws-lambda-go__2020-06-13_10-42-59,Go,1532627025.0,1558028625.0,41.42857142857143,27.80952380952381,1103.904761904762,161.47619047619048,4.238095238095238,1.7142857142857142,1.1428571428571428,24658.80893367334,21,35,60.0,2.0,0.023529411764705882,0.13197278911564625,0.8,0.04057767813274238,0.163353764576105
aws__aws-lambda-go__2020-06-13_10-42-59,Go,1558028625.0,1583430225.0,37.44,23.92,1074.0,142.08,2.92,1.36,1.44,20370.10912962822,25,42,87.0,3.0,0.017421602787456445,0.05234315948601663,0.7142857142857143,0.03822090925583077,0.2639133063832669
Azure__azure-sdk-for-node__2020-06-13_10-23-37,JavaScript,1340685641.0,1366087241.0,3302.133333333333,1576.8,131889.86666666667,12272.8,381.8666666666667,268.4,32.266666666666666,5669236.142787033,15,19,3275.0,3.0,0.0935672514619883,0.2825910931174089,1.6842105263157894,0.06277657308473605,0.32727424505723485
Azure__azure-sdk-for-node__2020-06-13_10-23-37,JavaScript,1366087241.0,1391488841.0,6479.055555555556,2236.8333333333335,302809.6111111111,15292.111111111111,502.05555555555554,183.83333333333334,22.72222222222222,15550483.606036792,18,26,9525.0,3.0,0.08923076923076924,0.4779797125950972,2.230769230769231,0.26450078694956236,0.3740087764325943
Azure__azure-sdk-for-node__2020-06-13_10-23-37,JavaScript,1391488841.0,1416890441.0,6722.571428571428,2996.214285714286,303134.21428571426,22112.35714285714,798.6428571428571,121.42857142857143,13.142857142857142,46599711.06398649,14,20,12405.0,5.0,0.09210526315789473,0.4359090909090909,1.75,0.04582612693635779,0.17498246331366854
Azure__azure-sdk-for-node__2020-06-13_10-23-37,JavaScript,1416890441.0,1442292041.0,5542.130434782609,2789.2608695652175,246463.39130434784,20195.91304347826,1014.9130434782609,81.65217391304348,4.521739130434782,47085596.354569726,23,29,14956.0,5.0,0.07019704433497537,0.3449345673483605,1.9655172413793103,0.00726908108116342,0.19101296745371182
Azure__azure-sdk-for-node__2020-06-13_10-23-37,JavaScript,1442292041.0,1467693641.0,4864.0,2562.970588235294,247737.70588235295,15758.382352941177,601.6470588235294,113.88235294117646,5.264705882352941,27624647.554183602,34,46,6924.0,7.0,0.024154589371980676,0.1529503105590062,1.0869565217391304,0.0041032093808067716,0.19601411938296887
Azure__azure-sdk-for-node__2020-06-13_10-23-37,JavaScript,1467693641.0,1493095241.0,5090.048780487805,2784.317073170732,240739.43902439025,19555.878048780487,843.1951219512196,91.97560975609755,5.829268292682927,53250034.300133415,41,63,26103.0,4.0,0.02636968766001024,0.26142605190224233,1.6349206349206349,0.0021117025316457205,0.2654370274611942
Azure__azure-sdk-for-node__2020-06-13_10-23-37,JavaScript,1493095241.0,1518496841.0,9273.857142857143,4685.642857142857,395899.39285714284,24556.035714285714,865.5714285714286,219.07142857142858,7.785714285714286,25711413.25394288,28,50,12971.0,4.0,0.02897959183673469,0.26691168091168094,1.42,0.006504406032262433,0.15229522654779773
Azure__azure-sdk-for-node__2020-06-13_10-23-37,JavaScript,1518496841.0,1543898441.0,61032.58823529412,30066.647058823528,2194175.529411765,183607.4705882353,8070.176470588235,1471.235294117647,42.76470588235294,295918322.85237193,17,50,20668.0,4.0,0.03387755102040816,0.49711815782783525,1.66,0.03135460795644862,0.19857659462945332
Azure__azure-sdk-for-node__2020-06-13_10-23-37,JavaScript,1543898441.0,1569300041.0,15149.727272727272,5339.0,511128.63636363635,32310.909090909092,1376.7272727272727,273.3636363636364,11.454545454545455,58622976.861016795,11,38,15702.0,4.0,0.032716927453769556,0.1293694763223849,1.2105263157894737,0.07124564952199486,0.26005887110970727
Azure__sonic-buildimage__2020-06-14_00-16-59,C,1462635803.0,1488037403.0,176.8,104.7,6701.4,770.6,24.6,5.0,5.5,193830.81087381297,10,10,80.0,4.0,0.2222222222222222,0.508095238095238,2.0,0.12492354903702296,0.10142228752845851
Azure__sonic-buildimage__2020-06-14_00-16-59,C,1488037403.0,1513439003.0,597.5925925925926,412.44444444444446,17411.555555555555,2679.3703703703704,68.18518518518519,22.14814814814815,4.296296296296297,2093285.208146879,27,28,920.0,4.0,0.06878306878306878,0.28942743764172335,1.8571428571428572,0.12182349548400295,0.13287747779825684
Azure__sonic-buildimage__2020-06-14_00-16-59,C,1513439003.0,1538840603.0,1104.625,624.9583333333334,27658.9375,3803.3333333333335,89.8125,28.416666666666668,3.25,7785792.992454628,48,51,6398.0,8.0,0.035686274509803925,0.38334840540722886,1.7843137254901962,0.0027425790498997182,0.14031983369094236
Azure__sonic-buildimage__2020-06-14_00-16-59,C,1538840603.0,1564242203.0,1226.6530612244899,832.9591836734694,37274.142857142855,5185.367346938776,147.87755102040816,40.55102040816327,3.857142857142857,6685555.873651613,49,59,1930.0,8.0,0.03302162478082992,0.21573210217278016,1.9152542372881356,0.038567167626277765,0.1779260715494052
Azure__sonic-buildimage__2020-06-14_00-16-59,C,1564242203.0,1589643803.0,1337.142857142857,881.4142857142857,41486.1,5425.271428571428,161.52857142857144,44.22857142857143,3.6142857142857143,9727806.668093719,70,90,3412.0,10.0,0.019725343320848937,0.29525371104834464,1.7555555555555555,0.004269611061618606,0.12880027285401288
baukh789__GridManager-Vue__2020-06-10_11-21-50,JavaScript,1536962801.0,1562364401.0,235.5,72.5,7230.5,393.0,11.0,7.5,12.0,91305.81635629188,2,2,2.0,1.0,1.0,,1.0,2.0000000000575113e-06,0.5010638297872341
blinkmobile__oneblink-sdk-js__2020-06-13_10-39-33,JavaScript,1541038581.0,1566440181.0,537.2,289.8,14565.0,1287.2,29.8,16.4,7.6,566224.003326643,5,5,244.0,3.0,0.5,0.8,2.0,0.05540242806582374,0.12541584614168652
blinkmobile__oneblink-sdk-js__2020-06-13_10-39-33,JavaScript,1566440181.0,1591841781.0,698.0,273.8333333333333,14963.0,1089.5,17.0,11.5,8.333333333333334,1203986.3494123318,6,6,838.0,2.0,0.6,0.8388888888888889,3.0,0.12240817214797828,0.14576886997378363
braintree__android-card-form__2020-06-13_17-36-19,Java,1433909830.0,1459311430.0,345.5,307.5,11024.0,2085.0,52.0,28.5,14.0,1383729.224598267,2,2,2.0,1.0,0.5,,0.5,2.0000000000575113e-06,0.0010319917440660474
braintree__android-card-form__2020-06-13_17-36-19,Java,1459311430.0,1484713030.0,804.0,483.75,28023.5,3808.5,80.75,56.5,27.75,22263951.307352167,4,5,23.0,2.0,0.25,0.0,1.0,1.9999999998354667e-06,0.05179278331016148
braintree__android-card-form__2020-06-13_17-36-19,Java,1484713030.0,1510114630.0,43.75,9.75,1108.25,110.0,2.0,1.0,8.75,441018.99937514233,4,6,17.0,2.0,0.23333333333333334,0.0,1.1666666666666667,2.0000000001685336e-06,0.5220588235294118
braintree__android-card-form__2020-06-13_17-36-19,Java,1510114630.0,1535516230.0,163.5,104.5,4822.5,702.0,23.0,11.5,6.5,404053.44748420385,2,2,9.0,1.0,1.0,,1.0,2.0000000000575113e-06,0.02667004048582996
braintree__android-card-form__2020-06-13_17-36-19,Java,1535516230.0,1560917830.0,147.0,86.75,4717.75,615.0,11.5,9.0,5.25,3750905.335263717,4,7,53.0,2.0,0.19047619047619047,0.19047619047619047,1.1428571428571428,0.0525056590787909,0.09266862798168024
braintree__android-card-form__2020-06-13_17-36-19,Java,1560917830.0,1586319430.0,15.5,2.0,389.5,23.0,0.5,0.5,2.0,535705.7509400039,2,3,11.0,1.0,0.16666666666666666,0.0,0.3333333333333333,2.0000000000575113e-06,0.25
camicroscope__caMicroscope__2020-06-12_23-42-03,JavaScript,1361990923.0,1387392523.0,794.1666666666666,496.8333333333333,48372.0,10403.5,298.3333333333333,114.33333333333333,5.166666666666667,15391575.784058074,6,7,266.0,2.0,0.2619047619047619,0.5714285714285714,1.5714285714285714,0.21551522348090657,0.08045893162167339
camicroscope__caMicroscope__2020-06-12_23-42-03,JavaScript,1387392523.0,1412794123.0,1556.5,861.0,55658.0,7223.5,166.0,65.0,21.0,4561383.710994613,2,4,452.0,1.0,0.4166666666666667,0.8333333333333333,1.25,0.10568160696397955,0.13811787224093186
camicroscope__caMicroscope__2020-06-12_23-42-03,JavaScript,1412794123.0,1438195723.0,1455.0,784.0,41313.5,5830.0,147.5,70.5,10.5,4457843.572712682,2,3,28.0,1.0,0.6666666666666666,1.0,1.3333333333333333,0.04998348463811508,0.011931053232123824
camicroscope__caMicroscope__2020-06-12_23-42-03,JavaScript,1488998923.0,1514400523.0,3188.4285714285716,926.7142857142857,95997.14285714286,8259.857142857143,228.42857142857142,93.71428571428571,29.142857142857142,6086024.111637056,7,8,1544.0,3.0,0.3392857142857143,0.6041666666666666,2.375,0.06430137071474906,0.04234203882359278
camicroscope__caMicroscope__2020-06-12_23-42-03,JavaScript,1514400523.0,1539802123.0,5429.714285714285,2717.1428571428573,172749.42857142858,26730.285714285714,884.1428571428571,353.14285714285717,57.142857142857146,14884178.404640254,7,11,984.0,3.0,0.21818181818181817,0.4980519480519481,2.1818181818181817,0.11910471347366003,0.20646500747473273
camicroscope__caMicroscope__2020-06-12_23-42-03,JavaScript,1539802123.0,1565203723.0,4432.428571428572,2160.1428571428573,150064.2857142857,22235.14285714286,645.0,274.14285714285717,80.14285714285714,31558255.57409058,7,7,2148.0,3.0,0.4285714285714286,0.6714285714285715,2.5714285714285716,0.0783890213318883,0.09770932396083894
camicroscope__caMicroscope__2020-06-12_23-42-03,JavaScript,1565203723.0,1590605323.0,1044.1363636363637,455.27272727272725,30411.590909090908,3618.818181818182,91.5909090909091,38.63636363636363,8.5,3347031.1999323606,22,24,2639.0,4.0,0.16847826086956522,0.6580255392755392,3.875,0.1287739751839163,0.2957178695430702
carbonfive__socrates__2020-06-10_13-14-53,Ruby,1527138366.0,1552539966.0,25.333333333333332,14.0,538.3333333333334,51.0,1.6666666666666667,1.0,5.0,4408.259766904447,3,3,4.0,2.0,0.5,0.0,1.0,2.0000000000575113e-06,0.11857142857142856
carbonfive__socrates__2020-06-10_13-14-53,Ruby,1552539966.0,1577941566.0,6.0,0.5,50.25,4.75,0.0,0.0,6.0,1658.4695771794368,4,4,5.0,2.0,0.25,0.0,0.75,1.9999999993913775e-06,0.13257575757575757
chef__cookstyle__2020-06-13_15-34-11,Ruby,1464858177.0,1490259777.0,8.0,4.0,676.5,25.5,0.0,0.0,1.5,1762.515266528284,2,2,2.0,1.0,0.5,,0.5,2.0000000000575113e-06,0.07692307692307693
chef__cookstyle__2020-06-13_15-34-11,Ruby,1490259777.0,1515661377.0,6.5,3.0,392.5,8.0,0.5,0.5,1.5,3.2741809263825417e-11,2,2,8.0,1.0,0.5,,0.5,2.0000000000575113e-06,0.4444444444444444
chef__cookstyle__2020-06-13_15-34-11,Ruby,1541062977.0,1566464577.0,1454.3333333333333,642.3333333333334,43293.333333333336,3240.3333333333335,85.66666666666667,59.0,35.0,65322.26201298158,3,4,24.0,2.0,0.3333333333333333,0.0,1.0,2.0000000000575113e-06,0.005523109092220059
chef__cookstyle__2020-06-13_15-34-11,Ruby,1566464577.0,1591866177.0,3271.0,2121.8333333333335,109236.83333333333,16503.833333333332,245.0,134.5,68.0,469506.8435178004,6,6,91.0,2.0,0.2,0.0,1.0,2.0000000001685336e-06,0.17242686898478216
chinedufn__percy__2020-06-11_01-55-48,Rust,1540402025.0,1565803625.0,791.0909090909091,346.3636363636364,22242.636363636364,2259.090909090909,44.36363636363637,27.545454545454547,17.272727272727273,1425697.8274836629,11,13,509.0,2.0,0.16666666666666666,0.6222111222111223,2.0,0.06960804693442935,0.2751320354760542
chinedufn__percy__2020-06-11_01-55-48,Rust,1565803625.0,1591205225.0,323.0,167.0,8769.5,837.5,14.5,6.5,7.0,766565.9515059802,2,2,20.0,1.0,1.0,,1.0,2.0000000000575113e-06,0.043107100491442125
cloudbase__coriolis__2020-06-13_09-28-52,Python,1463702827.0,1489104427.0,1222.0,537.3333333333334,40677.666666666664,3338.0,78.33333333333333,35.333333333333336,29.666666666666668,5780771.593248177,3,3,68.0,1.0,0.3333333333333333,0.0,0.6666666666666666,2.0000000000575113e-06,0.015010503324378813
cloudbase__coriolis__2020-06-13_09-28-52,Python,1489104427.0,1514506027.0,684.6,332.2,22634.2,2270.0,67.8,35.4,17.6,2728624.127849388,5,5,226.0,2.0,0.45,0.7,1.8,0.20183374065870374,0.09550332782076346
cloudbase__coriolis__2020-06-13_09-28-52,Python,1514506027.0,1539907627.0,351.0,197.0,13695.0,1112.25,27.5,11.75,9.0,1455226.6351408884,4,6,125.0,2.0,0.2,0.36111111111111116,1.0,0.019130104813609217,0.06356395845306163
cloudbase__coriolis__2020-06-13_09-28-52,Python,1539907627.0,1565309227.0,1195.25,733.75,42304.75,4091.25,116.25,48.0,22.0,6730662.962691906,4,5,427.0,2.0,0.5,0.7666666666666666,2.0,0.38213901434020103,0.1794663200748926
cloudbase__coriolis__2020-06-13_09-28-52,Python,1565309227.0,1590710827.0,1022.8,504.6,38009.2,2655.6,68.0,21.4,22.4,7586457.995673126,5,8,619.0,2.0,0.32142857142857145,0.75,2.25,0.45335921079659924,0.22596224387906255
cloudfoundry__cf-deployment__2020-06-13_23-31-34,Go,1445593143.0,1470994743.0,117.8,62.4,3134.0,328.2,4.4,4.4,2.6,396990.99173747766,5,6,49.0,2.0,0.3,0.38888888888888884,1.5,0.33014420216746576,0.05601447247016868
cloudfoundry__cf-deployment__2020-06-13_23-31-34,Go,1470994743.0,1496396343.0,52.5,42.0,1156.5,195.0,6.75,2.75,2.0,7243.25880159117,4,4,16.0,1.0,0.16666666666666666,0.0,0.5,2.0000000000575113e-06,0.37254901960784315
cloudfoundry__cf-deployment__2020-06-13_23-31-34,Go,1496396343.0,1521797943.0,17.846153846153847,13.846153846153847,970.1538461538462,79.57692307692308,1.4615384615384615,0.6153846153846154,2.423076923076923,2434.5034236297165,26,26,36.0,4.0,0.023076923076923075,0.0,0.5769230769230769,1.9999999971709315e-06,0.22420460645098325
cloudfoundry__cf-deployment__2020-06-13_23-31-34,Go,1521797943.0,1547199543.0,56.10204081632653,34.795918367346935,2452.7551020408164,199.3265306122449,3.5306122448979593,0.9183673469387755,3.3877551020408165,21843.45417972986,49,61,606.0,4.0,0.030874316939890713,0.20631016765298346,1.8524590163934427,0.26937132765825356,0.21971287431846248
cloudfoundry__cf-deployment__2020-06-13_23-31-34,Go,1547199543.0,1572601143.0,42.92307692307692,35.0,1904.0384615384614,236.15384615384616,2.3846153846153846,0.5384615384615384,2.8076923076923075,31443.55307896318,26,30,398.0,6.0,0.05172413793103448,0.32185185185185183,1.5,0.09356846317273826,0.21254902414471488
codeigniter4__translations__2020-06-13_17-36-31,PHP,1538514075.0,1563915675.0,415.11764705882354,159.94117647058823,15516.588235294117,589.8823529411765,135.41176470588235,135.41176470588235,3.176470588235294,2354.0444678280205,17,19,192.0,2.0,0.043859649122807015,0.1064327485380117,0.7894736842105263,0.008398042687796314,0.2837546085627927
codeigniter4__translations__2020-06-13_17-36-31,PHP,1563915675.0,1589317275.0,348.2083333333333,118.95833333333333,12570.833333333334,454.3333333333333,96.08333333333333,95.41666666666667,3.7916666666666665,16121.92711881142,24,36,628.0,5.0,0.04047619047619048,0.44501299545159195,1.4166666666666667,0.027685093912246383,0.4019122141546868
comicrelief__giftaid-react__2020-06-12_04-26-38,JavaScript,1544015729.0,1569417329.0,838.4,410.6,26344.0,2486.8,63.6,40.8,28.2,1025139.0579397905,5,9,514.0,2.0,0.3055555555555556,0.628042328042328,2.4444444444444446,0.2928881335780087,0.20733757541082665
contentful__contentful.js__2020-06-13_23-30-16,JavaScript,1415818196.0,1441219796.0,237.75,50.25,19452.25,561.75,20.0,11.5,4.25,241689.88904655582,4,5,183.0,2.0,0.35,0.6,1.4,0.2996562912357249,0.29014007341787573
contentful__contentful.js__2020-06-13_23-30-16,JavaScript,1441219796.0,1466621396.0,3693.6666666666665,2286.0,127593.0,18932.333333333332,679.0,278.3333333333333,36.666666666666664,7555466.839776747,3,4,375.0,2.0,0.4166666666666667,0.5833333333333333,1.25,0.006442567362594964,0.5227818597383814
contentful__contentful.js__2020-06-13_23-30-16,JavaScript,1466621396.0,1492022996.0,268.5,116.5,7100.5,750.0,10.5,6.0,13.0,332758.6299666976,2,3,214.0,1.0,0.3333333333333333,0.0,0.6666666666666666,2.0000000009456897e-06,0.6986940298507462
contentful__contentful.js__2020-06-13_23-30-16,JavaScript,1492022996.0,1517424596.0,356.0,122.33333333333333,8764.666666666666,798.0,22.0,14.666666666666666,9.333333333333334,333905.8257078885,3,5,434.0,3.0,0.3,0.3333333333333333,1.2,0.19203602049116597,0.5803410900498279
contentful__contentful.js__2020-06-13_23-30-16,JavaScript,1517424596.0,1542826196.0,198.0,120.33333333333333,6905.333333333333,917.6666666666666,11.0,9.333333333333334,4.666666666666667,312318.3809241293,3,4,72.0,2.0,0.6666666666666666,1.0,2.0,0.21929677440337392,0.14903152403152403
contentful__contentful.js__2020-06-13_23-30-16,JavaScript,1542826196.0,1568227796.0,31.0,14.0,1173.0,118.5,1.0,1.0,2.5,81938.53461324843,2,4,8.0,1.0,0.16666666666666666,0.0,0.5,2.000000000723645e-06,0.09090909090909091
CopterExpress__clever__2020-06-13_00-30-49,C++,1515637557.0,1541039157.0,1356.0,615.3333333333334,39269.0,4365.333333333333,108.0,29.666666666666668,86.33333333333333,1307864.1829599624,3,3,13.0,1.0,0.3333333333333333,0.0,0.6666666666666666,1.999999999946489e-06,0.08473657354254369
CopterExpress__clever__2020-06-13_00-30-49,C++,1541039157.0,1566440757.0,745.6,369.2,22377.2,3053.4,54.8,17.8,43.2,1470000.7698498773,5,6,234.0,2.0,0.3,0.5,1.5,0.12274847080593199,0.06428594383825488
CopterExpress__clever__2020-06-13_00-30-49,C++,1566440757.0,1591842357.0,321.5,183.0,9654.75,1526.5,33.75,7.0,20.25,1088228.7885890182,4,7,156.0,3.0,0.2142857142857143,0.20476190476190476,1.2857142857142858,0.13826166734189604,0.11968632279227244
cosmos__cosmos-sdk__2020-06-13_10-33-05,Go,1463980216.0,1489381816.0,1645.6,917.4,39330.6,5594.8,83.2,33.6,19.8,1059087.239456126,5,6,1438.0,3.0,0.5333333333333333,0.6666666666666666,2.6666666666666665,0.36782885644723595,0.2952963740880887
cosmos__cosmos-sdk__2020-06-13_10-33-05,Go,1489381816.0,1514783416.0,5648.111111111111,2968.222222222222,129889.88888888889,19231.444444444445,443.6666666666667,214.77777777777777,66.44444444444444,3760265.30031435,9,9,7287.0,2.0,0.4166666666666667,0.8150793650793651,3.3333333333333335,0.22893413508498095,0.17354796078864623
cosmos__cosmos-sdk__2020-06-13_10-33-05,Go,1514783416.0,1540185016.0,3030.553191489362,1455.9787234042553,79724.02127659574,11026.808510638299,202.95744680851064,95.08510638297872,37.97872340425532,4400962.357678637,47,47,22625.0,4.0,0.17622571692876968,0.6796940951485192,8.106382978723405,0.559200642406583,0.32120242509087316
cosmos__cosmos-sdk__2020-06-13_10-33-05,Go,1540185016.0,1565586616.0,1491.0754716981132,723.6981132075472,40703.264150943396,5527.301886792453,97.13207547169812,38.22641509433962,14.622641509433961,2558549.931353376,53,71,19982.0,4.0,0.09617706237424548,0.6689362222238162,6.732394366197183,0.462950571742197,0.31425770162841227
cosmos__cosmos-sdk__2020-06-13_10-33-05,Go,1565586616.0,1590988216.0,1183.0,679.609375,33569.125,5476.578125,90.03125,35.828125,8.640625,3697980.0339272534,64,97,8755.0,4.0,0.04284793814432989,0.496680017433752,4.11340206185567,0.13680114329532145,0.2079223147338586
czl0325__ZLCollectionView__2020-06-11_06-08-51,Objective-C,1562113642.0,1587515242.0,1322.6666666666667,749.3333333333334,44861.0,5212.666666666667,192.66666666666666,75.33333333333333,6.666666666666667,8319412.757328934,3,3,23.0,2.0,0.6666666666666666,0.0,1.3333333333333333,2.0000000000575113e-06,0.2079617432558609
danielcaldas__react-d3-graph__2020-06-12_04-27-22,JavaScript,1515001966.0,1540403566.0,525.3333333333334,236.11111111111111,252108.0,33076.11111111111,1452.888888888889,585.1111111111111,4.666666666666667,76654036.29818556,9,9,188.0,2.0,0.09722222222222222,0.0,0.7777777777777778,2.0000000001685336e-06,0.1654697529467327
danielcaldas__react-d3-graph__2020-06-12_04-27-22,JavaScript,1540403566.0,1565805166.0,889.75,347.0,40539.0,2535.5,180.0,55.5,4.0,2968487.126064225,4,10,181.0,2.0,0.12222222222222223,0.20277777777777778,1.1,0.008345886743302944,0.1289825029936369
danielcaldas__react-d3-graph__2020-06-12_04-27-22,JavaScript,1565805166.0,1591206766.0,344.2857142857143,98.14285714285714,498963.85714285716,1183.2857142857142,16.857142857142858,8.714285714285714,3.0,373704.979607629,7,9,144.0,3.0,0.16666666666666666,0.455026455026455,1.3333333333333333,0.036873563457041514,0.45914793516578234
danmarsden__moodle-plagiarism_urkund__2020-06-10_13-14-14,PHP,1311983491.0,1337385091.0,135.66666666666666,41.666666666666664,5093.0,290.3333333333333,8.666666666666666,4.666666666666667,5.333333333333333,196904.02290393366,3,3,24.0,2.0,0.3333333333333333,0.0,0.6666666666666666,1.9999999992803552e-06,0.263801537386443
danmarsden__moodle-plagiarism_urkund__2020-06-10_13-14-14,PHP,1337385091.0,1362786691.0,170.5,102.5,7004.5,776.0,19.5,12.5,6.5,1557141.0678141657,2,4,41.0,2.0,0.3333333333333333,0.0,1.0,1.9999999998354667e-06,0.08258587786259543
danmarsden__moodle-plagiarism_urkund__2020-06-10_13-14-14,PHP,1362786691.0,1388188291.0,187.5,29.0,4546.0,278.0,7.0,5.0,4.5,780535.3674911242,2,4,22.0,1.0,0.3333333333333333,0.5833333333333333,1.0,0.07793846240710589,0.42387267904509285
danmarsden__moodle-plagiarism_urkund__2020-06-10_13-14-14,PHP,1388188291.0,1413589891.0,187.0,77.0,6717.333333333333,443.3333333333333,11.666666666666666,9.333333333333334,4.0,361406.3584261325,3,6,34.0,2.0,0.26666666666666666,0.4777777777777778,1.3333333333333333,0.17911086233146634,0.2171576899639057
danmarsden__moodle-plagiarism_urkund__2020-06-10_13-14-14,PHP,1413589891.0,1438991491.0,39.333333333333336,22.333333333333332,1926.0,160.0,3.3333333333333335,0.0,5.333333333333333,344848.5459352499,3,4,10.0,2.0,0.25,0.0,0.75,2.0000000000575113e-06,0.4531746031746032
danmarsden__moodle-plagiarism_urkund__2020-06-10_13-14-14,PHP,1438991491.0,1464393091.0,690.6666666666666,302.6666666666667,31040.333333333332,1933.6666666666667,67.33333333333333,41.0,25.333333333333332,4693893.820670496,3,7,102.0,3.0,0.16666666666666666,0.2952380952380952,1.0,0.009652045551433508,0.3637066650095629
danmarsden__moodle-plagiarism_urkund__2020-06-10_13-14-14,PHP,1464393091.0,1489794691.0,59.0,30.5,2269.5,244.5,7.0,4.0,6.0,456260.41344519495,2,2,2.0,1.0,0.5,,0.5,2.0000000000575113e-06,0.3333333333333333
danmarsden__moodle-plagiarism_urkund__2020-06-10_13-14-14,PHP,1489794691.0,1515196291.0,328.0,97.0,13092.5,760.0,24.5,16.5,9.0,854721.5336268096,2,3,61.0,2.0,0.5,0.0,1.0,2.0000000000575113e-06,0.15176122859406424
danmarsden__moodle-plagiarism_urkund__2020-06-10_13-14-14,PHP,1515196291.0,1540597891.0,88.33333333333333,42.0,3605.6666666666665,304.0,10.666666666666666,8.0,5.333333333333333,782735.9382926879,3,5,29.0,2.0,0.25,0.0,1.0,1.9999999995024e-06,0.25367096194186395
danmarsden__moodle-plagiarism_urkund__2020-06-10_13-14-14,PHP,1565999491.0,1591401091.0,467.0,230.0,19068.0,1717.0,47.5,29.0,15.0,4425382.9011646,2,6,46.0,2.0,0.23333333333333334,0.35000000000000003,1.1666666666666667,0.04082025270455403,0.0664021164021164
darktable-org__lua-scripts__2020-06-11_00-34-28,Lua,1434570162.0,1459971762.0,181.54545454545453,89.0909090909091,5242.272727272727,514.7272727272727,16.181818181818183,4.818181818181818,6.636363636363637,119960.11142465216,11,12,69.0,2.0,0.05303030303030303,0.0,0.5833333333333334,2.000000000612623e-06,0.2373365884102513
darktable-org__lua-scripts__2020-06-11_00-34-28,Lua,1459971762.0,1485373362.0,253.42857142857142,104.28571428571429,6416.571428571428,632.0,16.428571428571427,6.428571428571429,8.428571428571429,306828.60317631374,7,12,69.0,3.0,0.12878787878787878,0.36904761904761907,1.4166666666666667,0.1654559586981773,0.1742536807512064
darktable-org__lua-scripts__2020-06-11_00-34-28,Lua,1485373362.0,1510774962.0,134.77777777777777,66.11111111111111,3717.6666666666665,410.77777777777777,9.11111111111111,3.111111111111111,6.666666666666667,179011.64694156192,9,11,63.0,2.0,0.07272727272727272,0.12727272727272726,0.7272727272727273,0.050447306335118736,0.18528163580246915
darktable-org__lua-scripts__2020-06-11_00-34-28,Lua,1510774962.0,1536176562.0,209.1818181818182,101.63636363636364,6585.363636363636,618.9090909090909,17.0,4.181818181818182,5.545454545454546,356651.58737554285,11,14,154.0,4.0,0.08241758241758242,0.1476190476190476,1.0714285714285714,0.06639654679580609,0.25288507759419543
darktable-org__lua-scripts__2020-06-11_00-34-28,Lua,1536176562.0,1561578162.0,799.1666666666666,291.6666666666667,19314.166666666668,1746.0,35.166666666666664,13.833333333333334,11.0,1661340.5422625851,6,15,210.0,3.0,0.08095238095238096,0.13434343434343435,1.1333333333333333,0.07195756689037469,0.1052919100532653
darktable-org__lua-scripts__2020-06-11_00-34-28,Lua,1561578162.0,1586979762.0,649.125,212.0,19752.625,1618.0,34.625,9.625,4.875,1064445.1923036238,8,13,406.0,2.0,0.08333333333333333,0.18162393162393162,1.0,0.026863555991170518,0.1800410855126844
dask__dask__2020-06-11_06-23-16,Python,1434949451.0,1460351051.0,1166.2857142857142,492.89285714285717,36077.0,5334.25,109.71428571428571,41.75,38.5,48209279.451723985,28,32,3714.0,4.0,0.09778225806451613,0.6247116790373369,3.03125,0.15953406548206295,0.23028170892999963
dask__dask__2020-06-11_06-23-16,Python,1460351051.0,1485752651.0,558.4883720930233,232.11627906976744,16109.255813953489,2282.7441860465115,51.25581395348837,19.86046511627907,10.511627906976743,25928907.473955475,43,63,4239.0,4.0,0.04505888376856119,0.560748952520472,2.7936507936507935,0.15262567833009322,0.16447276370402958
dask__dask__2020-06-11_06-23-16,Python,1485752651.0,1511154251.0,314.7,160.24,9639.76,1518.14,34.08,11.52,7.32,19862592.574332777,50,76,2216.0,5.0,0.02894736842105263,0.428018244453569,2.1710526315789473,0.2175051358839949,0.28132709788589805
dask__dask__2020-06-11_06-23-16,Python,1511154251.0,1536555851.0,223.58461538461538,104.47692307692307,6865.092307692307,1005.3230769230769,19.876923076923077,7.492307692307692,4.938461538461539,11993151.841301173,65,100,1709.0,5.0,0.02090909090909091,0.3741746561483597,2.07,0.24542684557705952,0.19983630841287436
dask__dask__2020-06-11_06-23-16,Python,1536555851.0,1561957451.0,155.20454545454547,74.2840909090909,5059.272727272727,704.0113636363636,16.852272727272727,5.7272727272727275,3.8068181818181817,9869362.741975682,88,138,1827.0,7.0,0.01317042208822596,0.29240208580744104,1.8043478260869565,0.2305012032387097,0.16902229521899856
dask__dask__2020-06-11_06-23-16,Python,1561957451.0,1587359051.0,122.0,62.358695652173914,3653.1304347826085,506.82608695652175,11.25,4.054347826086956,3.119565217391304,9122396.463412048,92,141,1239.0,6.0,0.011144883485309018,0.20924138015004343,1.5602836879432624,0.2283590657113439,0.13647815389620677
DBCDK__opencat-business__2020-06-13_12-04-37,JavaScript,1436212359.0,1461613959.0,4447.333333333333,2671.6666666666665,173237.33333333334,16918.0,196.33333333333334,101.66666666666667,40.333333333333336,6709161.65046389,3,4,299.0,2.0,0.6666666666666666,0.8333333333333333,2.0,0.04226241125994834,0.02419125948940549
DBCDK__opencat-business__2020-06-13_12-04-37,JavaScript,1461613959.0,1487015559.0,2993.4,1530.0,94428.0,9031.2,92.6,49.8,37.6,3676172.2221775455,5,6,4700.0,2.0,0.6666666666666667,0.9333333333333335,3.3333333333333335,0.2603673131217261,0.2662330288273773
DBCDK__opencat-business__2020-06-13_12-04-37,JavaScript,1487015559.0,1512417159.0,1283.0,876.0,42593.666666666664,5474.666666666667,28.666666666666668,15.666666666666666,14.666666666666666,2115867.788213691,3,5,497.0,2.0,0.55,0.9,2.2,0.2796374463018212,0.1494235321596751
DBCDK__opencat-business__2020-06-13_12-04-37,JavaScript,1512417159.0,1537818759.0,493.0,345.6666666666667,20022.333333333332,2637.6666666666665,33.333333333333336,18.333333333333332,7.0,812676.0594105651,3,7,259.0,2.0,0.2857142857142857,0.6904761904761906,1.7142857142857142,0.06028202591047771,0.31997133944122214
DBCDK__opencat-business__2020-06-13_12-04-37,JavaScript,1537818759.0,1563220359.0,162.5,114.0,4992.0,555.0,11.5,4.0,4.5,276845.9493066736,2,5,55.0,2.0,0.25,0.0,1.0,1.999999999946489e-06,0.4748062015503876
DBCDK__opencat-business__2020-06-13_12-04-37,JavaScript,1563220359.0,1588621959.0,195.25,103.5,7778.5,723.0,7.25,3.5,5.0,76621.62119700882,4,4,27.0,1.0,0.16666666666666666,0.0,0.5,1.999999999946489e-06,0.052734375
desihub__desimodel__2020-06-14_00-05-53,Python,1457062387.0,1482463987.0,233.66666666666666,102.0,8120.333333333333,1147.0,16.0,8.666666666666666,10.333333333333334,366517.0314959337,3,3,31.0,2.0,0.6666666666666666,0.0,1.3333333333333333,2.0000000000575113e-06,0.05789206081154947
desihub__desimodel__2020-06-14_00-05-53,Python,1482463987.0,1507865587.0,426.22222222222223,185.0,14940.444444444445,1903.6666666666667,27.11111111111111,10.777777777777779,12.444444444444445,1067811.7283508396,9,10,99.0,2.0,0.08888888888888889,0.20666666666666664,0.8,0.042057247900094796,0.12902701555911741
desihub__desimodel__2020-06-14_00-05-53,Python,1507865587.0,1533267187.0,303.6,132.6,11124.4,1311.8,14.0,6.0,11.6,956316.9866027564,5,8,214.0,3.0,0.25,0.5541666666666667,1.75,0.30475502391133724,0.2367693691845752
desihub__desimodel__2020-06-14_00-05-53,Python,1533267187.0,1558668787.0,75.16666666666667,42.166666666666664,2514.8333333333335,331.1666666666667,7.666666666666667,1.0,4.5,249411.30953008388,6,7,44.0,2.0,0.19047619047619047,0.3095238095238096,1.1428571428571428,0.027335371067365943,0.22936686890175262
desihub__desimodel__2020-06-14_00-05-53,Python,1558668787.0,1584070387.0,400.25,120.25,14740.0,1133.5,14.0,7.25,8.25,1156731.0977824146,4,9,84.0,2.0,0.1527777777777778,0.2592592592592593,1.2222222222222223,0.14257332646084442,0.10307909374517904
devsisters__eclair__2020-06-13_12-23-53,Ruby,1510038063.0,1535439663.0,134.33333333333334,71.0,2668.6666666666665,337.3333333333333,16.0,9.0,8.333333333333334,150952.0384891161,3,3,17.0,1.0,0.5,1.0,1.0,0.10289698943905212,0.24509803921568626
devsisters__eclair__2020-06-13_12-23-53,Ruby,1535439663.0,1560841263.0,155.5,96.0,3044.75,375.75,22.25,14.75,2.5,235598.22720924104,4,4,59.0,2.0,0.25,0.0,0.75,1.999999999946489e-06,0.09983825020520497
devsisters__eclair__2020-06-13_12-23-53,Ruby,1560841263.0,1586242863.0,7.666666666666667,5.0,178.66666666666666,26.666666666666668,1.6666666666666667,0.3333333333333333,2.0,8161.2748234032,3,3,8.0,1.0,0.3333333333333333,0.0,0.6666666666666666,2.0000000000575113e-06,0.4444444444444444
diyhue__diyHue__2020-06-13_06-34-31,JavaScript,1515432927.0,1540834527.0,527.5652173913044,276.8695652173913,17583.478260869564,2898.5652173913045,91.56521739130434,7.391304347826087,9.434782608695652,13164343.328377036,23,26,2538.0,4.0,0.07692307692307693,0.521505687295161,1.9230769230769231,0.041877485175733864,0.22874019543132137
diyhue__diyHue__2020-06-13_06-34-31,JavaScript,1540834527.0,1566236127.0,143.08,68.28,6054.44,705.8,21.48,2.24,5.96,6233373.001799818,25,30,555.0,4.0,0.06781609195402298,0.3208898508898509,1.9666666666666666,0.1591908011915114,0.30168678079302086
diyhue__diyHue__2020-06-13_06-34-31,JavaScript,1566236127.0,1591637727.0,132.56,62.12,6458.32,758.8,28.28,2.64,7.52,4654290.107561273,25,36,713.0,5.0,0.05158730158730159,0.3694144305986412,1.8055555555555556,0.12763471683897076,0.38834377904393874
dmfs__opentasks__2020-06-13_00-30-23,Java,1383443124.0,1408844724.0,2215.0,1087.3333333333333,60673.333333333336,6350.666666666667,181.66666666666666,58.333333333333336,20.333333333333332,2476490.3510662704,3,4,517.0,2.0,0.5,0.5833333333333333,1.5,0.11898263857305258,0.15858599732809522
dmfs__opentasks__2020-06-13_00-30-23,Java,1408844724.0,1434246324.0,5062.5,2834.5,139147.5,18017.0,481.0,161.5,67.5,8648859.478469584,2,3,535.0,1.0,0.6666666666666666,1.0,1.3333333333333333,0.041733102436555924,0.04828405558427963
dmfs__opentasks__2020-06-13_00-30-23,Java,1434246324.0,1459647924.0,1458.0,754.75,46658.0,5239.75,113.75,38.0,12.75,2641870.5123202135,4,5,579.0,2.0,0.45,0.6,1.8,0.020245491806956784,0.1612410514875916
dmfs__opentasks__2020-06-13_00-30-23,Java,1459647924.0,1485049524.0,219.33333333333334,110.33333333333333,6157.666666666667,690.3333333333334,18.333333333333332,8.333333333333334,2.6666666666666665,169207.3977926869,3,4,9.0,2.0,0.3333333333333333,0.5833333333333333,1.0,0.10740449478208858,0.20939443535188215
dmfs__opentasks__2020-06-13_00-30-23,Java,1485049524.0,1510451124.0,1860.3333333333333,801.3333333333334,60082.0,5786.0,97.0,56.0,16.333333333333332,1305622.4658699285,3,6,281.0,1.0,0.26666666666666666,0.6333333333333333,1.3333333333333333,0.00693287140648724,0.03585493479822738
dmfs__opentasks__2020-06-13_00-30-23,Java,1510451124.0,1535852724.0,3378.5,1520.0,109342.5,11949.5,173.5,100.0,18.5,3547658.734037411,2,5,120.0,2.0,0.25,0.0,1.0,1.999999999946489e-06,0.016770382636255188
dmfs__opentasks__2020-06-13_00-30-23,Java,1535852724.0,1561254324.0,690.2,251.0,23110.8,2140.6,31.0,14.8,6.8,1225198.5573939807,5,8,352.0,3.0,0.26785714285714285,0.35,1.875,0.3271589332470334,0.17180554186964284
dmfs__opentasks__2020-06-13_00-30-23,Java,1561254324.0,1586655924.0,1953.5,1220.0,78001.0,10004.5,120.0,49.0,10.0,7410846.455553039,2,6,151.0,1.0,0.13333333333333333,0.0,0.6666666666666666,1.9999999998354667e-06,0.019630785231409258
eclipse__birt__2020-06-11_00-34-50,Java,1117700954.0,1143102554.0,5992.027027027027,2604.891891891892,156376.35135135136,15539.351351351352,438.5945945945946,148.8918918918919,49.729729729729726,13234593.069828095,37,44,23266.0,6.0,0.1501057082452431,0.541412765237702,6.454545454545454,0.050012310935086624,0.10533894785185818
eclipse__birt__2020-06-11_00-34-50,Java,1143102554.0,1168504154.0,6279.760869565217,3012.7391304347825,167495.89130434784,18423.82608695652,515.2173913043479,166.0,66.8913043478261,15179113.774955943,46,60,27327.0,6.0,0.11836158192090396,0.6183847980700763,6.983333333333333,0.07144018667512508,0.11039213273003966
eclipse__birt__2020-06-11_00-34-50,Java,1168504154.0,1193905754.0,7070.457142857143,3343.457142857143,189459.6857142857,20931.514285714286,567.4285714285714,176.31428571428572,77.02857142857142,21366214.437794685,35,57,19110.0,6.0,0.10181704260651629,0.5919445891103313,5.701754385964913,0.011747650938909504,0.10352906265293568
eclipse__birt__2020-06-11_00-34-50,Java,1193905754.0,1219307354.0,9017.793103448275,4326.482758620689,239409.8275862069,26031.137931034482,735.8620689655172,228.27586206896552,95.86206896551724,34021264.875865154,29,55,26203.0,5.0,0.0952861952861953,0.6212977317790151,5.1454545454545455,0.022119885124309402,0.12100603785122811
eclipse__birt__2020-06-11_00-34-50,Java,1219307354.0,1244708954.0,5620.137931034483,2786.9310344827586,149527.41379310345,16525.724137931036,477.6551724137931,153.24137931034483,67.3103448275862,24753406.74686209,29,62,17543.0,5.0,0.07191961924907456,0.6056023549856567,4.387096774193548,0.007662159794176504,0.17587955607527606
eclipse__birt__2020-06-11_00-34-50,Java,1244708954.0,1270110554.0,5291.291666666667,2640.2083333333335,143472.75,15856.0,476.9583333333333,136.95833333333334,72.20833333333333,20303638.6234949,24,55,14936.0,6.0,0.07306397306397307,0.5626297618008848,3.9454545454545453,0.04090021510260389,0.11185960305763296
eclipse__birt__2020-06-11_00-34-50,Java,1270110554.0,1295512154.0,3627.086956521739,1907.695652173913,98058.65217391304,11675.739130434782,352.69565217391306,81.65217391304348,71.65217391304348,18268933.787219368,23,52,10164.0,5.0,0.07918552036199095,0.5892106314347118,4.038461538461538,0.03711855305296807,0.10296417130147345
eclipse__birt__2020-06-11_00-34-50,Java,1295512154.0,1320913754.0,2051.24,1129.12,54767.28,6656.8,199.92,56.36,32.28,18427623.586324085,25,54,4873.0,6.0,0.05520614954577219,0.5876781382500336,2.925925925925926,0.02420102003954283,0.10467945674841284
eclipse__birt__2020-06-11_00-34-50,Java,1320913754.0,1346315354.0,2452.125,1328.0,69246.70833333333,8142.833333333333,231.41666666666666,57.416666666666664,38.166666666666664,14602836.931248173,24,52,7050.0,6.0,0.05580693815987934,0.5091538971599701,2.8461538461538463,0.01625244276652882,0.10977046194176045
eclipse__birt__2020-06-11_00-34-50,Java,1346315354.0,1371716954.0,2185.5652173913045,1182.695652173913,58951.69565217391,7036.826086956522,219.3913043478261,57.56521739130435,42.08695652173913,9275724.716873355,23,60,7916.0,6.0,0.04971751412429378,0.5033066847153534,2.933333333333333,0.017036476885293528,0.16390059200818854
eclipse__birt__2020-06-11_00-34-50,Java,1371716954.0,1397118554.0,2454.095238095238,1148.2380952380952,60538.28571428572,6414.047619047619,196.8095238095238,53.19047619047619,41.38095238095238,17628253.353331048,21,52,9004.0,6.0,0.059954751131221715,0.46252657945769404,3.0576923076923075,0.05458378586040058,0.15858190986263965
eclipse__birt__2020-06-11_00-34-50,Java,1397118554.0,1422520154.0,2510.7368421052633,1074.3684210526317,57374.57894736842,6228.263157894737,173.78947368421052,53.63157894736842,33.89473684210526,8640570.635919278,19,71,8876.0,7.0,0.04124748490945674,0.44440631711878387,2.887323943661972,0.12440256053159127,0.31037734779131276
eclipse__birt__2020-06-11_00-34-50,Java,1422520154.0,1447921754.0,1072.7777777777778,447.6666666666667,26775.666666666668,2784.5555555555557,75.11111111111111,25.666666666666668,15.444444444444445,4004308.944006222,9,50,1145.0,4.0,0.03877551020408163,0.19037895437895436,1.9,0.07271424340028743,0.10619283867602386
eclipse__birt__2020-06-11_00-34-50,Java,1447921754.0,1473323354.0,1376.888888888889,514.7777777777778,30837.333333333332,3136.8888888888887,78.11111111111111,23.444444444444443,15.333333333333334,5500268.778931279,9,52,2905.0,4.0,0.04147812971342383,0.41582010351806736,2.1153846153846154,0.13933673117391387,0.21012370897323515
eclipse__birt__2020-06-11_00-34-50,Java,1473323354.0,1498724954.0,294.25,105.16666666666667,8485.333333333334,636.1666666666666,15.25,6.0,5.0,824042.2242252919,12,36,864.0,3.0,0.04206349206349207,0.19214400736139864,1.4722222222222223,0.019270573410161584,0.25540828509767255
eclipse__birt__2020-06-11_00-34-50,Java,1498724954.0,1524126554.0,292.64285714285717,187.0,8053.714285714285,1059.142857142857,34.214285714285715,11.785714285714286,4.642857142857143,1696731.4841056468,14,30,778.0,2.0,0.034482758620689655,0.026666666666666665,1.0,0.04762110313072854,0.22984379407920727
eclipse__birt__2020-06-11_00-34-50,Java,1524126554.0,1549528154.0,150.1818181818182,99.18181818181819,3877.818181818182,540.7272727272727,16.545454545454547,4.454545454545454,3.090909090909091,1512384.9707791235,11,26,160.0,2.0,0.047692307692307694,0.06135531135531135,1.1923076923076923,0.01794071929201191,0.16543833627061472
eclipse__birt__2020-06-11_00-34-50,Java,1549528154.0,1574929754.0,119.54545454545455,51.45454545454545,3307.090909090909,366.1818181818182,5.0,0.7272727272727273,2.272727272727273,277111.8613996405,11,27,128.0,2.0,0.03276353276353276,0.0,0.8518518518518519,2.000000000279556e-06,0.22180884480805715
EdgeApp__edge-currency-accountbased__2020-06-11_20-06-18,JavaScript,1499418120.0,1524819720.0,1935.75,772.0,56490.5,4395.0,118.25,60.5,38.75,3429471.605528659,4,5,768.0,2.0,0.5,0.8,2.0,0.026962148017160237,0.4509270125273551
EdgeApp__edge-currency-accountbased__2020-06-11_20-06-18,JavaScript,1524819720.0,1550221320.0,1640.5,779.0,48387.75,3270.25,68.75,38.25,16.75,1781640.3357440766,4,5,539.0,2.0,0.3,0.4666666666666666,1.2,0.003619103805722057,0.3309947650116642
EdgeApp__edge-currency-accountbased__2020-06-11_20-06-18,JavaScript,1550221320.0,1575622920.0,532.0909090909091,308.54545454545456,15587.454545454546,1230.090909090909,14.909090909090908,8.454545454545455,8.636363636363637,854371.059300962,11,11,1068.0,4.0,0.20909090909090908,0.4848484848484849,2.090909090909091,0.19367936611181424,0.25493689028008726
ElementsProject__lightning__2020-06-11_06-15-59,C,1438717791.0,1464119391.0,8451.0,4384.666666666667,209491.33333333334,30292.333333333332,753.0,210.66666666666666,125.0,92149341.4257121,3,3,44.0,2.0,0.5,0.0,1.0,2.0000000000575113e-06,0.34333856348666575
ElementsProject__lightning__2020-06-11_06-15-59,C,1464119391.0,1489520991.0,5898.166666666667,3022.5,152857.83333333334,20029.666666666668,466.6666666666667,146.16666666666666,102.5,83833417.83142905,6,6,801.0,2.0,0.4,0.7000000000000001,2.0,0.004385724218099352,0.24618614829502597
ElementsProject__lightning__2020-06-11_06-15-59,C,1489520991.0,1514922591.0,4464.2,2131.1,123768.8,15008.6,369.8,108.6,97.1,55235523.328311145,10,12,3223.0,3.0,0.1590909090909091,0.35714285714285715,1.75,0.020738332926981906,0.5249715613396321
ElementsProject__lightning__2020-06-11_06-15-59,C,1514922591.0,1540324191.0,1715.4285714285713,771.9761904761905,47748.69047619047,5275.4047619047615,139.85714285714286,39.023809523809526,43.976190476190474,29373165.230870195,42,44,8489.0,4.0,0.07980972515856237,0.5991312608959668,3.4318181818181817,0.22501968157953134,0.3870169570345896
ElementsProject__lightning__2020-06-11_06-15-59,C,1540324191.0,1565725791.0,1841.4333333333334,865.6,54098.6,6214.6,150.06666666666666,50.36666666666667,42.766666666666666,21738749.778865878,30,45,6286.0,4.0,0.06565656565656565,0.5206297761034602,2.888888888888889,0.1218365538009536,0.33718786351077557
ElementsProject__lightning__2020-06-11_06-15-59,C,1565725791.0,1591127391.0,2044.0,1017.8214285714286,62430.21428571428,7404.5,181.85714285714286,64.03571428571429,43.5,29754349.552764613,28,48,8059.0,3.0,0.05851063829787234,0.47142907925575805,2.75,0.3213333211184125,0.3258158047043259
elgatito__script.elementum.burst__2020-06-14_08-00-00,Python,1488660215.0,1514061815.0,59.75,36.25,2048.75,263.25,8.5,1.0,5.75,181069.7459095368,4,4,29.0,2.0,0.25,0.0,0.75,1.999999999946489e-06,0.12106500134300295
elgatito__script.elementum.burst__2020-06-14_08-00-00,Python,1514061815.0,1539463415.0,483.6,221.4,16924.4,1848.6,59.4,10.0,10.0,1690891.214001496,5,7,304.0,2.0,0.2857142857142857,0.6523809523809524,1.7142857142857142,0.15560515881125192,0.5068838285153806
emberjs__data__2020-06-13_20-24-18,JavaScript,1333525802.0,1358927402.0,519.9642857142857,242.125,14547.785714285714,1948.107142857143,46.392857142857146,30.571428571428573,5.839285714285714,814195.6915959308,56,72,4405.0,5.0,0.03716744913928013,0.43367355462895024,2.638888888888889,0.048023559926965054,0.29267143138401985
emberjs__data__2020-06-13_20-24-18,JavaScript,1358927402.0,1384329002.0,305.99,136.15,8072.99,1060.18,24.96,18.6,5.31,353049.4375040297,100,122,7154.0,7.0,0.02594499390326514,0.4939159698715919,3.139344262295082,0.10024313130318474,0.3172605249160929
emberjs__data__2020-06-13_20-24-18,JavaScript,1384329002.0,1409730602.0,151.8148148148148,54.81481481481482,3956.0493827160494,395.55555555555554,9.135802469135802,6.777777777777778,3.8395061728395063,174179.7694373295,81,117,2606.0,6.0,0.023946360153256706,0.4259173505507886,2.7777777777777777,0.22994917635204204,0.44399776736149943
emberjs__data__2020-06-13_20-24-18,JavaScript,1409730602.0,1435132202.0,297.0090909090909,130.26363636363635,7183.136363636364,974.6272727272727,25.327272727272728,19.60909090909091,4.718181818181818,412320.5229618683,110,192,7939.0,5.0,0.019115401396160556,0.5187084397307161,3.6510416666666665,0.28680556687750336,0.3551355820926384
emberjs__data__2020-06-13_20-24-18,JavaScript,1435132202.0,1460533802.0,205.56842105263158,110.83157894736843,5310.831578947368,730.4421052631579,22.2,16.221052631578946,3.705263157894737,393708.72907486133,95,171,5041.0,6.0,0.01630546955624355,0.40367273537047665,2.7719298245614037,0.07411517114845445,0.3911330905647666
emberjs__data__2020-06-13_20-24-18,JavaScript,1460533802.0,1485935402.0,288.09615384615387,95.42307692307692,7258.692307692308,645.4230769230769,18.78846153846154,14.384615384615385,4.4423076923076925,288601.5837473827,52,130,3376.0,5.0,0.01651759093619559,0.309277602671329,2.1307692307692307,0.35188357065034515,0.3046022951374747
emberjs__data__2020-06-13_20-24-18,JavaScript,1485935402.0,1511337002.0,267.8478260869565,97.28260869565217,6391.695652173913,606.5434782608696,16.130434782608695,12.326086956521738,4.456521739130435,549199.5155482459,46,110,4031.0,4.0,0.01701417848206839,0.2601735652116847,1.8545454545454545,0.14757589828871376,0.3887797776213766
emberjs__data__2020-06-13_20-24-18,JavaScript,1511337002.0,1536738602.0,380.53846153846155,204.33333333333334,10606.0,1182.8974358974358,31.666666666666668,22.46153846153846,4.846153846153846,791878.8262338472,39,97,3173.0,4.0,0.020618556701030927,0.24541513665173814,1.9793814432989691,0.15603783374157498,0.35999207694832136
emberjs__data__2020-06-13_20-24-18,JavaScript,1536738602.0,1562140202.0,402.4130434782609,307.2391304347826,10894.45652173913,1719.2173913043478,53.71739130434783,32.93478260869565,4.021739130434782,753004.0215200338,46,94,3061.0,5.0,0.024479524136353237,0.2854422271975464,2.276595744680851,0.1596555209347984,0.2858358047843363
emberjs__data__2020-06-13_20-24-18,JavaScript,1562140202.0,1587541802.0,687.0277777777778,362.1111111111111,20541.416666666668,2212.3333333333335,55.52777777777778,34.19444444444444,6.972222222222222,1038273.0779396018,36,90,2724.0,4.0,0.022596754057428215,0.29958363861191856,2.011111111111111,0.12214753238345444,0.126537984209964
ethereum__go-ethereum__2020-06-13_23-33-01,Go,1401301979.0,1426703579.0,5015.0,2502.962962962963,126897.77777777778,18184.37037037037,488.6296296296296,199.4814814814815,73.22222222222223,9215595.169034401,27,28,12909.0,4.0,0.10052910052910054,0.44367913832199546,2.7142857142857144,0.17139480763674508,0.2608509598176877
ethereum__go-ethereum__2020-06-13_23-33-01,Go,1426703579.0,1452105179.0,4260.259259259259,2207.925925925926,114560.96296296296,15926.518518518518,380.5925925925926,117.03703703703704,67.70370370370371,8380914.855478801,27,31,14776.0,4.0,0.12473118279569892,0.4472122906333433,3.7419354838709675,0.39609639476137193,0.30969272716511764
ethereum__go-ethereum__2020-06-13_23-33-01,Go,1452105179.0,1477506779.0,1334.0285714285715,661.0,39390.0,4919.885714285714,108.42857142857143,36.371428571428574,11.771428571428572,2546986.194861401,35,45,5535.0,4.0,0.05454545454545454,0.36480410076488506,2.4,0.45561537671263186,0.303380258311408
ethereum__go-ethereum__2020-06-13_23-33-01,Go,1477506779.0,1502908379.0,1036.4032258064517,488.88709677419354,28024.887096774193,3508.6129032258063,88.62903225806451,25.193548387096776,10.564516129032258,1890548.5222591283,62,78,8908.0,4.0,0.03396603396603397,0.36164252999425717,2.6153846153846154,0.42236578008324044,0.3065769800616755
ethereum__go-ethereum__2020-06-13_23-33-01,Go,1502908379.0,1528309979.0,314.0,154.1782945736434,9371.992248062015,1149.3720930232557,23.6046511627907,6.232558139534884,4.658914728682171,644329.0943516248,129,150,6166.0,6.0,0.015570469798657716,0.3177906787617272,2.32,0.09386593189320103,0.33755838425894513
ethereum__go-ethereum__2020-06-13_23-33-01,Go,1528309979.0,1553711579.0,484.4557823129252,248.31292517006804,13702.57142857143,1713.8707482993198,36.01360544217687,11.795918367346939,5.36734693877551,928704.2950828229,147,211,8813.0,6.0,0.01205145565335139,0.3406207462030782,2.5308056872037916,0.0964524954991357,0.28986847834315527
ethereum__go-ethereum__2020-06-13_23-33-01,Go,1553711579.0,1579113179.0,544.1797752808989,279.7191011235955,16682.56179775281,2137.123595505618,40.29213483146067,10.651685393258427,5.235955056179775,1201346.0448996916,89,162,7102.0,6.0,0.013687600644122383,0.31747314922344794,2.2037037037037037,0.09714839111089457,0.3323892269871573
exense__step__2020-06-10_11-25-39,Java,1488396774.0,1513798374.0,4964.666666666667,2864.6666666666665,160267.66666666666,21304.666666666668,562.0,321.3333333333333,83.0,6468973.442761595,3,3,228.0,2.0,0.6666666666666666,0.0,1.3333333333333333,1.999999999946489e-06,0.14691408247837737
exense__step__2020-06-10_11-25-39,Java,1513798374.0,1539199974.0,2971.3333333333335,1646.6666666666667,87745.66666666667,12066.666666666666,287.0,196.33333333333334,59.333333333333336,2864186.5754086785,3,4,374.0,2.0,0.4166666666666667,0.5833333333333333,1.25,0.009818002124877045,0.08162284305285245
exense__step__2020-06-10_11-25-39,Java,1539199974.0,1564601574.0,3236.0,1667.6,92916.8,12656.8,294.0,180.2,50.8,4905624.729239288,5,5,1085.0,2.0,0.6,0.8,2.4,0.022803930522763416,0.17019096411274176
exense__step__2020-06-10_11-25-39,Java,1564601574.0,1590003174.0,4187.2,2289.8,133096.8,17200.0,461.6,268.6,81.6,7551156.257627311,5,5,2654.0,2.0,0.75,0.8666666666666666,3.0,0.3814466322046648,0.11911506005537446
fabioz__PyDev.Debugger__2020-06-10_11-22-31,Python,1413442426.0,1438844026.0,998.4,334.4,26242.4,2027.2,93.8,25.2,19.0,4667615.149522371,5,5,1256.0,2.0,0.45,0.8,1.8,0.1007332301219992,0.15915371120704766
fabioz__PyDev.Debugger__2020-06-10_11-22-31,Python,1438844026.0,1464245626.0,5143.5,1113.3333333333333,102652.66666666667,7921.5,266.1666666666667,51.333333333333336,35.0,336826105.81098974,6,8,2698.0,3.0,0.26785714285714285,0.5714285714285714,1.875,0.03930926786766231,0.10483797778511122
fabioz__PyDev.Debugger__2020-06-10_11-22-31,Python,1464245626.0,1489647226.0,3339.375,532.125,77716.125,3875.625,127.5,24.5,22.125,141860347.19308865,8,10,616.0,4.0,0.18888888888888888,0.2857142857142857,1.7,0.09580921171668488,0.31102967377851937
fabioz__PyDev.Debugger__2020-06-10_11-22-31,Python,1489647226.0,1515048826.0,2372.125,672.75,59283.125,5116.125,215.875,38.0,11.75,61748470.19495394,8,11,604.0,3.0,0.13636363636363635,0.26666666666666666,1.3636363636363635,0.13506208369435335,0.11417758927985135
fabioz__PyDev.Debugger__2020-06-10_11-22-31,Python,1515048826.0,1540450426.0,5741.555555555556,703.8888888888889,107850.88888888889,5034.333333333333,168.33333333333334,44.111111111111114,18.333333333333332,422477464.5625812,9,14,810.0,2.0,0.12087912087912088,0.270995670995671,1.5714285714285714,0.07769723321324029,0.36510446872660585
fabioz__PyDev.Debugger__2020-06-10_11-22-31,Python,1540450426.0,1565852026.0,20257.333333333332,5133.666666666667,459863.3333333333,33875.0,1082.0,312.6666666666667,45.0,1249192039.6144416,3,11,611.0,2.0,0.08181818181818182,0.0,0.8181818181818182,2.0000000000575113e-06,0.08667944772656211
fabioz__PyDev.Debugger__2020-06-10_11-22-31,Python,1565852026.0,1591253626.0,11653.75,2460.25,221816.25,15244.0,496.75,131.25,25.25,873934192.7994484,4,12,490.0,2.0,0.09090909090909091,0.1685185185185185,1.0,0.002044447404687122,0.3428903826575014
facebook__create-react-app__2020-06-13_06-53-12,JavaScript,1473610407.0,1499012007.0,43.758426966292134,22.39887640449438,1432.1404494382023,197.32584269662922,4.426966292134831,2.1179775280898876,2.162921348314607,36583.0443697895,178,208,1676.0,7.0,0.007571534745447789,0.25076563547885466,1.5673076923076923,0.028695726795524346,0.4005345065186596
facebook__create-react-app__2020-06-13_06-53-12,JavaScript,1499012007.0,1524413607.0,59.59803921568628,28.95098039215686,1443.3725490196077,175.51960784313727,3.323529411764706,1.6274509803921569,1.8431372549019607,50696.46141285306,102,131,448.0,6.0,0.007927187316500293,0.11282782011291802,1.0305343511450382,0.07261407064112224,0.23900391228411874
facebook__create-react-app__2020-06-13_06-53-12,JavaScript,1524413607.0,1549815207.0,79.86734693877551,52.19387755102041,2971.4489795918366,447.14285714285717,4.061224489795919,2.479591836734694,3.0306122448979593,98724.60565492146,98,153,1234.0,6.0,0.008212934296525629,0.17063593291543402,1.2483660130718954,0.07308269459156247,0.44777073029599856
facebook__create-react-app__2020-06-13_06-53-12,JavaScript,1549815207.0,1575216807.0,37.376344086021504,18.688172043010752,1082.3225806451612,99.25806451612904,2.5053763440860215,1.5376344086021505,1.7204301075268817,25705.042696954908,93,134,920.0,7.0,0.008809336774772752,0.1437986056365931,1.171641791044776,0.07644863060419693,0.4548937871583759
facebook__react-native__2020-06-13_22-58-43,JavaScript,1439433849.0,1464835449.0,237.857621440536,129.13400335008376,7186.053601340033,762.0887772194305,20.89782244556114,10.646566164154104,5.100502512562814,599515.4001732479,597,665,20799.0,7.0,0.00452260168493523,0.2541411896271645,3.0030075187969927,0.09310384998250665,0.2410061801368561
facebook__react-native__2020-06-13_22-58-43,JavaScript,1464835449.0,1490237049.0,268.47416974169744,139.75645756457564,8020.821033210332,815.1291512915129,25.20848708487085,11.88929889298893,5.1642066420664205,1008636.5613711138,542,737,25300.0,9.0,0.004223570880773996,0.24831079646747117,3.1085481682496607,0.06804232973048174,0.36332516432115974
facebook__react-native__2020-06-13_22-58-43,JavaScript,1490237049.0,1515638649.0,166.56118143459915,77.36286919831224,5123.170886075949,428.9810126582278,12.90928270042194,5.837552742616034,3.9472573839662446,703230.4989393132,474,712,16526.0,9.0,0.003488519097962989,0.19316223315149297,2.480337078651685,0.046456038206585726,0.36826773441598126
facebook__react-native__2020-06-13_22-58-43,JavaScript,1515638649.0,1541040249.0,255.8662613981763,117.93920972644376,7705.866261398176,690.7051671732523,20.01519756838906,10.051671732522797,5.519756838905775,859482.7973178978,329,636,17089.0,8.0,0.004073193680978557,0.22039925842065078,2.5864779874213837,0.04944883684391754,0.32773877867405093
facebook__react-native__2020-06-13_22-58-43,JavaScript,1541040249.0,1566441849.0,258.83126550868485,132.04714640198512,7748.888337468983,720.3846153846154,20.436724565756823,10.861042183622828,5.73697270471464,1715991.0023064832,403,711,21007.0,8.0,0.004167904756244924,0.2188721321713094,2.959212376933896,0.012832317860191789,0.32296352714935556
facebook__react-native__2020-06-13_22-58-43,JavaScript,1566441849.0,1591843449.0,445.4931506849315,228.42465753424656,13561.926940639269,1318.8219178082193,36.3013698630137,18.08219178082192,9.310502283105023,4267749.94227357,219,578,16750.0,8.0,0.004824500908529382,0.2616772338999203,2.783737024221453,0.08590462505834073,0.3310880358866742
FasterXML__jackson-databind__2020-06-13_09-34-04,Java,1337950754.0,1363352354.0,1300.0526315789473,608.7894736842105,42191.05263157895,4000.7894736842104,120.52631578947368,55.578947368421055,17.736842105263158,3526963.6648259866,19,20,977.0,3.0,0.06052631578947368,0.1514285714285714,1.15,0.039435420266105914,0.11290562605004154
FasterXML__jackson-databind__2020-06-13_09-34-04,Java,1363352354.0,1388753954.0,1450.0,718.5833333333334,45882.5,4364.75,131.91666666666666,67.16666666666667,23.583333333333332,4181315.250159035,12,21,254.0,3.0,0.05238095238095238,0.0,1.0476190476190477,2.0000000008346674e-06,0.2091006849990178
FasterXML__jackson-databind__2020-06-13_09-34-04,Java,1388753954.0,1414155554.0,749.5454545454545,349.1363636363636,23967.227272727272,2265.1363636363635,64.18181818181819,32.36363636363637,14.909090909090908,2351993.01024049,22,31,681.0,4.0,0.041935483870967745,0.2208896241154306,1.2580645161290323,0.031684824295943215,0.1889343276633448
FasterXML__jackson-databind__2020-06-13_09-34-04,Java,1414155554.0,1439557154.0,1168.44,484.4,36692.4,3220.64,96.28,51.92,17.28,3382306.2709229267,25,45,699.0,2.0,0.02676767676767677,0.04447154471544715,1.1777777777777778,0.0018279223754988916,0.09394221213284666
FasterXML__jackson-databind__2020-06-13_09-34-04,Java,1439557154.0,1464958754.0,1281.5833333333333,562.9166666666666,41896.791666666664,3716.2083333333335,104.375,53.666666666666664,19.375,3925989.0277518067,24,46,818.0,4.0,0.028502415458937197,0.15954398334261033,1.2826086956521738,0.008994282136363885,0.15091771772597132
FasterXML__jackson-databind__2020-06-13_09-34-04,Java,1464958754.0,1490360354.0,1830.4736842105262,912.1052631578947,61186.68421052631,6258.473684210527,161.10526315789474,81.63157894736842,21.0,6512232.726454556,19,41,559.0,3.0,0.026219512195121954,0.1302042768326843,1.048780487804878,0.010779463630472996,0.16885242095974848
FasterXML__jackson-databind__2020-06-13_09-34-04,Java,1490360354.0,1515761954.0,1056.8260869565217,444.39130434782606,33845.82608695652,3097.1304347826085,85.47826086956522,39.04347826086956,16.0,3745117.4515005494,23,57,870.0,3.0,0.017543859649122806,0.020483389324374768,0.9824561403508771,0.002289243732236823,0.23202749242183932
FasterXML__jackson-databind__2020-06-13_09-34-04,Java,1515761954.0,1541163554.0,1221.8947368421052,414.7894736842105,37443.0,2781.7894736842104,71.42105263157895,42.526315789473685,16.31578947368421,4083019.41729984,19,54,510.0,2.0,0.019566736547868623,0.03705215419501134,1.037037037037037,0.0027180667396189406,0.22608205904823608
FasterXML__jackson-databind__2020-06-13_09-34-04,Java,1541163554.0,1566565154.0,785.75,367.75,26482.25,2571.1666666666665,58.5,39.916666666666664,15.5,3343984.0402715094,12,29,164.0,2.0,0.03201970443349754,0.0,0.896551724137931,1.999999999169333e-06,0.24329099628476564
FasterXML__jackson-databind__2020-06-13_09-34-04,Java,1566565154.0,1591966754.0,1102.5652173913043,525.5217391304348,37256.82608695652,3684.695652173913,93.26086956521739,51.08695652173913,23.17391304347826,4727666.982700407,23,51,605.0,3.0,0.02392156862745098,0.03923382488980791,1.196078431372549,0.006204543989390965,0.21221379365182727
flow-typed__flow-typed__2020-06-14_03-58-42,JavaScript,1448661194.0,1474062794.0,327.95652173913044,249.7608695652174,10116.239130434782,1421.608695652174,23.82608695652174,20.369565217391305,3.260869565217391,1200118.511137532,46,46,726.0,7.0,0.022705314009661838,0.1221077231946797,1.0217391304347827,0.04953412544853797,0.20690170348775266
flow-typed__flow-typed__2020-06-14_03-58-42,JavaScript,1474062794.0,1499464394.0,216.5625,138.32386363636363,6317.25,677.9034090909091,11.392045454545455,9.977272727272727,2.085227272727273,422414.6266039262,176,194,3036.0,9.0,0.005395010950269751,0.186342491836252,1.041237113402062,0.0018372361729614983,0.20240705038523188
flow-typed__flow-typed__2020-06-14_03-58-42,JavaScript,1499464394.0,1524865994.0,303.219512195122,196.96747967479675,7947.841463414634,788.0934959349594,12.292682926829269,11.552845528455284,2.4065040650406506,646080.9691574494,246,312,8359.0,11.0,0.004091433753813174,0.1810103283103091,1.2724358974358974,0.006959866585732444,0.20591663025610357
flow-typed__flow-typed__2020-06-14_03-58-42,JavaScript,1524865994.0,1550267594.0,236.80149812734084,149.9438202247191,5578.138576779026,691.0112359550562,16.45692883895131,15.760299625468164,2.1161048689138577,519082.61320185417,267,344,7174.0,9.0,0.0031697064207742895,0.1308116021944943,1.0872093023255813,0.00155723900208804,0.25907386351343686
flow-typed__flow-typed__2020-06-14_03-58-42,JavaScript,1550267594.0,1575669194.0,349.3565891472868,253.64341085271317,9452.007751937985,1215.8992248062016,31.03875968992248,28.31782945736434,2.3255813953488373,727683.9406733637,129,208,1877.0,5.0,0.004157376439985136,0.06418182956644494,0.8605769230769231,0.005112181100344837,0.17594652454977575
freeipa__freeipa__2020-06-11_01-29-37,Python,1185278550.0,1210680150.0,2375.25,1248.8333333333333,72236.66666666667,8533.25,268.0833333333333,73.75,37.833333333333336,14840280.024414847,12,12,2178.0,3.0,0.28787878787878785,0.6671296296296297,3.1666666666666665,0.27374771034633094,0.181968847514764
freeipa__freeipa__2020-06-11_01-29-37,Python,1210680150.0,1236081750.0,5022.6,2172.9,136525.4,13468.4,434.9,185.2,88.5,20788685.21204009,10,15,1569.0,4.0,0.14761904761904762,0.4592592592592593,2.066666666666667,0.05418825346591272,0.061488555213485035
freeipa__freeipa__2020-06-11_01-29-37,Python,1236081750.0,1261483350.0,2259.1111111111113,1138.7777777777778,67829.66666666667,7173.666666666667,184.44444444444446,67.22222222222223,32.0,8283551.765890975,9,15,1204.0,4.0,0.14285714285714285,0.38343434343434346,2.0,0.35635659876736925,0.05755087807949236
freeipa__freeipa__2020-06-11_01-29-37,Python,1261483350.0,1286884950.0,1670.2727272727273,884.1818181818181,51185.27272727273,5142.909090909091,139.27272727272728,43.09090909090909,27.545454545454547,5179412.9031679155,11,16,1718.0,3.0,0.14583333333333334,0.41915584415584417,2.1875,0.18883215395144126,0.1279187016728949
freeipa__freeipa__2020-06-11_01-29-37,Python,1286884950.0,1312286550.0,2570.9473684210525,1156.5263157894738,73968.94736842105,7431.315789473684,225.73684210526315,71.42105263157895,47.578947368421055,9979435.86775955,19,27,5738.0,4.0,0.1566951566951567,0.6239399066196453,4.074074074074074,0.06282118528248748,0.20554107829338109
freeipa__freeipa__2020-06-11_01-29-37,Python,1312286550.0,1337688150.0,2777.0,1360.6666666666667,86288.33333333333,8620.2,286.2,93.06666666666666,45.666666666666664,15078880.44159478,15,26,5620.0,5.0,0.19692307692307692,0.635293103208083,4.923076923076923,0.04317134698656844,0.21696185410217755
freeipa__freeipa__2020-06-11_01-29-37,Python,1337688150.0,1363089750.0,1560.8636363636363,846.3181818181819,51544.77272727273,5327.681818181818,164.8181818181818,47.22727272727273,26.09090909090909,13848431.0002816,22,35,4713.0,4.0,0.13445378151260504,0.5524889872032729,4.571428571428571,0.12326398786872783,0.21846616728711615
freeipa__freeipa__2020-06-11_01-29-37,Python,1363089750.0,1388491350.0,1676.25,788.65,51113.65,5197.3,150.35,47.25,31.25,8923843.508240296,20,37,4031.0,4.0,0.10960960960960961,0.48860469502884357,3.945945945945946,0.07610025983657598,0.24065934701192293
freeipa__freeipa__2020-06-11_01-29-37,Python,1388491350.0,1413892950.0,1773.9130434782608,909.5652173913044,58526.565217391304,5429.173913043478,132.47826086956522,44.26086956521739,36.30434782608695,13576415.31199707,23,38,5258.0,4.0,0.12446657183499289,0.6113102839912464,4.605263157894737,0.18841508270521745,0.24989905700928566
freeipa__freeipa__2020-06-11_01-29-37,Python,1413892950.0,1439294550.0,1143.2333333333333,595.5,36644.666666666664,3636.5,103.83333333333333,33.13333333333333,21.4,8278867.886038686,30,46,4595.0,5.0,0.1072463768115942,0.5324832710891897,4.826086956521739,0.31753463404467874,0.16375704500296653
freeipa__freeipa__2020-06-11_01-29-37,Python,1439294550.0,1464696150.0,792.75,422.9166666666667,24423.13888888889,2516.3333333333335,71.11111111111111,24.416666666666668,21.5,6015773.177632533,36,57,5076.0,4.0,0.09116541353383459,0.5469834380279947,5.105263157894737,0.22474795568598993,0.21539119840906887
freeipa__freeipa__2020-06-11_01-29-37,Python,1464696150.0,1490097750.0,1414.7027027027027,706.2432432432432,46246.24324324324,4259.675675675676,124.10810810810811,44.75675675675676,34.2972972972973,7907591.202059024,37,63,9701.0,4.0,0.10010240655401946,0.5841674510871278,6.2063492063492065,0.18455230133377298,0.1664687345454023
freeipa__freeipa__2020-06-11_01-29-37,Python,1490097750.0,1515499350.0,445.2894736842105,189.31578947368422,13792.131578947368,1172.6052631578948,32.39473684210526,11.789473684210526,13.868421052631579,2495541.47319052,38,66,4151.0,4.0,0.0668997668997669,0.4857743752103036,4.348484848484849,0.11740267335441767,0.2567621389968911
freeipa__freeipa__2020-06-11_01-29-37,Python,1515499350.0,1540900950.0,820.0625,449.75,27205.0625,2664.15625,52.3125,21.0625,21.15625,4770586.685410946,32,74,4912.0,6.0,0.05590522028878193,0.45303302448072946,4.081081081081081,0.1947498246948911,0.19652518763455418
freeipa__freeipa__2020-06-11_01-29-37,Python,1540900950.0,1566302550.0,733.4,412.96,25339.76,2448.68,64.8,23.68,16.48,5641690.152099852,25,70,2463.0,7.0,0.047826086956521734,0.43601229322632357,3.3,0.1335586370870041,0.14456321672754296
freeipa__freeipa__2020-06-11_01-29-37,Python,1566302550.0,1591704150.0,481.72727272727275,271.06060606060606,16547.727272727272,1705.121212121212,37.57575757575758,14.909090909090908,11.06060606060606,3983397.4934694977,33,72,1851.0,6.0,0.0406885758998435,0.25954819752302594,2.888888888888889,0.21797631401092565,0.13611561607876788
functional-streams-for-scala__fs2__2020-06-11_07-07-34,Scala,1362998941.0,1388400541.0,1202.8181818181818,418.0,37261.27272727273,5191.818181818182,35.45454545454545,18.545454545454547,20.90909090909091,8796005.74227002,11,11,1264.0,3.0,0.2,0.5396103896103897,2.0,0.111287797201441,0.31879056661435323
functional-streams-for-scala__fs2__2020-06-11_07-07-34,Scala,1388400541.0,1413802141.0,1125.1176470588234,414.05882352941177,34464.529411764706,4724.235294117647,47.23529411764706,23.235294117647058,24.58823529411765,5727200.350770986,17,20,1710.0,4.0,0.1105263157894737,0.4651739926739927,2.1,0.25690260290507105,0.2297628882767912
functional-streams-for-scala__fs2__2020-06-11_07-07-34,Scala,1413802141.0,1439203741.0,387.0,160.8421052631579,13027.21052631579,2199.315789473684,14.842105263157896,7.473684210526316,11.473684210526315,2836856.7627073373,19,26,815.0,4.0,0.1,0.5427461427461427,2.5,0.21539429075101568,0.2624187562531277
functional-streams-for-scala__fs2__2020-06-11_07-07-34,Scala,1439203741.0,1464605341.0,652.578947368421,305.2631578947368,23083.842105263157,4147.263157894737,48.78947368421053,24.68421052631579,16.57894736842105,2808426.820604888,19,21,963.0,5.0,0.10714285714285714,0.26567717996289425,2.142857142857143,0.11137993417125625,0.3160979340907665
functional-streams-for-scala__fs2__2020-06-11_07-07-34,Scala,1464605341.0,1490006941.0,323.2903225806452,131.58064516129033,10545.774193548386,1689.774193548387,15.193548387096774,8.258064516129032,7.129032258064516,1997402.7792213883,31,38,1525.0,3.0,0.03769559032716927,0.23271255060728746,1.394736842105263,0.07078270442775336,0.2655217464769629
functional-streams-for-scala__fs2__2020-06-11_07-07-34,Scala,1490006941.0,1515408541.0,1148.6666666666667,453.7083333333333,36246.291666666664,5891.125,76.04166666666667,30.458333333333332,20.208333333333332,5866394.319063199,24,37,2453.0,3.0,0.04129129129129129,0.21582719082719085,1.4864864864864864,0.03730684391600536,0.19663925037792407
functional-streams-for-scala__fs2__2020-06-11_07-07-34,Scala,1515408541.0,1540810141.0,378.14285714285717,143.54285714285714,13200.371428571429,1511.0857142857142,12.514285714285714,7.114285714285714,8.542857142857143,3253711.117953749,35,41,1658.0,4.0,0.03719512195121951,0.34160358844967764,1.4878048780487805,0.1886794429662485,0.2405242913930919
functional-streams-for-scala__fs2__2020-06-11_07-07-34,Scala,1540810141.0,1566211741.0,196.57894736842104,77.5,6683.1578947368425,747.0,7.2105263157894735,4.578947368421052,6.342105263157895,1452649.8500303905,38,48,945.0,4.0,0.03324468085106383,0.2576738365800865,1.5625,0.22100370575483674,0.29270466743811496
functional-streams-for-scala__fs2__2020-06-11_07-07-34,Scala,1566211741.0,1591613341.0,462.6,208.73333333333332,13206.933333333332,1713.8666666666666,15.033333333333333,8.433333333333334,9.333333333333334,4965950.062392962,30,58,1316.0,4.0,0.028433151845130063,0.28879661048445077,1.6206896551724137,0.2010393784893746,0.22873558867733337
gatsbyjs__gatsby__2020-06-10_13-07-25,JavaScript,1438433971.0,1463835571.0,264.35,146.45,7017.85,846.15,22.4,11.2,6.2,108938.16207661165,20,20,767.0,4.0,0.09736842105263159,0.5879166666666666,1.85,0.03070371007546091,0.3524390855236027
gatsbyjs__gatsby__2020-06-10_13-07-25,JavaScript,1463835571.0,1489237171.0,209.04918032786884,108.62295081967213,5645.868852459016,607.5081967213115,15.19672131147541,8.655737704918034,5.737704918032787,111214.05879311152,61,70,854.0,6.0,0.01677018633540373,0.21060918060918063,1.1571428571428573,0.09296780566677143,0.19255668266500306
gatsbyjs__gatsby__2020-06-10_13-07-25,JavaScript,1489237171.0,1514638771.0,254.9377990430622,143.88516746411483,6582.593301435407,634.8468899521531,16.09090909090909,10.794258373205741,4.70334928229665,132512.4815105262,209,235,6320.0,6.0,0.00856519367157665,0.34286278795140757,2.0042553191489363,0.15365745538798337,0.31237666412638615
gatsbyjs__gatsby__2020-06-10_13-07-25,JavaScript,1514638771.0,1540040371.0,194.72679045092838,111.95225464190982,5213.278514588859,568.0344827586207,11.888594164456233,7.737400530503979,3.843501326259947,156117.1997030784,377,461,12548.0,8.0,0.005663491464679807,0.3531246390415998,2.6052060737527114,0.008425708503397744,0.3385132121393126
gatsbyjs__gatsby__2020-06-10_13-07-25,JavaScript,1540040371.0,1565441971.0,154.1500872600349,107.08202443280977,4176.486910994764,526.3246073298429,11.926701570680628,9.270506108202444,2.6404886561954624,104531.94780895533,573,768,14554.0,10.0,0.003023481638418079,0.2279606363278114,2.3190104166666665,0.03619010444794235,0.33043413542153083
gatsbyjs__gatsby__2020-06-10_13-07-25,JavaScript,1565441971.0,1590843571.0,136.01149425287358,88.227969348659,3497.9885057471265,472.3524904214559,11.551724137931034,8.664750957854405,2.636015325670498,125017.76180510223,522,848,12642.0,9.0,0.0024044351874540552,0.17398287483210256,2.036556603773585,0.008949661650392016,0.3492515064383859
getsentry__sentry__2020-06-13_15-35-39,Python,1234235299.0,1259636899.0,218.33333333333334,148.66666666666666,7241.0,1119.0,20.333333333333332,9.666666666666666,6.666666666666667,344357.4821568899,3,3,6.0,2.0,0.5,0.0,1.0,1.999999999946489e-06,0.5010209290454314
getsentry__sentry__2020-06-13_15-35-39,Python,1259636899.0,1285038499.0,724.0833333333334,460.4166666666667,25708.75,3280.5833333333335,72.0,25.166666666666668,18.916666666666668,2844872.95847203,12,13,450.0,3.0,0.11538461538461538,0.0,1.3846153846153846,1.9999999998354667e-06,0.5971866638678396
getsentry__sentry__2020-06-13_15-35-39,Python,1285038499.0,1310440099.0,273.8076923076923,146.46153846153845,9163.576923076924,1203.2692307692307,30.192307692307693,11.5,10.653846153846153,1942077.4812501904,26,32,235.0,2.0,0.05342741935483871,0.3131613756613757,1.65625,0.09662737028815138,0.44977512867894126
getsentry__sentry__2020-06-13_15-35-39,Python,1310440099.0,1335841699.0,1074.9375,839.125,44991.625,8055.34375,125.78125,40.125,24.1875,31266153.62741532,32,48,912.0,2.0,0.028368794326241134,0.11119162640901771,1.3333333333333333,0.033676714753830495,0.5103013090536281
getsentry__sentry__2020-06-13_15-35-39,Python,1335841699.0,1361243299.0,1101.4736842105262,674.7105263157895,46418.18421052631,6341.8421052631575,93.84210526315789,44.13157894736842,30.0,23186625.25475215,38,50,618.0,3.0,0.02897959183673469,0.22486868686868686,1.42,0.07199891901312949,0.4086548150079419
getsentry__sentry__2020-06-13_15-35-39,Python,1361243299.0,1386644899.0,909.4324324324324,559.4864864864865,33900.35135135135,4721.648648648648,65.94594594594595,25.81081081081081,22.72972972972973,42013937.95881804,37,59,789.0,4.0,0.021332554061952076,0.11872076079453944,1.2372881355932204,0.024531861501637997,0.30566857203918185
getsentry__sentry__2020-06-13_15-35-39,Python,1386644899.0,1412046499.0,2147.125,1258.5,72417.5,10219.375,149.4375,67.75,54.4375,113094939.66351825,16,36,2124.0,4.0,0.04206349206349207,0.22415321304210195,1.4722222222222223,0.02274840350188434,0.42681019074629567
getsentry__sentry__2020-06-13_15-35-39,Python,1412046499.0,1437448099.0,2551.3793103448274,1666.9310344827586,108923.75862068965,15165.51724137931,173.58620689655172,74.20689655172414,68.93103448275862,34912989.4447613,29,50,1493.0,3.0,0.022448979591836737,0.08004878048780487,1.1,0.004133315060524612,0.3816570708679587
getsentry__sentry__2020-06-13_15-35-39,Python,1437448099.0,1462849699.0,2376.2,1401.6666666666667,82637.2,10033.666666666666,182.53333333333333,71.33333333333333,83.6,7289577.196444442,30,62,5171.0,4.0,0.029613960867265997,0.2823649933080499,1.8064516129032258,0.21132693710487993,0.34229586391962336
getsentry__sentry__2020-06-13_15-35-39,Python,1462849699.0,1488251299.0,1994.2121212121212,1118.6666666666667,60706.27272727273,6966.060606060606,162.84848484848484,60.45454545454545,49.303030303030305,7386691.384888151,33,55,6065.0,4.0,0.04276094276094276,0.3326164796711781,2.309090909090909,0.29038266090539644,0.3089486560106245
getsentry__sentry__2020-06-13_15-35-39,Python,1488251299.0,1513652899.0,1538.3953488372092,914.8139534883721,48548.604651162794,5449.069767441861,122.34883720930233,48.604651162790695,26.11627906976744,6064713.177279422,43,58,6819.0,5.0,0.06140350877192982,0.3916759611336317,3.5,0.29311893092641605,0.19587889445919157
getsentry__sentry__2020-06-13_15-35-39,Python,1513652899.0,1539054499.0,1840.8163265306123,1155.6326530612246,59826.32653061225,7259.959183673469,145.9591836734694,66.42857142857143,32.06122448979592,7418863.5962603185,49,66,10264.0,4.0,0.0773892773892774,0.41715899718279936,5.03030303030303,0.30700239077941316,0.2827572900677052
getsentry__sentry__2020-06-13_15-35-39,Python,1539054499.0,1564456099.0,2236.2166666666667,1360.2,73304.71666666666,8288.2,182.03333333333333,79.6,29.65,11192807.732614756,60,84,22973.0,5.0,0.08046471600688468,0.5258414694059989,6.678571428571429,0.28699371264055173,0.31197348915193296
getsentry__sentry__2020-06-13_15-35-39,Python,1564456099.0,1589857699.0,3118.945205479452,1804.876712328767,97429.5890410959,11428.342465753425,196.26027397260273,82.54794520547945,40.821917808219176,18239446.730445992,73,102,33806.0,4.0,0.08008153756552125,0.5286825830939011,8.088235294117647,0.2531835452102691,0.26496935800192395
gitextensions__gitextensions__2020-06-13_21-41-09,C#,1231705395.0,1257106995.0,3984.6,1568.0,153587.2,12948.8,210.4,66.0,30.8,17424523.20643411,5,5,1835.0,2.0,0.3,0.0,1.2,2.0000000000575113e-06,0.18259024976445923
gitextensions__gitextensions__2020-06-13_21-41-09,C#,1257106995.0,1282508595.0,2723.875,943.5,91526.75,7001.75,142.6875,50.875,33.125,10323515.407033682,16,20,8388.0,4.0,0.16578947368421051,0.6127847152847153,3.15,0.3007762256550346,0.3145477690319904
gitextensions__gitextensions__2020-06-13_21-41-09,C#,1282508595.0,1307910195.0,1535.3428571428572,481.74285714285713,46723.4,3761.5714285714284,70.57142857142857,21.2,21.142857142857142,5291846.4682583725,35,46,9803.0,4.0,0.07536231884057971,0.5765957403388821,3.391304347826087,0.20069630135607286,0.3259794583936266
gitextensions__gitextensions__2020-06-13_21-41-09,C#,1307910195.0,1333311795.0,1146.0,267.23809523809524,30683.904761904763,1961.9761904761904,41.404761904761905,15.928571428571429,13.833333333333334,3539296.5154728554,42,68,14158.0,4.0,0.06057945566286216,0.5342315807384521,4.0588235294117645,0.23993523254830984,0.2701021822034825
gitextensions__gitextensions__2020-06-13_21-41-09,C#,1333311795.0,1358713395.0,1867.8372093023256,621.0,55703.41860465116,4556.6511627906975,87.37209302325581,32.30232558139535,24.511627906976745,6173907.974932704,43,87,18008.0,4.0,0.04517508687516707,0.606400436852446,3.8850574712643677,0.366301949077503,0.20760608393881014
gitextensions__gitextensions__2020-06-13_21-41-09,C#,1358713395.0,1384114995.0,1520.1891891891892,573.9459459459459,55768.10810810811,5336.513513513513,81.97297297297297,29.7027027027027,26.81081081081081,5863915.644085083,37,77,7873.0,5.0,0.03725222146274778,0.5896800380558092,2.831168831168831,0.25956008311128453,0.19099724038194282
gitextensions__gitextensions__2020-06-13_21-41-09,C#,1384114995.0,1409516595.0,445.52941176470586,196.58823529411765,16050.529411764706,1424.235294117647,28.41176470588235,9.117647058823529,7.970588235294118,2269839.944170443,34,64,2498.0,4.0,0.03298611111111111,0.35962642319681026,2.078125,0.08171440583341394,0.21650653537695244
gitextensions__gitextensions__2020-06-13_21-41-09,C#,1409516595.0,1434918195.0,219.02380952380952,99.33333333333333,7766.833333333333,664.9047619047619,19.761904761904763,6.4523809523809526,7.023809523809524,1392004.2394841637,42,73,1261.0,5.0,0.024923896499238967,0.23498508500101364,1.7945205479452055,0.0679670611292722,0.22944749036959683
gitextensions__gitextensions__2020-06-13_21-41-09,C#,1434918195.0,1460319795.0,223.17948717948718,109.33333333333333,8431.76923076923,778.8205128205128,16.256410256410255,5.487179487179487,4.538461538461538,806084.7197067096,39,67,1036.0,3.0,0.02103120759837178,0.0938015160139831,1.3880597014925373,0.07306048816284183,0.22490353251843004
gitextensions__gitextensions__2020-06-13_21-41-09,C#,1460319795.0,1485721395.0,321.27777777777777,133.86111111111111,11940.361111111111,1043.638888888889,21.555555555555557,6.833333333333333,8.36111111111111,1501745.1986847466,36,73,2894.0,6.0,0.03215372907153729,0.30967953167792006,2.315068493150685,0.07884217565383878,0.3162487916616506
gitextensions__gitextensions__2020-06-13_21-41-09,C#,1485721395.0,1511122995.0,414.75,223.32692307692307,16079.115384615385,1504.4038461538462,32.59615384615385,12.403846153846153,8.903846153846153,2037535.2887273107,52,135,3981.0,5.0,0.01597567716970702,0.3466728536873281,2.140740740740741,0.2630704693349156,0.25870116282034583
gitextensions__gitextensions__2020-06-13_21-41-09,C#,1511122995.0,1536524595.0,2101.5208333333335,763.4166666666666,67507.5,4767.875,104.6875,43.416666666666664,38.479166666666664,6665147.471151583,48,193,24870.0,5.0,0.013843911917098446,0.5483837376253682,2.6580310880829017,0.23856382301559476,0.1922760588800649
gitextensions__gitextensions__2020-06-13_21-41-09,C#,1536524595.0,1561926195.0,726.2333333333333,364.15,27527.716666666667,2411.366666666667,46.416666666666664,20.183333333333334,14.3,2286469.6001372957,60,113,7721.0,5.0,0.025837547408343868,0.34971246997496924,2.893805309734513,0.2529825460214601,0.21857881876564383
gitextensions__gitextensions__2020-06-13_21-41-09,C#,1561926195.0,1587327795.0,557.8636363636364,276.84090909090907,21678.909090909092,1863.3636363636363,35.70454545454545,13.204545454545455,9.431818181818182,2139979.0759591935,44,124,5652.0,5.0,0.021570941515866773,0.3373566456659673,2.653225806451613,0.007851066566626708,0.2446491353894652
gitlabhq__gitlabhq__2020-06-11_10-44-27,Ruby,1334955651.0,1360357251.0,435.1011235955056,223.8876404494382,11545.76404494382,1287.741573033708,47.59550561797753,30.97752808988764,14.393258426966293,423553.9231102409,89,104,7195.0,5.0,0.029873039581777446,0.4591376517283715,3.076923076923077,0.29084440519005206,0.3961355334104144
gitlabhq__gitlabhq__2020-06-11_10-44-27,Ruby,1360357251.0,1385758851.0,307.68817204301075,172.66666666666666,8290.935483870968,981.5806451612904,38.634408602150536,25.881720430107528,13.021505376344086,329741.65764140495,93,130,4509.0,5.0,0.016756112104949313,0.36309739310950107,2.1615384615384614,0.166668500000002,0.4284924318075209
gitlabhq__gitlabhq__2020-06-11_10-44-27,Ruby,1385758851.0,1411160451.0,229.31147540983608,132.9672131147541,6503.11475409836,732.7540983606557,24.475409836065573,15.62295081967213,10.368852459016393,284795.29489719216,122,176,4260.0,5.0,0.01107142857142857,0.24840124907771965,1.9375,0.20599161194961046,0.33025155859126026
gitlabhq__gitlabhq__2020-06-11_10-44-27,Ruby,1411160451.0,1436562051.0,485.11504424778764,260.76106194690266,13122.176991150442,1408.6902654867256,47.21238938053097,30.353982300884955,16.212389380530972,523682.9573510245,113,205,11329.0,6.0,0.015853658536585366,0.48956327155780555,3.234146341463415,0.2818380882192947,0.3605414078346003
gitlabhq__gitlabhq__2020-06-11_10-44-27,Ruby,1436562051.0,1461963651.0,703.3579545454545,381.60795454545456,19785.11931818182,2150.130681818182,69.57954545454545,46.40340909090909,23.551136363636363,965689.223628676,176,281,17252.0,6.0,0.01495932892730046,0.4670748495306752,4.1886120996441285,0.021970419545748188,0.2890770017426721
gitlabhq__gitlabhq__2020-06-11_10-44-27,Ruby,1461963651.0,1487365251.0,1003.3703703703703,546.0296296296297,27750.933333333334,3088.3888888888887,90.73703703703704,64.52592592592593,29.877777777777776,1607098.3003054191,270,455,37557.0,6.0,0.013177131238805248,0.46407118837717887,5.9824175824175825,0.24929717218925718,0.2291180730151096
gitlabhq__gitlabhq__2020-06-11_10-44-27,Ruby,1487365251.0,1512766851.0,1869.4449760765551,986.200956937799,51117.92822966507,5636.545454545455,158.12918660287082,117.0,44.80861244019139,2825638.5371169136,209,468,58841.0,5.0,0.017432603085708008,0.5402895298913017,8.14102564102564,0.17700332013184472,0.22230592619914005
gitlabhq__gitlabhq__2020-06-11_10-44-27,Ruby,1512766851.0,1538168451.0,1281.1565217391305,723.0130434782609,36398.60434782608,4013.391304347826,118.32608695652173,88.01739130434783,30.878260869565217,2053683.337856907,230,457,45229.0,5.0,0.01692963261545549,0.4005414718708402,7.719912472647702,0.18625068283276114,0.21241428351397082
gitlabhq__gitlabhq__2020-06-11_10-44-27,Ruby,1538168451.0,1563570051.0,769.5960451977401,442.8757062146893,22045.12429378531,2483.909604519774,65.99717514124293,51.87005649717514,16.098870056497177,1341564.1731867255,354,596,42408.0,7.0,0.012151034910608538,0.35995784218454974,7.22986577181208,0.12291733416141182,0.2389165483084106
gitlabhq__gitlabhq__2020-06-11_10-44-27,Ruby,1563570051.0,1588971651.0,1028.869109947644,610.3664921465969,29831.8167539267,3434.2722513089006,92.6544502617801,75.60732984293193,9.738219895287958,1415449.187558607,191,446,23610.0,6.0,0.007502393308812415,0.3126878234784432,3.3385650224215246,0.23347510879936317,0.22000022728994567
gitlabhq__omnibus-gitlab__2020-06-11_13-32-12,Ruby,1411596232.0,1436997832.0,250.66666666666666,135.0,8371.666666666666,725.0,29.333333333333332,12.666666666666666,16.666666666666668,402767.65991328907,3,3,22.0,1.0,0.3333333333333333,0.0,0.6666666666666666,1.999999999946489e-06,0.34558823529411764
gitlabhq__omnibus-gitlab__2020-06-11_13-32-12,Ruby,1436997832.0,1462399432.0,138.875,84.375,4447.125,436.375,20.0,7.875,10.625,429969.528982821,8,8,14.0,3.0,0.125,0.0,0.875,1.999999998170132e-06,0.21610510391248097
gitlabhq__omnibus-gitlab__2020-06-11_13-32-12,Ruby,1462399432.0,1487801032.0,358.2857142857143,234.5,11634.107142857143,1257.0,32.57142857142857,23.071428571428573,10.178571428571429,361716.14173988224,28,31,503.0,4.0,0.04838709677419355,0.3240143369175627,1.4516129032258065,0.28662397038228526,0.08123735530339056
gitlabhq__omnibus-gitlab__2020-06-11_13-32-12,Ruby,1487801032.0,1513202632.0,244.13636363636363,161.5,8026.931818181818,860.75,22.977272727272727,16.022727272727273,8.909090909090908,246988.92972168987,44,48,1087.0,5.0,0.04565602836879433,0.30154479521739586,2.1458333333333335,0.12660325578259302,0.17403145305712014
gitlabhq__omnibus-gitlab__2020-06-11_13-32-12,Ruby,1513202632.0,1538604232.0,164.91304347826087,105.71739130434783,5324.021739130435,609.7608695652174,13.23913043478261,9.58695652173913,6.369565217391305,180562.22655057372,46,64,924.0,6.0,0.023809523809523808,0.20167514399851355,1.5,0.06396175223128198,0.17565370001148245
gitlabhq__omnibus-gitlab__2020-06-11_13-32-12,Ruby,1538604232.0,1564005832.0,176.93333333333334,108.86666666666666,5785.488888888889,606.2888888888889,15.6,10.311111111111112,7.2,220072.2316632128,45,66,1119.0,4.0,0.029603729603729603,0.20816102508892478,1.9242424242424243,0.06705455923772563,0.17327327772988735
gitlabhq__omnibus-gitlab__2020-06-11_13-32-12,Ruby,1564005832.0,1589407432.0,110.734375,70.328125,3880.9375,355.671875,8.296875,5.625,4.3125,178269.36851597432,64,91,1066.0,5.0,0.01684981684981685,0.20079992873328567,1.5164835164835164,0.0985533981791048,0.15271064362775522
GNOME__gtk__2020-06-13_12-30-17,C,880707167.0,906108767.0,1883.8666666666666,926.6,43516.63333333333,5119.6,161.66666666666666,30.133333333333333,22.833333333333332,49728257.569329366,30,31,4813.0,6.0,0.11827956989247311,0.47386985302944556,3.5483870967741935,0.2804722480694072,0.21700313844784944
GNOME__gtk__2020-06-13_12-30-17,C,906108767.0,931510367.0,694.6578947368421,251.07894736842104,15445.421052631578,1427.657894736842,50.026315789473685,7.7894736842105265,9.657894736842104,17833129.624294784,38,44,1669.0,4.0,0.054968287526427066,0.39033690946734434,2.3636363636363638,0.12670871704498787,0.1554097003078656
GNOME__gtk__2020-06-13_12-30-17,C,931510367.0,956911967.0,857.2307692307693,337.5769230769231,21254.5,2182.6153846153848,60.07692307692308,10.26923076923077,10.961538461538462,5202708.994979899,26,27,2754.0,5.0,0.13675213675213674,0.4800624272846495,3.5555555555555554,0.22362229598991745,0.27928133764552915
GNOME__gtk__2020-06-13_12-30-17,C,956911967.0,982313567.0,1377.9259259259259,587.4814814814815,33279.81481481482,3207.1481481481483,95.07407407407408,18.037037037037038,14.481481481481481,17304525.177904025,27,44,2003.0,5.0,0.04862579281183932,0.3076597014097014,2.090909090909091,0.10562638050541207,0.12514991895034822
GNOME__gtk__2020-06-13_12-30-17,C,982313567.0,1007715167.0,1688.054054054054,712.081081081081,44690.7027027027,3804.6216216216217,115.16216216216216,24.56756756756757,22.243243243243242,38391499.69794099,37,65,5210.0,5.0,0.05,0.5400022163755791,3.2,0.39275646174731493,0.17001659743440384
GNOME__gtk__2020-06-13_12-30-17,C,1007715167.0,1033116767.0,946.5813953488372,401.69767441860466,24752.81395348837,2176.813953488372,74.30232558139535,12.674418604651162,20.6046511627907,25941297.337449834,43,64,4734.0,4.0,0.04836309523809524,0.43125500466332384,3.046875,0.22086267676852012,0.20487371004523658
GNOME__gtk__2020-06-13_12-30-17,C,1033116767.0,1058518367.0,1203.8064516129032,431.741935483871,30974.129032258064,2484.5806451612902,77.2258064516129,14.225806451612904,18.612903225806452,26431874.456274047,31,69,5120.0,4.0,0.0370843989769821,0.4471479618942265,2.5217391304347827,0.21119056014028736,0.2018162680226591
GNOME__gtk__2020-06-13_12-30-17,C,1058518367.0,1083919967.0,1328.3170731707316,551.8536585365854,35775.70731707317,2941.951219512195,95.8780487804878,19.365853658536587,25.097560975609756,23917134.40556306,41,59,4603.0,4.0,0.04763296317942724,0.41339469502050724,2.76271186440678,0.18578291774067957,0.15137817158634623
GNOME__gtk__2020-06-13_12-30-17,C,1083919967.0,1109321567.0,1098.34375,472.34375,28288.4375,2507.3125,77.375,15.21875,28.96875,30693823.92681644,32,54,3116.0,4.0,0.0429769392033543,0.3495154718193934,2.2777777777777777,0.18590401350604446,0.17912703068558267
GNOME__gtk__2020-06-13_12-30-17,C,1109321567.0,1134723167.0,990.0,426.61764705882354,25499.058823529413,2426.970588235294,78.0,11.470588235294118,24.38235294117647,27386643.269708965,34,72,4097.0,5.0,0.027582159624413145,0.24784720544524466,1.9583333333333333,0.16854668613270885,0.1742159550299354
GNOME__gtk__2020-06-13_12-30-17,C,1134723167.0,1160124767.0,1249.909090909091,519.7575757575758,33241.666666666664,2798.6363636363635,86.6969696969697,17.575757575757574,28.484848484848484,71230746.61028293,33,69,3269.0,4.0,0.02877237851662404,0.31172407990838397,1.9565217391304348,0.1603166362741535,0.21205687025598152
GNOME__gtk__2020-06-13_12-30-17,C,1160124767.0,1185526367.0,703.5925925925926,292.537037037037,19411.055555555555,1570.9814814814815,52.648148148148145,9.444444444444445,15.962962962962964,17576567.95337745,54,78,4169.0,6.0,0.03463203463203463,0.3328478955776972,2.6666666666666665,0.21431064002509104,0.20316301947507848
GNOME__gtk__2020-06-13_12-30-17,C,1185526367.0,1210927967.0,422.188679245283,187.43396226415095,11327.490566037735,990.1320754716982,30.58490566037736,4.867924528301887,11.81132075471698,9950546.224191844,53,80,2346.0,5.0,0.030063291139240507,0.35854801936483527,2.375,0.20088603226106416,0.23251180056722875
GNOME__gtk__2020-06-13_12-30-17,C,1210927967.0,1236329567.0,682.25,257.13235294117646,17805.029411764706,1384.0588235294117,44.26470588235294,8.926470588235293,19.073529411764707,19555498.184109353,68,113,6444.0,4.0,0.027970922882427307,0.36324764837793944,3.1327433628318584,0.006247530417391123,0.18869175528742319
GNOME__gtk__2020-06-13_12-30-17,C,1236329567.0,1261731167.0,474.6923076923077,195.75824175824175,13203.692307692309,1040.3186813186812,30.34065934065934,7.868131868131868,12.703296703296703,17985308.486322433,91,137,7130.0,6.0,0.019106912838127953,0.25520062945985134,2.5985401459854014,0.1308713334484678,0.2241753195227522
GNOME__gtk__2020-06-13_12-30-17,C,1261731167.0,1287132767.0,1234.1758241758241,448.46153846153845,32621.01098901099,2379.835164835165,57.35164835164835,14.461538461538462,26.10989010989011,29321925.727365516,91,180,25426.0,6.0,0.017721911855990067,0.44837991031785485,3.172222222222222,0.10624005430243477,0.2796575915706721
GNOME__gtk__2020-06-13_12-30-17,C,1287132767.0,1312534367.0,1752.009708737864,691.1844660194175,49439.155339805824,3773.650485436893,99.64077669902913,28.0873786407767,37.067961165048544,32436822.186655536,103,181,25863.0,5.0,0.02065684468999386,0.4576864347157309,3.718232044198895,0.06631645821062637,0.3217932138996226
GNOME__gtk__2020-06-13_12-30-17,C,1312534367.0,1337935967.0,938.3873873873874,474.5765765765766,27276.72972972973,2506.6486486486488,82.10810810810811,22.396396396396398,22.17117117117117,20886132.683552004,111,163,16456.0,6.0,0.018480648337499052,0.40364377332624873,2.9938650306748467,0.008744477482278246,0.3378432068762307
GNOME__gtk__2020-06-13_12-30-17,C,1337935967.0,1363337567.0,612.8854166666666,304.65625,18017.729166666668,1590.3854166666667,49.8125,13.041666666666666,14.604166666666666,14744259.738933943,96,148,8174.0,6.0,0.019994484280198566,0.35915330797048783,2.939189189189189,0.03951786568841742,0.31689315973313453
GNOME__gtk__2020-06-13_12-30-17,C,1363337567.0,1388739167.0,568.3097345132743,264.070796460177,16512.12389380531,1516.424778761062,40.309734513274336,10.4070796460177,14.176991150442477,13080961.04994794,113,168,12914.0,5.0,0.02042343883661249,0.3981907281458955,3.4107142857142856,0.31384253679608987,0.2555665660717537
GNOME__gtk__2020-06-13_12-30-17,C,1388739167.0,1414140767.0,997.040404040404,459.7171717171717,28887.959595959597,2567.090909090909,85.98989898989899,25.858585858585858,30.282828282828284,34643120.00863098,99,203,16538.0,5.0,0.01526605862556699,0.4583740558506363,3.083743842364532,0.06902458301374137,0.32660780943019013
GNOME__gtk__2020-06-13_12-30-17,C,1414140767.0,1439542367.0,728.8888888888889,356.06060606060606,21740.050505050505,1975.6363636363637,60.27272727272727,14.717171717171718,21.353535353535353,16696283.684864948,99,173,9168.0,5.0,0.015089393735717166,0.3669943208351771,2.5953757225433525,0.24162793562153173,0.2991932454552651
GNOME__gtk__2020-06-13_12-30-17,C,1439542367.0,1464943967.0,1114.1720430107528,492.8709677419355,33715.408602150535,2851.2150537634407,72.27956989247312,18.9247311827957,35.02150537634409,31317562.14827809,93,213,21278.0,6.0,0.013929488882983437,0.35393640188274095,2.9530516431924885,0.29277367477424854,0.3069176468707543
GNOME__gtk__2020-06-13_12-30-17,C,1464943967.0,1490345567.0,1289.4285714285713,651.1688311688312,39120.28571428572,3530.5714285714284,90.59740259740259,28.87012987012987,24.935064935064936,32140950.783437535,77,212,27536.0,6.0,0.013077886077081284,0.4267900857927134,2.759433962264151,0.10452413010742101,0.2919266963102631
GNOME__gtk__2020-06-13_12-30-17,C,1490345567.0,1515747167.0,1582.7727272727273,763.8636363636364,47019.71212121212,4279.363636363636,113.45454545454545,29.666666666666668,39.121212121212125,44876157.75401696,66,219,27452.0,5.0,0.012295253655062628,0.41566569038582907,2.680365296803653,0.38130360042039213,0.26645831777536755
GNOME__gtk__2020-06-13_12-30-17,C,1515747167.0,1541148767.0,1271.2328767123288,560.4383561643835,36384.75342465754,3032.109589041096,84.86301369863014,26.958904109589042,24.246575342465754,28970304.317020547,73,200,22390.0,5.0,0.013618090452261306,0.43066764767260096,2.71,0.1834950221072814,0.32492350514299295
GNOME__gtk__2020-06-13_12-30-17,C,1541148767.0,1566550367.0,1405.8529411764705,659.1617647058823,41081.720588235294,3634.8823529411766,109.69117647058823,26.852941176470587,32.26470588235294,42191851.89203433,68,194,16387.0,5.0,0.011270765450563538,0.36363813262643946,2.1752577319587627,0.3055347689224439,0.263765815660481
GNOME__gtk__2020-06-13_12-30-17,C,1566550367.0,1591951967.0,2285.3571428571427,1011.6714285714286,66844.11428571428,5728.771428571428,147.5,46.02857142857143,46.32857142857143,58342938.797448255,70,253,37464.0,4.0,0.011324424367902628,0.45409162899277844,2.8537549407114624,0.2925628040759852,0.35614429205628334
go-kit__kit__2020-06-14_00-16-47,Go,1434316363.0,1459717963.0,443.030303030303,275.24242424242425,10730.272727272728,1817.3636363636363,34.63636363636363,13.545454545454545,6.0,362690.2092635975,33,35,862.0,3.0,0.031932773109243695,0.17199322416713722,1.0857142857142856,0.016934053246878022,0.2224172261552245
go-kit__kit__2020-06-14_00-16-47,Go,1459717963.0,1485119563.0,467.5897435897436,273.02564102564105,12690.102564102564,1951.4102564102564,33.69230769230769,17.53846153846154,7.128205128205129,443836.3195137794,39,52,1299.0,4.0,0.023378582202111614,0.23060168997669,1.1923076923076923,0.07519952061546475,0.23525399432964203
go-kit__kit__2020-06-14_00-16-47,Go,1485119563.0,1510521163.0,243.03225806451613,127.25806451612904,6283.0,872.1290322580645,17.0,7.709677419354839,4.032258064516129,249914.57526542412,31,44,927.0,5.0,0.03224101479915434,0.30662948162948167,1.3863636363636365,0.053933671286803486,0.33022716243824235
go-kit__kit__2020-06-14_00-16-47,Go,1510521163.0,1535922763.0,107.95238095238095,67.80952380952381,2569.6666666666665,463.8095238095238,5.190476190476191,3.0476190476190474,1.7142857142857142,126911.61474048493,21,28,47.0,2.0,0.01984126984126984,0.0,0.5357142857142857,1.999999998503199e-06,0.1969296774284278
go-kit__kit__2020-06-14_00-16-47,Go,1535922763.0,1561324363.0,78.45454545454545,46.333333333333336,1973.1515151515152,296.1515151515151,5.909090909090909,2.9393939393939394,1.3333333333333333,76476.54619663137,33,49,237.0,2.0,0.01403061224489796,0.0,0.673469387755102,2.0000000005016005e-06,0.2162507238980011
go-kit__kit__2020-06-14_00-16-47,Go,1561324363.0,1586725963.0,93.5,40.6,2564.6,265.0,7.2,1.2,2.3,102068.26853044714,10,27,92.0,3.0,0.034188034188034185,0.049943883277216605,0.8888888888888888,0.024190456361943724,0.26568254787295037
godotengine__godot__2020-06-13_23-35-41,C++,1410518284.0,1435919884.0,651.4625,324.725,15900.7,2634.95,74.7625,18.3,8.7125,9776897.213988554,80,86,721.0,4.0,0.013269493844049247,0.149671729156779,1.127906976744186,0.13553663034019658,0.11432594574305813
godotengine__godot__2020-06-13_23-35-41,C++,1435919884.0,1461321484.0,675.0652173913044,264.5,14697.619565217392,1995.6847826086957,64.53260869565217,13.673913043478262,11.554347826086957,5807505.8970710635,92,129,4949.0,5.0,0.015019379844961241,0.2778485754678311,1.9224806201550388,0.026240358466461777,0.10252145836556459
godotengine__godot__2020-06-13_23-35-41,C++,1461321484.0,1486723084.0,761.1,323.9,18505.735714285714,2681.035714285714,75.25,18.84285714285714,11.121428571428572,10453955.57264658,140,215,8732.0,6.0,0.010975874809823953,0.2991291082543767,2.3488372093023258,0.22913333491555543,0.18162514254468393
godotengine__godot__2020-06-13_23-35-41,C++,1486723084.0,1512124684.0,610.6880341880342,235.67521367521368,16352.752136752137,1984.3119658119658,54.743589743589745,14.136752136752136,9.948717948717949,6907145.219039068,234,322,17231.0,7.0,0.012006346626419768,0.32463931797041845,3.8540372670807455,0.12429017805373666,0.18015634550604961
godotengine__godot__2020-06-13_23-35-41,C++,1512124684.0,1537526284.0,425.5779220779221,192.8896103896104,12345.65909090909,1532.1753246753246,47.19805194805195,12.444805194805195,8.532467532467532,5260212.342640804,308,421,16038.0,6.0,0.008907363420427554,0.2915847329344426,3.7410926365795723,0.07398065829865264,0.21052887005623208
godotengine__godot__2020-06-13_23-35-41,C++,1537526284.0,1562927884.0,358.65045592705167,157.16717325227964,10490.218844984802,1256.966565349544,38.02431610942249,7.899696048632219,8.145896656534955,5311613.376168876,329,517,14344.0,6.0,0.006379979907936365,0.3429964487358035,3.2920696324951644,0.17296347669836976,0.2201639066404468
godotengine__godot__2020-06-13_23-35-41,C++,1562927884.0,1588329484.0,405.81879194630875,167.11073825503357,11769.412751677852,1307.0771812080536,39.375838926174495,9.265100671140939,8.308724832214764,6859914.815518668,298,561,18001.0,6.0,0.005735930735930736,0.32175682805615197,3.212121212121212,0.17852382484804186,0.26393403767825685
golang__go__2020-06-13_22-24-40,Go,1185179996.0,1210581596.0,904.6666666666666,773.3333333333334,18675.333333333332,7977.666666666667,81.0,34.0,13.666666666666666,2414160.8533721752,3,3,100.0,1.0,0.3333333333333333,0.0,0.6666666666666666,2.0000000000575113e-06,0.023359436950316326
golang__go__2020-06-13_22-24-40,Go,1210581596.0,1235983196.0,22885.333333333332,11531.666666666666,404430.1666666667,86207.83333333333,2456.6666666666665,673.0,228.66666666666666,153774412.16630384,6,6,9625.0,2.0,0.7333333333333333,0.9,3.6666666666666665,0.30505716713707276,0.16900633813548893
golang__go__2020-06-13_22-24-40,Go,1235983196.0,1261384796.0,4133.316666666667,1685.3,71360.68333333333,13086.45,348.03333333333336,87.85,35.916666666666664,26317353.907215875,60,61,35229.0,4.0,0.051092896174863386,0.6450048439355724,3.0655737704918034,0.349093162682118,0.14004039731584497
golang__go__2020-06-13_22-24-40,Go,1261384796.0,1286786396.0,1354.6708860759493,739.3544303797469,29149.063291139242,5322.9240506329115,154.43037974683546,35.49367088607595,19.835443037974684,7560801.942399711,79,105,12779.0,5.0,0.03333333333333333,0.5083683050097325,3.466666666666667,0.29170397757516386,0.20979492435914188
golang__go__2020-06-13_22-24-40,Go,1286786396.0,1312187996.0,1346.4324324324325,723.8198198198198,30769.162162162163,5057.531531531532,155.66666666666666,37.270270270270274,20.207207207207208,7480428.5200793035,111,149,18004.0,5.0,0.0321966261563577,0.5657094580592372,4.76510067114094,0.2668494149900823,0.20664645567935563
golang__go__2020-06-13_22-24-40,Go,1312187996.0,1337589596.0,1304.3357664233577,679.1751824817518,29530.328467153286,4513.211678832116,135.94160583941607,34.97810218978102,22.26277372262774,4785461.481799914,137,202,25798.0,5.0,0.023250086202650115,0.596118491864245,4.673267326732673,0.29795153284766174,0.23548338037867034
golang__go__2020-06-13_22-24-40,Go,1337589596.0,1362991196.0,804.1783439490446,438.8789808917197,18336.745222929938,2955.828025477707,87.90445859872611,20.50955414012739,13.585987261146498,5564919.9010232985,157,221,14573.0,6.0,0.016947758124228714,0.41515084516314366,3.728506787330317,0.18344219707810927,0.24786748764556685
golang__go__2020-06-13_22-24-40,Go,1362991196.0,1388392796.0,657.5693430656934,381.2773722627737,15602.919708029198,2636.2773722627735,74.5912408759124,17.029197080291972,14.036496350364963,5123199.025502197,137,226,11349.0,6.0,0.014690265486725664,0.3750608413221603,3.3053097345132745,0.1819678929191284,0.2867907980258199
golang__go__2020-06-13_22-24-40,Go,1388392796.0,1413794396.0,743.8111888111888,409.041958041958,17672.545454545456,2781.713286713287,82.13986013986013,19.027972027972027,14.797202797202797,5886951.349458218,143,242,13582.0,6.0,0.014042728301498577,0.38319943385103655,3.384297520661157,0.2932039735310046,0.21263761013911606
golang__go__2020-06-13_22-24-40,Go,1413794396.0,1439195996.0,1095.1041666666667,540.2552083333334,24765.96875,3645.2447916666665,109.44270833333333,23.567708333333332,16.5625,4659761.34423498,192,329,21625.0,5.0,0.010258358662613981,0.34408362645455626,3.364741641337386,0.052291168556902634,0.2662302317590864
golang__go__2020-06-13_22-24-40,Go,1439195996.0,1464597596.0,1004.7230046948357,486.8779342723005,23133.924882629108,3409.8403755868544,102.30046948356808,23.779342723004696,16.183098591549296,4343693.595076334,213,409,31627.0,5.0,0.009714032312191381,0.35963973728619214,3.9633251833740832,0.13392647717060469,0.24134288342419719
golang__go__2020-06-13_22-24-40,Go,1464597596.0,1489999196.0,743.9215686274509,376.26666666666665,17246.09411764706,2530.7921568627453,76.67843137254901,16.75294117647059,11.745098039215685,3949819.017230535,255,470,31436.0,8.0,0.007616930544844169,0.32721796944411075,3.572340425531915,0.09827890232368597,0.2776106163640086
golang__go__2020-06-13_22-24-40,Go,1489999196.0,1515400796.0,441.06590257879657,224.0487106017192,10545.398280802292,1515.7936962750716,47.5730659025788,10.564469914040115,8.326647564469914,2911223.798752713,349,556,26049.0,6.0,0.005703545271890595,0.254708417730771,3.1654676258992804,0.12016178749257389,0.25980169240002393
golang__go__2020-06-13_22-24-40,Go,1515400796.0,1540802396.0,458.954802259887,246.49435028248587,11032.101694915254,1640.0197740112994,46.8954802259887,11.310734463276836,7.81638418079096,3943898.229438383,354,616,26479.0,7.0,0.005215922289093021,0.2542374599955909,3.207792207792208,0.020366584769051843,0.34352596606444724
golang__go__2020-06-13_22-24-40,Go,1540802396.0,1566203996.0,394.56949152542376,210.5186440677966,10038.535593220338,1431.420338983051,40.779661016949156,9.07457627118644,7.31864406779661,2481314.7281658994,295,554,17583.0,6.0,0.005062638316762523,0.23588720274803993,2.799638989169675,0.09615139238948622,0.3124414483623947
golang__go__2020-06-13_22-24-40,Go,1566203996.0,1591605596.0,530.2278911564625,263.89115646258506,13298.404761904761,1872.608843537415,52.6156462585034,12.605442176870747,8.860544217687075,4141148.983910648,294,546,28743.0,7.0,0.0056423698625533494,0.2258216561472524,3.0750915750915753,0.04172815207053948,0.3506242476974661
GoogleCloudPlatform__nodejs-docs-samples__2020-06-13_17-38-30,JavaScript,1446168494.0,1471570094.0,2016.0,1128.4166666666667,53517.666666666664,7091.083333333333,219.25,153.16666666666666,8.333333333333334,1659007.5828240076,12,14,639.0,3.0,0.10989010989010989,0.3372294372294372,1.4285714285714286,0.022338399024758093,0.22075580167044812
GoogleCloudPlatform__nodejs-docs-samples__2020-06-13_17-38-30,JavaScript,1471570094.0,1496971694.0,1408.9,435.8,42801.95,2999.65,83.55,67.9,5.45,855272.3350842472,20,27,1409.0,3.0,0.038461538461538464,0.18059964726631395,1.0,0.00753863387231446,0.4116694995780761
GoogleCloudPlatform__nodejs-docs-samples__2020-06-13_17-38-30,JavaScript,1496971694.0,1522373294.0,778.2,348.6666666666667,22858.266666666666,2282.3333333333335,55.46666666666667,41.266666666666666,6.2,716055.8437847899,15,20,1229.0,4.0,0.06315789473684211,0.13825396825396824,1.2,0.2988552985851435,0.4129427679327264
GoogleCloudPlatform__nodejs-docs-samples__2020-06-13_17-38-30,JavaScript,1522373294.0,1547774894.0,502.6896551724138,278.48275862068965,14134.689655172413,1635.9310344827586,39.0,29.379310344827587,4.655172413793103,466942.48455311137,29,35,1701.0,4.0,0.047058823529411764,0.31383676547542094,1.6,0.18384668506768542,0.38639492528368097
GoogleCloudPlatform__nodejs-docs-samples__2020-06-13_17-38-30,JavaScript,1547774894.0,1573176494.0,625.5454545454545,212.3939393939394,15797.939393939394,1188.060606060606,31.96969696969697,25.09090909090909,5.0606060606060606,382594.0626661817,33,47,7512.0,4.0,0.06521739130434782,0.500248378560084,3.0,0.2813571583612079,0.35336929635631376
gothinkster__flask-realworld-example-app__2020-06-13_00-30-16,Python,1530885619.0,1556287219.0,34.333333333333336,9.666666666666666,678.3333333333334,75.33333333333333,2.0,1.0,3.0,13254.15283734419,3,5,62.0,2.0,0.25,0.3333333333333333,1.0,0.027594049073926152,0.6201146430432517
graphql-dotnet__graphql-dotnet__2020-06-14_08-01-06,C#,1449820540.0,1475222140.0,1568.7272727272727,1115.8181818181818,41781.27272727273,5022.636363636364,121.36363636363636,75.0909090909091,10.545454545454545,2666402.6082191006,11,13,823.0,3.0,0.1858974358974359,0.5435897435897435,2.230769230769231,0.16845993856609176,0.22025272315198507
graphql-dotnet__graphql-dotnet__2020-06-14_08-01-06,C#,1475222140.0,1500623740.0,604.7333333333333,416.06666666666666,18164.066666666666,2221.866666666667,50.333333333333336,26.0,8.0,642474.6549836457,15,19,342.0,2.0,0.09941520467836257,0.4210268317853457,1.7894736842105263,0.20050670526154224,0.15113812190687098
graphql-dotnet__graphql-dotnet__2020-06-14_08-01-06,C#,1500623740.0,1526025340.0,364.7857142857143,241.75,11415.0,1304.4285714285713,31.428571428571427,16.857142857142858,4.214285714285714,428278.9000061696,28,43,1012.0,5.0,0.044850498338870434,0.39432358089522374,1.8837209302325582,0.14105471202486597,0.276874929588918
graphql-dotnet__graphql-dotnet__2020-06-14_08-01-06,C#,1526025340.0,1551426940.0,243.89473684210526,169.39473684210526,6957.315789473684,951.2105263157895,16.81578947368421,10.710526315789474,2.8947368421052633,292377.49692110077,38,63,1118.0,5.0,0.027649769585253454,0.2886062438443391,1.7142857142857142,0.13864318392042063,0.19006208542989134
graphql-dotnet__graphql-dotnet__2020-06-14_08-01-06,C#,1551426940.0,1576828540.0,602.1052631578947,337.3157894736842,18730.894736842107,1884.578947368421,61.78947368421053,34.63157894736842,6.894736842105263,768375.164120754,19,71,3208.0,3.0,0.02635814889336016,0.3963344089542295,1.8450704225352113,0.17566511080659708,0.2675309699526992
grpc__grpc__2020-06-13_01-25-27,C++,1439873493.0,1465275093.0,1996.8765432098764,890.0370370370371,64124.87654320987,5561.6543209876545,131.77777777777777,62.123456790123456,42.876543209876544,6309422.93529491,81,106,13874.0,5.0,0.036208445642407903,0.41951794982053964,3.80188679245283,0.188622655121102,0.2702451137753387
grpc__grpc__2020-06-13_01-25-27,C++,1465275093.0,1490676693.0,2181.4285714285716,971.9350649350649,73308.06493506493,6216.935064935065,146.6103896103896,58.84415584415584,47.12987012987013,8965200.080230366,77,111,16097.0,5.0,0.04037674037674038,0.48451172827893635,4.441441441441442,0.034762083399820454,0.25097087247679967
grpc__grpc__2020-06-13_01-25-27,C++,1490676693.0,1516078293.0,1416.978494623656,574.3763440860215,45527.24731182796,3758.3655913978496,84.16129032258064,34.03225806451613,31.161290322580644,6345491.196968813,93,127,21346.0,5.0,0.03280839895013123,0.4084746373356031,4.133858267716535,0.23464016596280124,0.2815686862357392
grpc__grpc__2020-06-13_01-25-27,C++,1516078293.0,1541479893.0,952.9126213592233,432.8349514563107,32697.485436893203,2778.2038834951454,61.05825242718446,28.058252427184467,21.155339805825243,3664757.8227305985,103,146,10260.0,8.0,0.021209258384506376,0.3150023527296214,3.0753424657534247,0.20075184265981605,0.18872245402682114
grpc__grpc__2020-06-13_01-25-27,C++,1541479893.0,1566881493.0,1034.7117117117118,472.990990990991,35363.117117117115,2957.900900900901,71.82882882882883,37.0990990990991,20.405405405405407,5537923.858928626,111,169,13014.0,6.0,0.020005635390250773,0.28293415253478305,3.36094674556213,0.0401443537938827,0.2478121674216365
gstreamer-java__gst1-java-core__2020-06-11_06-59-31,Java,1434733721.0,1460135321.0,635.6666666666666,226.66666666666666,10405.333333333334,2339.6666666666665,20.333333333333332,15.333333333333334,6.666666666666667,844244.6308477694,3,4,5.0,1.0,0.16666666666666666,0.0,0.5,1.9999999990583106e-06,0.02634611994738912
gstreamer-java__gst1-java-core__2020-06-11_06-59-31,Java,1460135321.0,1485536921.0,1135.2,420.6,38875.0,3282.6,62.4,46.0,9.4,1696665.9824761127,5,7,761.0,2.0,0.2142857142857143,0.5190476190476191,1.2857142857142858,0.07746157592707104,0.05806629048640812
gstreamer-java__gst1-java-core__2020-06-11_06-59-31,Java,1485536921.0,1510938521.0,185.2,84.8,5998.6,620.6,17.8,15.0,2.4,184654.1228147265,5,6,163.0,2.0,0.13333333333333333,0.0,0.6666666666666666,2.0000000003905782e-06,0.17316909294512878
gstreamer-java__gst1-java-core__2020-06-11_06-59-31,Java,1510938521.0,1536340121.0,337.0,143.25,11261.25,1081.0,25.25,14.25,3.75,636316.0617786606,4,6,36.0,2.0,0.2,0.49999999999999994,1.0,0.10344230435664992,0.028997028891290837
gstreamer-java__gst1-java-core__2020-06-11_06-59-31,Java,1536340121.0,1561741721.0,2176.75,578.5,68823.75,4458.25,89.5,66.0,11.0,2113413.3517355183,4,11,703.0,2.0,0.12727272727272726,0.3888888888888889,1.2727272727272727,0.06859002632532063,0.057257371831118495
gstreamer-java__gst1-java-core__2020-06-11_06-59-31,Java,1561741721.0,1587143321.0,204.6,108.6,6779.2,797.8,18.0,12.0,2.8,326141.6953999907,5,5,32.0,2.0,0.25,0.4666666666666666,1.0,0.04782870931005312,0.06655721609045745
GTNewHorizons__NewHorizonsCoreMod__2020-06-12_19-24-29,Java,1439477592.0,1464879192.0,2084.0,1121.6666666666667,86286.33333333333,10730.333333333334,192.33333333333334,96.0,37.333333333333336,4358126.103141397,3,4,90.0,3.0,0.3333333333333333,0.0,1.0,2.0000000005016005e-06,0.1618272029034189
GTNewHorizons__NewHorizonsCoreMod__2020-06-12_19-24-29,Java,1464879192.0,1490280792.0,2289.75,897.25,129713.5,23479.5,84.0,17.5,98.0,41594520.38238318,4,4,1177.0,2.0,0.4166666666666667,0.75,1.25,0.04041976741930253,0.07871339789914501
GTNewHorizons__NewHorizonsCoreMod__2020-06-12_19-24-29,Java,1490280792.0,1515682392.0,1055.2,394.8,78160.4,11752.0,31.8,14.0,56.6,32246336.703178316,5,6,231.0,3.0,0.3,0.38888888888888884,1.5,0.09676937045225698,0.030425153493887212
GTNewHorizons__NewHorizonsCoreMod__2020-06-12_19-24-29,Java,1515682392.0,1541083992.0,422.0769230769231,136.30769230769232,25971.46153846154,6008.153846153846,6.923076923076923,2.3846153846153846,23.23076923076923,35911073.50231887,13,14,1153.0,4.0,0.16483516483516483,0.41740362811791387,2.142857142857143,0.15631414454601356,0.42819927677509334
GTNewHorizons__NewHorizonsCoreMod__2020-06-12_19-24-29,Java,1541083992.0,1566485592.0,248.83333333333334,150.33333333333334,15744.666666666666,2934.3333333333335,4.5,2.6666666666666665,14.5,14757841.293874623,6,11,105.0,3.0,0.12727272727272726,0.3090909090909091,1.2727272727272727,0.1387390032976874,0.19504866787787506
GTNewHorizons__NewHorizonsCoreMod__2020-06-12_19-24-29,Java,1566485592.0,1591887192.0,246.88888888888889,124.33333333333333,15322.111111111111,2470.222222222222,6.333333333333333,3.6666666666666665,18.11111111111111,11271626.073358383,9,12,147.0,4.0,0.14393939393939392,0.42698412698412697,1.5833333333333333,0.09358888910206509,0.19389442808686794
guanzhi__GmSSL__2020-06-11_06-10-35,C,1463860033.0,1489261633.0,13585.5,9097.75,374613.0,55009.25,1682.25,425.0,14.5,149860937.86860207,4,4,39.0,1.0,0.25,0.0,0.75,1.9999999993913775e-06,0.3689129365469749
guanzhi__GmSSL__2020-06-11_06-10-35,C,1489261633.0,1514663233.0,5389.166666666667,3233.3333333333335,157602.0,30088.833333333332,619.1666666666666,130.16666666666666,21.666666666666668,28460497.874675155,6,6,419.0,3.0,0.3,0.25,1.5,0.004723932641903628,0.311144775043977
guanzhi__GmSSL__2020-06-11_06-10-35,C,1514663233.0,1540064833.0,2064.3,1314.8,55918.5,10107.0,200.6,39.9,6.1,44308744.43256153,10,10,12.0,2.0,0.08888888888888889,0.0,0.8,1.999999999946489e-06,0.44720315487870277
guanzhi__GmSSL__2020-06-11_06-10-35,C,1540064833.0,1565466433.0,2055.3636363636365,1160.7272727272727,57004.90909090909,7465.727272727273,218.72727272727272,45.36363636363637,7.363636363636363,13339040.925748449,11,11,299.0,2.0,0.09090909090909091,0.0,0.9090909090909091,1.9999999995024e-06,0.29462496368614094
guanzhi__GmSSL__2020-06-11_06-10-35,C,1565466433.0,1590868033.0,741.0,440.5,21521.0,4212.0,80.25,24.25,5.25,5641735.847128906,4,5,36.0,2.0,0.15,0.0,0.6,2.0000000000575113e-06,0.26825299756615
helm__charts__2020-06-11_01-48-27,Go,1458863424.0,1484265024.0,17.857142857142858,11.428571428571429,478.14285714285717,70.85714285714286,0.2857142857142857,0.2857142857142857,1.7142857142857142,11443.82137161336,7,8,11.0,1.0,0.05357142857142857,0.0,0.375,2.0000000000575113e-06,0.18333333333333332
helm__charts__2020-06-11_01-48-27,Go,1484265024.0,1509666624.0,70.15,44.2,1994.35,287.1,3.45,1.5,1.85,31489.451178895244,20,23,74.0,2.0,0.039525691699604744,0.15113871635610768,0.8695652173913043,0.0576771822842046,0.21535161622003726
helm__charts__2020-06-11_01-48-27,Go,1509666624.0,1535068224.0,37.285714285714285,22.023809523809526,1199.0,131.66666666666666,2.142857142857143,0.8571428571428571,1.619047619047619,75125.13482790322,42,49,260.0,3.0,0.016581632653061226,0.14023323615160352,0.7959183673469388,0.05897257397833344,0.3558450898504505
helm__charts__2020-06-11_01-48-27,Go,1535068224.0,1560469824.0,22.037735849056602,11.962264150943396,707.2264150943396,99.88679245283019,0.8867924528301887,0.4528301886792453,1.528301886792453,7050.705304083392,53,62,177.0,4.0,0.012427287149656267,0.11831501831501831,0.7580645161290323,0.06547838836844433,0.27329707091926797
helm__charts__2020-06-11_01-48-27,Go,1560469824.0,1585871424.0,26.953125,18.125,937.5,142.28125,0.828125,0.515625,1.453125,17979.430383364834,64,81,189.0,3.0,0.007407407407407407,0.08436213991769548,0.5925925925925926,2.0000000005016005e-06,0.2621567914088391
Hipo__university-domains-list__2020-06-13_10-42-10,Python,1480010455.0,1505412055.0,54.5,31.0,1781.5,191.5,7.0,2.5,5.0,11185.273035453665,2,2,21.0,1.0,0.5,,0.5,2.0000000000575113e-06,0.15217391304347827
hjespers__teslams__2020-06-14_03-37-24,JavaScript,1385421750.0,1410823350.0,705.0,83.0,16774.0,675.0,27.0,3.0,13.0,300488.9844237639,2,4,137.0,2.0,0.3333333333333333,0.0,1.0,2.0000000000575113e-06,0.47997557997557994
hjespers__teslams__2020-06-14_03-37-24,JavaScript,1410823350.0,1436224950.0,37.0,10.0,1269.5,97.5,4.0,1.0,2.0,50056.85697366207,2,3,5.0,1.0,0.3333333333333333,0.0,0.6666666666666666,1.9999999998354667e-06,0.05952380952380952
hjespers__teslams__2020-06-14_03-37-24,JavaScript,1436224950.0,1461626550.0,342.6666666666667,212.66666666666666,14781.666666666666,1686.0,33.666666666666664,11.333333333333334,13.333333333333334,1079211.3377144013,3,6,15.0,2.0,0.16666666666666669,0.27777777777777773,0.8333333333333334,0.08914534993011847,0.015545818251095446
hjespers__teslams__2020-06-14_03-37-24,JavaScript,1512429750.0,1537831350.0,55.666666666666664,9.0,799.6666666666666,64.33333333333333,0.3333333333333333,0.0,1.3333333333333333,23195.45835219123,3,6,137.0,1.0,0.13333333333333333,0.0,0.6666666666666666,1.999999999613422e-06,0.5144300144300145
home-assistant__home-assistant__2020-06-13_12-17-40,Python,1388746486.0,1414148086.0,3165.0,967.5,96607.0,5574.0,246.5,75.5,48.0,6261624.979973031,2,2,40.0,1.0,0.5,,0.5,2.0000000000575113e-06,0.0033517680576504107
home-assistant__home-assistant__2020-06-13_12-17-40,Python,1414148086.0,1439549686.0,1492.516129032258,714.0,49295.77419354839,4473.1612903225805,137.6451612903226,62.87096774193548,27.93548387096774,36644938.544059135,31,32,1743.0,4.0,0.06149193548387097,0.5089556277056277,1.90625,0.06324788213169263,0.07084765424977697
home-assistant__home-assistant__2020-06-13_12-17-40,Python,1439549686.0,1464951286.0,674.1688311688312,356.44805194805195,21722.363636363636,2025.4935064935064,59.44155844155844,28.772727272727273,16.876623376623378,12193031.296989499,154,170,15029.0,5.0,0.020536025060911938,0.48424437159928146,3.4705882352941178,0.0571277634980184,0.2003688024186976
home-assistant__home-assistant__2020-06-13_12-17-40,Python,1464951286.0,1490352886.0,401.10169491525426,209.59604519774012,13040.375706214689,1361.6271186440679,36.409604519774014,16.86723163841808,7.980225988700565,3697239.929077582,354,441,23452.0,8.0,0.008286951144094001,0.49512218860088825,3.6462585034013606,0.11589043452711378,0.254445321477728
home-assistant__home-assistant__2020-06-13_12-17-40,Python,1490352886.0,1515754486.0,278.0356394129979,158.69392033542977,8985.949685534591,1068.817610062893,24.362683438155138,12.417190775681341,5.262054507337526,2527872.7284846655,477,661,19179.0,8.0,0.004089304543162335,0.36215340203513724,2.698940998487141,0.036763083625231285,0.27975239913255584
home-assistant__home-assistant__2020-06-13_12-17-40,Python,1515754486.0,1541156086.0,318.19890510948903,170.9324817518248,9906.651459854014,1082.014598540146,26.91788321167883,13.187956204379562,5.927007299270073,963795.1667307762,548,913,26806.0,8.0,0.0032906746603639436,0.41210233660789547,3.0010952902519166,0.05361999245065929,0.281629991450417
home-assistant__home-assistant__2020-06-13_12-17-40,Python,1541156086.0,1566557686.0,378.5135135135135,208.58277027027026,12125.336148648648,1305.3631756756756,29.83445945945946,15.35472972972973,6.545608108108108,1275451.0755680788,592,1030,26120.0,9.0,0.002313491277232113,0.2566830086692724,2.3805825242718446,0.005214041752700682,0.2696065940599836
home-assistant__home-assistant__2020-06-13_12-17-40,Python,1566557686.0,1591959286.0,494.84415584415586,259.6948051948052,15413.912337662337,1481.4383116883116,31.13474025974026,15.589285714285714,7.663961038961039,2177005.510523873,616,1241,34375.0,7.0,0.0024849886927815756,0.43112910206403543,3.081385979049154,0.05802857376695503,0.16717190006362792
Homebrew__homebrew-cask__2020-06-13_00-14-26,Ruby,1347090223.0,1372491823.0,388.125,285.875,9713.875,1345.375,49.5,33.75,15.0,222040.45330490053,8,8,89.0,2.0,0.14285714285714285,0.0,1.0,2.000000000612623e-06,0.3898723015255126
Homebrew__homebrew-cask__2020-06-13_00-14-26,Ruby,1372491823.0,1397893423.0,114.5,74.14,3108.4,388.7,14.98,8.58,6.02,69780.48797494313,50,55,778.0,4.0,0.030303030303030304,0.40493417961277334,1.6363636363636365,0.18005549841994795,0.16019374951817153
Homebrew__homebrew-cask__2020-06-13_00-14-26,Ruby,1397893423.0,1423295023.0,484.9166666666667,284.4583333333333,12777.833333333334,1411.8333333333333,64.16666666666667,32.25,20.291666666666668,597444.7837314204,24,44,1133.0,3.0,0.03646934460887949,0.35019260234571237,1.5681818181818181,0.1508324924587301,0.27119273391852716
Homebrew__homebrew-cask__2020-06-13_00-14-26,Ruby,1423295023.0,1448696623.0,31.391304347826086,18.217391304347824,992.0,103.26086956521739,3.0434782608695654,2.3043478260869565,2.1739130434782608,19296.801712436434,23,28,131.0,6.0,0.03439153439153439,0.08712121212121213,0.9285714285714286,0.0232713978280239,0.34840891675287305
Homebrew__homebrew-cask__2020-06-13_00-14-26,Ruby,1448696623.0,1474098223.0,231.63333333333333,116.93333333333334,6435.5,601.5666666666667,23.833333333333332,12.6,9.566666666666666,227401.17419384475,30,67,1559.0,6.0,0.02532790592492085,0.24993041212804468,1.671641791044776,0.12670577519764914,0.45214216204279023
Homebrew__homebrew-cask__2020-06-13_00-14-26,Ruby,1474098223.0,1499499823.0,15.333333333333334,6.222222222222222,417.8888888888889,39.55555555555556,1.3333333333333333,1.0,1.6666666666666667,2322.3365717203174,9,14,38.0,3.0,0.08241758241758242,0.16666666666666666,1.0714285714285714,0.0378754706699127,0.5966070966070967
Homebrew__homebrew-cask__2020-06-13_00-14-26,Ruby,1499499823.0,1524901423.0,12.857142857142858,5.714285714285714,436.7142857142857,39.142857142857146,1.7142857142857142,1.7142857142857142,2.5714285714285716,4326.840206392851,7,12,22.0,2.0,0.07575757575757576,0.27777777777777773,0.8333333333333334,0.33333500000000005,0.4426590851009456
Homebrew__homebrew-cask__2020-06-13_00-14-26,Ruby,1524901423.0,1550303023.0,55.333333333333336,25.0,1513.0,130.33333333333334,4.333333333333333,1.3333333333333333,7.0,56828.81129179408,3,5,14.0,2.0,0.15,0.0,0.6,2.000000000279556e-06,0.05563725490196079
Homebrew__homebrew-cask__2020-06-13_00-14-26,Ruby,1550303023.0,1575704623.0,162.6,96.4,4760.0,658.2,13.6,4.6,11.6,285958.6660132641,5,5,2.0,2.0,0.1,0.0,0.4,1.999999999946489e-06,0.04026315789473684
Homebrew__homebrew-core__2020-06-11_15-11-44,Ruby,1261649162.0,1287050762.0,39.25085910652921,24.575601374570446,1010.6460481099656,90.33676975945018,2.4690721649484537,1.9140893470790379,4.034364261168385,3638.3245158904083,582,655,3265.0,13.0,0.002007610243481103,0.2099180365284418,1.3129770992366412,0.05670602094414379,0.2582323623488965
Homebrew__homebrew-core__2020-06-11_15-11-44,Ruby,1287050762.0,1312452362.0,22.26641883519207,12.0545229244114,579.9293680297397,44.84882280049566,1.2837670384138786,0.9033457249070632,3.0656753407682777,2283.0829947964053,807,1032,3974.0,12.0,0.001300761659862104,0.16343375119826056,1.3410852713178294,0.0510286009998977,0.41609004478557327
Homebrew__homebrew-core__2020-06-11_15-11-44,Ruby,1312452362.0,1337853962.0,27.71201588877855,13.221449851042701,784.0615690168818,58.36444885799404,1.490566037735849,1.0218470705064548,3.71201588877855,2847.750485449529,1007,1498,6953.0,14.0,0.0009391279220657603,0.18829762226239802,1.4058744993324432,0.01716950698550701,0.4144978571524944
Homebrew__homebrew-core__2020-06-11_15-11-44,Ruby,1337853962.0,1363255562.0,30.68731848983543,13.069699903194579,879.8141335914811,55.78315585672798,1.6398838334946757,1.1471442400774443,5.161665053242982,3741.1810007209187,1033,1825,9468.0,15.0,0.0007978851237683249,0.21085826982228728,1.4553424657534246,0.02510113603664388,0.42746564789518515
Homebrew__homebrew-core__2020-06-11_15-11-44,Ruby,1363255562.0,1388657162.0,27.059105431309906,12.032747603833865,738.9329073482428,54.466453674121404,1.3138977635782747,0.6964856230031949,4.463258785942492,3770.9866886032187,1252,1810,9172.0,15.0,0.0007928436393844162,0.18102315782679146,1.434254143646409,0.02273723692203622,0.4541707516222933
Homebrew__homebrew-core__2020-06-11_15-11-44,Ruby,1388657162.0,1414058762.0,43.50923076923077,19.285384615384615,1231.7607692307693,76.62076923076923,1.426923076923077,0.8061538461538461,7.343846153846154,9959.966518088399,1300,2244,15392.0,14.0,0.0007605360467860796,0.24341130919349185,1.7058823529411764,0.039468695073465065,0.47936434817537676
Homebrew__homebrew-core__2020-06-11_15-11-44,Ruby,1414058762.0,1439460362.0,55.50157728706625,22.093059936908517,1711.3966876971608,90.89432176656152,0.9613564668769716,0.39589905362776023,8.52602523659306,13670.129483483704,1268,2495,19384.0,12.0,0.0007124111896607972,0.2245139153032441,1.7767535070140281,0.01359760341414229,0.49447407445223734
Homebrew__homebrew-core__2020-06-11_15-11-44,Ruby,1439460362.0,1464861962.0,46.45589273112209,18.147494707127734,1885.0790402258292,67.0804516584333,0.6323218066337333,0.28440366972477066,10.045165843330981,9871.164427452513,1417,2047,11649.0,16.0,0.000818258701549749,0.17665032906004247,1.6741573033707866,0.007759298821702232,0.46772374873150513
Homebrew__homebrew-core__2020-06-11_15-11-44,Ruby,1464861962.0,1490263562.0,69.95053003533569,25.274734982332156,2864.319787985866,97.82243816254417,1.2862190812720848,0.4496466431095406,17.290636042402827,16893.07505416173,1132,2036,14498.0,13.0,0.0008080593542283129,0.19558964537800924,1.6444007858546168,0.0388532472122215,0.4293978831295332
Homebrew__homebrew-core__2020-06-11_15-11-44,Ruby,1490263562.0,1515665162.0,83.50262329485834,26.273871983210913,3632.7408184679957,102.67366211962225,0.8971668415529905,0.3011542497376705,24.587618048268624,18583.657457362133,953,1648,12146.0,11.0,0.0009420629446890787,0.17961075490850648,1.5515776699029127,0.028692965121165037,0.41368645552336086
Homebrew__homebrew-core__2020-06-11_15-11-44,Ruby,1515665162.0,1541066762.0,89.99568965517241,25.498922413793103,3814.7532327586205,104.97198275862068,1.4073275862068966,0.29094827586206895,26.154094827586206,20221.92821056175,928,1860,14929.0,15.0,0.000842168584104068,0.21314393150930908,1.5655913978494624,0.01545797261259707,0.4683149377737122
Homebrew__homebrew-core__2020-06-11_15-11-44,Ruby,1541066762.0,1566468362.0,57.21641118124436,14.345356176735798,2440.273219116321,58.24346257889991,0.9422903516681695,0.20919747520288548,15.724075743913435,10164.125880257905,1109,1777,14496.0,13.0,0.0009686459109644254,0.2024782357270008,1.7203151378728194,0.020604514286839626,0.5099575816088913
Homebrew__homebrew-core__2020-06-11_15-11-44,Ruby,1566468362.0,1591869962.0,89.44290976058932,23.087476979742174,3886.355432780847,90.44290976058932,0.5156537753222836,0.2605893186003683,25.589318600368323,14583.815887535658,1086,1986,26412.0,9.0,0.0010100933232882064,0.25464276204886854,2.0050352467270898,0.033888053802191065,0.48497221010065866
hyperledger__fabric-sdk-go__2020-06-12_19-25-13,Go,1505380050.0,1530781650.0,8963.411764705883,4776.823529411765,259031.64705882352,32672.470588235294,834.6470588235294,288.88235294117646,31.0,10526883.864698015,17,20,27021.0,3.0,0.37894736842105264,0.6932162282162281,7.2,0.5492095759887168,0.2562201439991011
hyperledger__fabric-sdk-go__2020-06-12_19-25-13,Go,1530781650.0,1556183250.0,1827.2941176470588,1079.8823529411766,57424.58823529412,7790.411764705882,134.35294117647058,50.76470588235294,9.117647058823529,3388306.787223461,17,21,2972.0,3.0,0.2261904761904762,0.6504810004810005,4.523809523809524,0.37251401120674754,0.29165373399076494
hyperledger__fabric-sdk-go__2020-06-12_19-25-13,Go,1556183250.0,1581584850.0,1119.25,655.25,38105.625,4263.875,112.875,33.25,4.75,1436478.2344406517,8,18,1546.0,3.0,0.16666666666666669,0.538011063011063,2.8333333333333335,0.14980060619225488,0.1565088738634369
i18next__i18next-scanner__2020-06-13_12-05-54,JavaScript,1431573272.0,1456974872.0,118.5,67.5,3470.0,414.5,13.5,4.5,12.5,189218.47134811693,2,3,25.0,1.0,0.3333333333333333,0.0,0.6666666666666666,2.0000000000575113e-06,0.30106382978723406
i18next__i18next-scanner__2020-06-13_12-05-54,JavaScript,1456974872.0,1482376472.0,808.5,361.5,23732.25,2173.5,39.0,19.75,25.75,1068410.0003324396,4,5,69.0,2.0,0.3,0.0,1.2,2.0000000000575113e-06,0.31851052437274513
i18next__i18next-scanner__2020-06-13_12-05-54,JavaScript,1482376472.0,1507778072.0,270.75,103.5,7592.25,598.0,19.25,10.0,6.25,385705.438840013,4,7,43.0,2.0,0.19047619047619047,0.2952380952380952,1.1428571428571428,0.04359785443262032,0.036220928312081124
i18next__i18next-scanner__2020-06-13_12-05-54,JavaScript,1507778072.0,1533179672.0,274.0,168.0,8498.5,925.5,21.5,10.166666666666666,6.666666666666667,697964.2755382737,6,8,78.0,3.0,0.14285714285714285,0.17916666666666667,1.0,0.01959054755030054,0.10424732740014318
i18next__i18next-scanner__2020-06-13_12-05-54,JavaScript,1533179672.0,1558581272.0,144.0,62.857142857142854,4271.571428571428,309.7142857142857,10.142857142857142,4.142857142857143,2.142857142857143,214935.55595934956,7,14,253.0,3.0,0.0934065934065934,0.3051020408163265,1.2142857142857142,0.01622194760539064,0.4854527099939944
i18next__i18next-scanner__2020-06-13_12-05-54,JavaScript,1558581272.0,1583982872.0,15.6,10.4,533.4,62.2,1.4,1.2,1.4,75574.58371660217,5,7,39.0,2.0,0.16666666666666666,0.21428571428571427,1.0,0.03599314945336529,0.5807631160572337
ihmcrobotics__joctomap__2020-06-13_21-39-04,Java,1509636852.0,1535038452.0,63.5,16.0,2026.5,67.0,3.0,1.5,9.0,4794.371583873552,2,2,0.0,0.0,0.0,,0.0,,0.0
ihmcrobotics__joctomap__2020-06-13_21-39-04,Java,1535038452.0,1560440052.0,114.5,83.5,3277.0,649.0,19.0,15.5,4.0,393420.44107426226,2,3,29.0,1.0,0.3333333333333333,0.0,0.6666666666666666,1.9999999997244444e-06,0.06473214285714286
ihmcrobotics__joctomap__2020-06-13_21-39-04,Java,1560440052.0,1585841652.0,11.5,9.0,486.0,54.0,1.5,1.5,1.5,54494.0399528538,2,2,0.0,0.0,0.0,,0.0,,0.0
infinispan__infinispan__2020-06-13_00-04-56,Java,1261588582.0,1286990182.0,5710.416666666667,2999.5,197030.25,23216.333333333332,575.9166666666666,279.8333333333333,51.666666666666664,14482312.599146025,12,15,5337.0,2.0,0.23333333333333334,0.6724908424908426,3.2666666666666666,0.19259197373609982,0.23617669827574045
infinispan__infinispan__2020-06-13_00-04-56,Java,1286990182.0,1312391782.0,3874.4285714285716,1753.3333333333333,129565.28571428571,13077.714285714286,331.5238095238095,161.0,36.666666666666664,12240917.990143161,21,27,10557.0,4.0,0.15954415954415954,0.6231642518192225,4.148148148148148,0.07748582172916385,0.15452876340328148
infinispan__infinispan__2020-06-13_00-04-56,Java,1312391782.0,1337793382.0,3045.5416666666665,1478.75,105749.25,10951.291666666666,277.5416666666667,135.20833333333334,39.833333333333336,8764684.605239296,24,36,10019.0,4.0,0.11349206349206349,0.5497793896451185,3.9722222222222223,0.3710856852990695,0.14389141239401904
infinispan__infinispan__2020-06-13_00-04-56,Java,1337793382.0,1363194982.0,2848.9210526315787,1424.1052631578948,104344.68421052632,10640.184210526315,237.1315789473684,124.10526315789474,22.57894736842105,7937588.650842734,38,52,10978.0,4.0,0.0773001508295626,0.507459731263485,3.9423076923076925,0.36348242712033074,0.1970647101153512
infinispan__infinispan__2020-06-13_00-04-56,Java,1363194982.0,1388596582.0,2573.3888888888887,1416.6666666666667,92634.19444444444,11094.638888888889,236.30555555555554,126.33333333333333,16.88888888888889,11025074.58731099,36,54,10466.0,5.0,0.08350803633822501,0.5546923621619231,4.425925925925926,0.14126404228342826,0.20457341974923537
infinispan__infinispan__2020-06-13_00-04-56,Java,1388596582.0,1413998182.0,2849.0555555555557,1621.5833333333333,102277.22222222222,12620.277777777777,269.77777777777777,146.69444444444446,20.083333333333332,11878105.18899949,36,53,11380.0,4.0,0.11865021770682148,0.6723648866711828,6.169811320754717,0.26947877636753914,0.17068506939914346
infinispan__infinispan__2020-06-13_00-04-56,Java,1413998182.0,1439399782.0,2169.075,1257.125,79600.75,9629.35,218.0,104.775,15.4,12459171.947104117,40,59,9071.0,5.0,0.07977790765634132,0.5798286963978764,4.627118644067797,0.2926411780394633,0.176851477336586
infinispan__infinispan__2020-06-13_00-04-56,Java,1439399782.0,1464801382.0,3081.25,1696.9375,112914.75,14057.5625,280.3125,148.90625,25.6875,44501305.58528631,32,63,12196.0,4.0,0.07475678443420379,0.635448602818092,4.634920634920635,0.42303112327988823,0.1682254398258447
infinispan__infinispan__2020-06-13_00-04-56,Java,1464801382.0,1490202982.0,2157.675675675676,1169.0,79069.24324324324,9264.216216216217,210.45945945945945,98.51351351351352,15.972972972972974,9261640.234503685,37,73,13484.0,4.0,0.056697108066971084,0.48626775206494244,4.082191780821918,0.34106923286324975,0.19923533348954725
infinispan__infinispan__2020-06-13_00-04-56,Java,1490202982.0,1515604582.0,3210.7916666666665,1764.9583333333333,117398.75,14400.625,329.5416666666667,184.66666666666666,25.625,16023256.591469465,24,66,9783.0,4.0,0.06923076923076923,0.46544108313440363,4.5,0.35201941058350084,0.24855767965338257
infinispan__infinispan__2020-06-13_00-04-56,Java,1515604582.0,1541006182.0,2732.962962962963,1387.2592592592594,105861.22222222222,11575.111111111111,247.8148148148148,130.92592592592592,23.11111111111111,12423774.577760529,27,64,8436.0,4.0,0.057539682539682536,0.43849555377496274,3.625,0.3220922424274495,0.1629505193283002
infinispan__infinispan__2020-06-13_00-04-56,Java,1541006182.0,1566407782.0,2867.3333333333335,1575.2916666666667,105439.25,12476.083333333334,269.625,146.125,18.416666666666668,10069386.71231342,24,58,9481.0,5.0,0.0544464609800363,0.501316971312974,3.103448275862069,0.37615989493363033,0.18589296479079204
infinispan__infinispan__2020-06-13_00-04-56,Java,1566407782.0,1591809382.0,7624.875,3938.0,289974.1875,32631.75,689.375,372.625,56.3125,26952512.439992383,16,71,19355.0,3.0,0.05070422535211268,0.5193500967213979,3.5492957746478875,0.5278889137701697,0.2683680387628207
infobloxopen__atlas-app-toolkit__2020-06-13_09-33-43,Go,1541726978.0,1567128578.0,402.57142857142856,293.85714285714283,12401.0,2104.8571428571427,41.42857142857143,12.428571428571429,3.142857142857143,653163.5813275576,7,12,419.0,3.0,0.10606060606060606,0.22499999999999998,1.1666666666666667,0.030818930981427517,0.1402543141440379
isomorphic-git__isomorphic-git__2020-06-13_23-52-12,JavaScript,1515516138.0,1540917738.0,1670.7,985.9,51431.3,5479.1,146.2,70.4,15.6,1146723.3277790253,10,10,314.0,2.0,0.2111111111111111,0.27222222222222225,1.9,0.015139368129244213,0.26225338780757346
isomorphic-git__isomorphic-git__2020-06-13_23-52-12,JavaScript,1540917738.0,1566319338.0,627.3333333333334,292.0,14601.555555555555,1825.888888888889,42.0,20.77777777777778,8.333333333333334,357304.3742503365,9,13,363.0,2.0,0.10897435897435898,0.155011655011655,1.3076923076923077,0.004129591768204266,0.2563400776369266
isomorphic-git__isomorphic-git__2020-06-13_23-52-12,JavaScript,1566319338.0,1591720938.0,2136.3333333333335,1098.6666666666667,62283.833333333336,5574.166666666667,119.5,53.333333333333336,20.5,1631544.025701687,6,14,302.0,3.0,0.0934065934065934,0.14377289377289376,1.2142857142857142,0.004373458722272461,0.22068680759497417
it-novum__openITCOCKPIT__2020-06-10_13-15-39,PHP,1463760283.0,1489161883.0,3004.625,1489.125,92199.125,9129.5,493.625,415.625,36.875,11960825.504144318,8,8,2276.0,3.0,0.5535714285714286,0.8083333333333332,3.875,0.13036528562366412,0.0787147687700443
it-novum__openITCOCKPIT__2020-06-10_13-15-39,PHP,1489161883.0,1514563483.0,5683.166666666667,2332.1666666666665,158565.75,13630.0,719.0,494.3333333333333,47.5,19185626.697622176,12,13,6924.0,3.0,0.2884615384615385,0.58003663003663,3.4615384615384617,0.48398545482476685,0.16180042587458282
it-novum__openITCOCKPIT__2020-06-10_13-15-39,PHP,1514563483.0,1539965083.0,11282.857142857143,6348.571428571428,370053.14285714284,39723.57142857143,1753.2857142857142,1235.2857142857142,93.71428571428571,47754299.42800839,7,12,7180.0,3.0,0.17424242424242425,0.31388888888888894,1.9166666666666667,0.10063858434229622,0.294510776757705
it-novum__openITCOCKPIT__2020-06-10_13-15-39,PHP,1539965083.0,1565366683.0,18789.333333333332,9204.5,641932.6666666666,56613.5,2603.0,1916.6666666666667,148.5,68951156.53082938,6,11,8441.0,3.0,0.2909090909090909,0.7227272727272728,2.909090909090909,0.17870457468427814,0.14814101829606616
it-novum__openITCOCKPIT__2020-06-10_13-15-39,PHP,1565366683.0,1590768283.0,10636.1,5093.3,385914.8,27317.4,1174.7,867.4,108.3,32703453.147517323,10,13,16386.0,3.0,0.2692307692307692,0.5679154179154179,3.230769230769231,0.2919754561446497,0.1829712367235624
jellyfin__jellyfin-web__2020-06-14_05-03-08,JavaScript,1385454824.0,1410856424.0,7220.333333333333,3319.6666666666665,207997.55555555556,23889.11111111111,777.6666666666666,312.8888888888889,70.22222222222223,16205217.302309917,9,11,3690.0,2.0,0.14545454545454545,0.24891774891774893,1.4545454545454546,0.08949292436825329,0.2681489191267516
jellyfin__jellyfin-web__2020-06-14_05-03-08,JavaScript,1410856424.0,1436258024.0,12406.2,5857.6,372542.4,43663.0,1497.0,640.2,105.4,50692710.78648992,5,12,496.0,2.0,0.11363636363636363,0.22525252525252526,1.25,0.01107809397411541,0.04885488379172804
jellyfin__jellyfin-web__2020-06-14_05-03-08,JavaScript,1436258024.0,1461659624.0,20562.0,9417.0,627215.7142857143,72055.57142857143,2633.0,928.5714285714286,190.71428571428572,168449825.973183,7,12,1499.0,2.0,0.11363636363636363,0.1685185185185185,1.25,0.016425811196061568,0.11706587023105265
jellyfin__jellyfin-web__2020-06-14_05-03-08,JavaScript,1461659624.0,1487061224.0,35123.333333333336,16659.666666666668,1144337.6666666667,116414.0,4416.333333333333,1626.0,347.0,95244139.53221476,3,13,978.0,2.0,0.08974358974358974,0.0,1.0769230769230769,2.0000000001685336e-06,0.3985761576436053
jellyfin__jellyfin-web__2020-06-14_05-03-08,JavaScript,1537864424.0,1563266024.0,447.65714285714284,233.97142857142856,17943.571428571428,1206.2857142857142,40.51428571428571,16.0,13.142857142857142,756002.6714703664,35,36,1096.0,5.0,0.05476190476190476,0.25586314270524796,1.9166666666666667,0.14918494088168455,0.06724458556260794
jellyfin__jellyfin-web__2020-06-14_05-03-08,JavaScript,1563266024.0,1588667624.0,695.6206896551724,213.08620689655172,16323.586206896553,1248.5689655172414,47.8448275862069,15.362068965517242,17.20689655172414,1081342.576661163,58,81,7024.0,4.0,0.03641975308641975,0.5915443450280338,2.9135802469135803,0.3114161250318521,0.23477791595470893
JGRennison__OpenTTD-patches__2020-06-10_11-29-22,C++,1111427550.0,1136829150.0,6496.166666666667,2268.3333333333335,167707.66666666666,30430.833333333332,606.8333333333334,103.83333333333333,176.83333333333334,69087235.73229577,12,14,13784.0,2.0,0.5934065934065934,0.8733988233988235,7.714285714285714,0.42930380838044646,0.13646020183932372
JGRennison__OpenTTD-patches__2020-06-10_11-29-22,C++,1136829150.0,1162230750.0,8392.4,3208.6666666666665,248279.46666666667,32416.666666666668,697.8666666666667,130.4,241.06666666666666,97588256.73025373,15,20,25428.0,2.0,0.4105263157894737,0.8075688608776843,7.8,0.5185690442158816,0.16192285629853742
JGRennison__OpenTTD-patches__2020-06-10_11-29-22,C++,1162230750.0,1187632350.0,11001.733333333334,3535.6,284216.93333333335,35486.933333333334,807.6,158.66666666666666,269.46666666666664,106162073.89942631,15,20,42384.0,3.0,0.4868421052631579,0.8049016858614383,9.25,0.3709364563753621,0.24895750218712034
JGRennison__OpenTTD-patches__2020-06-10_11-29-22,C++,1187632350.0,1213033950.0,11725.714285714286,3321.1428571428573,338918.0,27025.14285714286,868.4285714285714,215.57142857142858,253.71428571428572,106867960.52862556,14,23,47868.0,3.0,0.34782608695652173,0.8294730359005497,7.6521739130434785,0.4617715874798207,0.23471502180726134
JGRennison__OpenTTD-patches__2020-06-10_11-29-22,C++,1213033950.0,1238435550.0,7144.0,3108.470588235294,233074.4705882353,62295.76470588235,694.3529411764706,185.52941176470588,204.8235294117647,63833005.34091234,17,28,27146.0,3.0,0.24206349206349206,0.7946684090149371,6.535714285714286,0.4073223458108248,0.22393864836859653
JGRennison__OpenTTD-patches__2020-06-10_11-29-22,C++,1238435550.0,1263837150.0,15245.692307692309,5540.461538461538,507635.07692307694,90224.92307692308,1081.8461538461538,280.7692307692308,370.9230769230769,145501989.35512665,13,29,43392.0,3.0,0.20320197044334973,0.7822546057437513,5.689655172413793,0.43829450933018466,0.21260644812005008
JGRennison__OpenTTD-patches__2020-06-10_11-29-22,C++,1263837150.0,1289238750.0,9393.384615384615,3777.3846153846152,306766.0,45476.769230769234,792.1538461538462,173.3846153846154,274.46153846153845,100753323.07592775,13,30,25040.0,3.0,0.20344827586206898,0.8182286874345697,5.9,0.5582633897619034,0.28965897860179485
JGRennison__OpenTTD-patches__2020-06-10_11-29-22,C++,1289238750.0,1314640350.0,6433.833333333333,2582.6666666666665,211431.83333333334,43157.833333333336,534.8333333333334,128.66666666666666,230.66666666666666,74799696.92786765,12,27,15534.0,3.0,0.22507122507122507,0.7457480866074815,5.851851851851852,0.5037660005482576,0.2360243214020919
JGRennison__OpenTTD-patches__2020-06-10_11-29-22,C++,1314640350.0,1340041950.0,7494.923076923077,2970.769230769231,245787.07692307694,35705.692307692305,603.6923076923077,144.76923076923077,176.0,66660289.93658981,13,26,22954.0,4.0,0.24153846153846154,0.7648569763793885,6.038461538461538,0.5114084189928276,0.22490712550387085
JGRennison__OpenTTD-patches__2020-06-10_11-29-22,C++,1340041950.0,1365443550.0,2986.4666666666667,1760.4,137464.46666666667,36817.86666666667,212.93333333333334,49.266666666666666,83.73333333333333,21033048.10955076,15,28,8823.0,4.0,0.1865079365079365,0.6220286676730294,5.035714285714286,0.3762465445922333,0.3452284256679929
JGRennison__OpenTTD-patches__2020-06-10_11-29-22,C++,1365443550.0,1390845150.0,5392.818181818182,2584.181818181818,209052.0909090909,47744.545454545456,461.45454545454544,128.9090909090909,149.8181818181818,35573427.11144703,11,27,8607.0,3.0,0.15242165242165243,0.6457611536065344,3.962962962962963,0.2919305026574236,0.2264508650501065
JGRennison__OpenTTD-patches__2020-06-10_11-29-22,C++,1390845150.0,1416246750.0,3773.818181818182,2642.4545454545455,143269.9090909091,93963.0,251.45454545454547,90.54545454545455,110.72727272727273,26623501.137935627,11,28,5878.0,3.0,0.1521164021164021,0.6611947576233291,4.107142857142857,0.35706723366457593,0.20796253937281278
JGRennison__OpenTTD-patches__2020-06-10_11-29-22,C++,1416246750.0,1441648350.0,2259.125,998.0,70750.5,17559.125,183.875,34.25,72.125,17444550.720838297,8,26,2668.0,3.0,0.13384615384615384,0.6405892353260774,3.3461538461538463,0.24714409083877598,0.3040644982655899
JGRennison__OpenTTD-patches__2020-06-10_11-29-22,C++,1441648350.0,1467049950.0,914.3333333333334,393.8666666666667,30166.733333333334,6160.8,88.06666666666666,14.066666666666666,39.2,8314871.374440221,15,33,1745.0,5.0,0.08238636363636363,0.39752845430594785,2.6363636363636362,0.2096508688998906,0.25757940826056624
JGRennison__OpenTTD-patches__2020-06-10_11-29-22,C++,1467049950.0,1492451550.0,1785.7272727272727,789.7272727272727,59439.181818181816,8665.09090909091,141.45454545454547,29.09090909090909,59.0,17705045.334227383,11,29,5053.0,3.0,0.10098522167487685,0.5819849446710165,2.8275862068965516,0.18534239176563327,0.16150545212859838
JGRennison__OpenTTD-patches__2020-06-10_11-29-22,C++,1492451550.0,1517853150.0,469.6111111111111,284.22222222222223,16856.055555555555,3524.777777777778,46.05555555555556,7.833333333333333,18.055555555555557,4690811.026519125,18,36,1665.0,5.0,0.0619047619047619,0.4241272739747186,2.1666666666666665,0.22078612287875732,0.22866020113118915
JGRennison__OpenTTD-patches__2020-06-10_11-29-22,C++,1517853150.0,1543254750.0,530.5882352941177,274.5882352941176,19234.382352941175,3108.529411764706,63.0,13.794117647058824,14.411764705882353,11181935.652525678,34,56,4366.0,6.0,0.06915584415584415,0.3799228246575034,3.8035714285714284,0.3269633967258616,0.37399177955688806
JGRennison__OpenTTD-patches__2020-06-10_11-29-22,C++,1543254750.0,1568656350.0,639.4186046511628,339.2093023255814,21683.279069767443,5359.720930232558,63.23255813953488,14.581395348837209,21.3953488372093,7432906.509150309,43,72,7715.0,5.0,0.06474960876369328,0.40661568368581036,4.597222222222222,0.3174163092057959,0.3526332134302679
jsmarcus__Iconize__2020-06-13_21-39-50,C#,1476948893.0,1502350493.0,320.0,186.0,10951.5,1159.25,29.5,13.75,3.25,146539.09152297705,4,4,6.0,2.0,0.25,0.0,0.75,2.0000000000575113e-06,0.251
jsmarcus__Iconize__2020-06-13_21-39-50,C#,1502350493.0,1527752093.0,627.0,399.5,15738.75,2739.625,8.25,3.25,1.875,5062915.026179695,8,9,58.0,3.0,0.125,0.23333333333333334,1.0,0.04777000710048507,0.06873056665992482
jsmarcus__Iconize__2020-06-13_21-39-50,C#,1527752093.0,1553153693.0,1153.7272727272727,968.8181818181819,56791.90909090909,8952.454545454546,7.090909090909091,2.5454545454545454,3.0,1459011.3009577696,11,16,126.0,3.0,0.06666666666666667,0.0,1.0,1.9999999990583106e-06,0.21897225285290134
juju__python-libjuju__2020-06-14_04-38-42,Python,1477043022.0,1502444622.0,1594.0,676.0,58279.25,5231.375,91.25,43.0,15.25,208793367.43553525,8,8,783.0,3.0,0.26785714285714285,0.5291666666666667,1.875,0.24257202975455694,0.0673701436385751
juju__python-libjuju__2020-06-14_04-38-42,Python,1502444622.0,1527846222.0,535.7142857142857,240.42857142857142,17736.285714285714,1392.0,45.714285714285715,20.714285714285715,4.428571428571429,1412426.3889100712,7,12,1003.0,3.0,0.15151515151515152,0.4990079365079365,1.6666666666666667,0.27185975602120793,0.29874076060411464
juju__python-libjuju__2020-06-14_04-38-42,Python,1527846222.0,1553247822.0,146.58333333333334,82.16666666666667,5343.916666666667,524.5,13.916666666666666,4.083333333333333,2.3333333333333335,678149.7403672093,12,16,196.0,3.0,0.08333333333333333,0.12740384615384615,1.25,0.059887042422540726,0.41068426239977374
juju__python-libjuju__2020-06-14_04-38-42,Python,1553247822.0,1578649422.0,5068.4,1513.3,162619.8,17169.2,162.2,54.5,10.6,814176046.8052787,10,20,1023.0,2.0,0.07105263157894737,0.3058333333333333,1.35,0.042214656005927775,0.045280367604742446
jupyterhub__zero-to-jupyterhub-k8s__2020-06-14_05-02-07,Python,1486419067.0,1511820667.0,276.0,120.75,8003.75,789.25,23.333333333333332,7.25,17.0,236416.71423618938,12,13,201.0,2.0,0.08974358974358974,0.21062271062271062,1.0769230769230769,0.06529290468853144,0.08574442759773199
jupyterhub__zero-to-jupyterhub-k8s__2020-06-14_05-02-07,Python,1511820667.0,1537222267.0,91.66666666666667,43.333333333333336,3148.777777777778,257.44444444444446,6.055555555555555,1.6666666666666667,5.388888888888889,64989.048730847295,18,24,220.0,4.0,0.05615942028985508,0.3054309116809117,1.2916666666666667,0.0963015553054476,0.2821128576210138
jupyterhub__zero-to-jupyterhub-k8s__2020-06-14_05-02-07,Python,1537222267.0,1562623867.0,56.888888888888886,25.555555555555557,1748.6666666666667,153.44444444444446,3.3333333333333335,1.2222222222222223,4.222222222222222,56390.99317319738,9,11,121.0,4.0,0.12727272727272726,0.32727272727272727,1.2727272727272727,0.07547383629950843,0.3172741181605224
jupyterhub__zero-to-jupyterhub-k8s__2020-06-14_05-02-07,Python,1562623867.0,1588025467.0,112.1,70.6,3276.4,313.9,6.5,2.9,5.8,172434.3502725626,10,14,93.0,4.0,0.08241758241758242,0.08571428571428572,1.0714285714285714,0.026575736741670797,0.23938289909406144
KDE__discover__2020-06-14_05-00-18,C++,1286216876.0,1311618476.0,3882.0,2240.0,126343.5,15422.0,322.5,121.5,205.5,7721310.465636967,2,2,64.0,1.0,1.0,,1.0,2.0000000000575113e-06,0.1276011184809468
KDE__discover__2020-06-14_05-00-18,C++,1311618476.0,1337020076.0,3924.3333333333335,2095.6666666666665,120717.0,12584.666666666666,291.6666666666667,143.66666666666666,185.0,4230953.693831581,3,4,479.0,2.0,0.3333333333333333,0.0,1.0,1.9999999998354667e-06,0.3585390179903381
KDE__discover__2020-06-14_05-00-18,C++,1337020076.0,1362421676.0,2062.8333333333335,965.5,63382.333333333336,6778.666666666667,177.83333333333334,82.16666666666667,103.33333333333333,3679679.6641503163,6,7,1469.0,3.0,0.11904761904761905,0.0,0.7142857142857143,1.9999999992803552e-06,0.23138934103854478
KDE__discover__2020-06-14_05-00-18,C++,1362421676.0,1387823276.0,664.4285714285714,345.0,22963.571428571428,2429.4285714285716,73.0,23.0,40.57142857142857,1384625.5856408833,7,8,563.0,3.0,0.23214285714285715,0.4375,1.625,0.013492406857068318,0.19542856311503293
KDE__discover__2020-06-14_05-00-18,C++,1387823276.0,1413224876.0,434.6666666666667,179.66666666666666,12238.222222222223,1319.0,28.444444444444443,10.11111111111111,25.666666666666668,739472.7656848854,9,12,610.0,2.0,0.08333333333333333,0.11408730158730158,0.9166666666666666,0.0341587537237662,0.3685990452789466
KDE__discover__2020-06-14_05-00-18,C++,1413224876.0,1438626476.0,526.3333333333334,224.83333333333334,15923.333333333334,1695.1666666666667,41.0,15.666666666666666,36.0,883094.9348885465,6,14,344.0,2.0,0.0934065934065934,0.2181818181818182,1.2142857142857142,0.13371686955875517,0.4988732887411301
KDE__discover__2020-06-14_05-00-18,C++,1438626476.0,1464028076.0,1031.125,491.625,30913.0,3250.375,76.0,33.625,58.75,1279077.1510663484,8,15,488.0,2.0,0.09523809523809523,0.2914529914529915,1.3333333333333333,0.02076517573001735,0.37969727188234653
KDE__discover__2020-06-14_05-00-18,C++,1464028076.0,1489429676.0,1160.375,591.25,39032.875,3995.625,118.5,45.75,63.0,1756446.0568444054,8,11,132.0,2.0,0.09090909090909091,0.0,0.9090909090909091,2.0000000001685336e-06,0.2171838522631558
KDE__discover__2020-06-14_05-00-18,C++,1489429676.0,1514831276.0,874.1428571428571,420.0,30727.428571428572,3201.4285714285716,80.14285714285714,30.428571428571427,52.42857142857143,2192108.223601478,7,10,409.0,2.0,0.15555555555555556,0.20277777777777778,1.4,0.004686222663999096,0.33532291980682566
KDE__discover__2020-06-14_05-00-18,C++,1514831276.0,1540232876.0,553.0,266.0,17673.5,1946.2857142857142,51.42857142857143,19.642857142857142,40.42857142857143,1281010.5120814631,14,21,608.0,3.0,0.07380952380952381,0.14369256474519632,1.4761904761904763,0.01755899293428076,0.677622141255206
KDE__discover__2020-06-14_05-00-18,C++,1540232876.0,1565634476.0,196.21428571428572,91.5,6827.285714285715,693.0,20.357142857142858,6.0,16.214285714285715,585034.5445808835,14,23,347.0,4.0,0.07114624505928854,0.2271180936142573,1.565217391304348,0.05259633300117028,0.4965473973282997
KDE__discover__2020-06-14_05-00-18,C++,1565634476.0,1591036076.0,186.06666666666666,82.86666666666666,6476.466666666666,663.0,14.133333333333333,4.0,15.6,340921.40248884266,15,19,408.0,3.0,0.10526315789473684,0.4290726817042606,1.894736842105263,0.15204328773912557,0.45591054544203996
KDE__libksysguard__2020-06-14_03-38-20,C++,1187367308.0,1212768908.0,208.2,107.6,6004.0,784.2666666666667,32.733333333333334,6.933333333333334,6.6,849546.1706131428,15,15,68.0,3.0,0.06190476190476191,0.0,0.8666666666666667,2.0000000005016005e-06,0.29026650461465553
KDE__libksysguard__2020-06-14_03-38-20,C++,1212768908.0,1238170508.0,73.0909090909091,40.0,2214.818181818182,297.1818181818182,10.909090909090908,1.5454545454545454,3.1818181818181817,677034.8616403721,11,14,45.0,2.0,0.0879120879120879,0.3861471861471862,1.1428571428571428,0.15808093473918905,0.31633740217480305
KDE__libksysguard__2020-06-14_03-38-20,C++,1238170508.0,1263572108.0,367.53333333333336,86.26666666666667,8075.6,627.8,24.933333333333334,4.133333333333334,7.0,1722760.1824689347,15,24,618.0,2.0,0.04891304347826087,0.08360566448801743,1.125,0.006875885378357149,0.3900512780854875
KDE__libksysguard__2020-06-14_03-38-20,C++,1263572108.0,1288973708.0,223.0909090909091,95.54545454545455,9301.818181818182,810.5454545454545,25.636363636363637,3.4545454545454546,7.7272727272727275,1347190.1623803913,11,17,55.0,3.0,0.0661764705882353,0.0,1.0588235294117647,2.000000000723645e-06,0.5758859581939768
KDE__libksysguard__2020-06-14_03-38-20,C++,1288973708.0,1314375308.0,200.42857142857142,111.71428571428571,5592.714285714285,765.2857142857143,27.285714285714285,5.857142857142857,3.857142857142857,1135532.9471332238,7,13,96.0,4.0,0.08974358974358974,0.15598290598290598,1.0769230769230769,0.029476674994473373,0.37410979924873355
KDE__libksysguard__2020-06-14_03-38-20,C++,1314375308.0,1339776908.0,28.333333333333332,14.333333333333334,1047.6666666666667,91.66666666666667,4.666666666666667,0.3333333333333333,2.6666666666666665,180375.4324838601,3,5,10.0,2.0,0.2,0.0,0.8,2.0000000005016005e-06,0.6710526315789473
KDE__libksysguard__2020-06-14_03-38-20,C++,1339776908.0,1365178508.0,7.0,4.333333333333333,172.66666666666666,33.333333333333336,0.3333333333333333,0.0,2.0,31336.90634021588,6,8,11.0,1.0,0.07142857142857142,0.0,0.5,2.0000000000575113e-06,0.45321637426900585
KDE__libksysguard__2020-06-14_03-38-20,C++,1365178508.0,1390580108.0,46.8,12.8,1523.6,131.8,5.2,0.0,5.0,650697.1764284376,5,10,84.0,2.0,0.1,0.05,0.9,0.019743548582974446,0.38807154109906405
KDE__libksysguard__2020-06-14_03-38-20,C++,1390580108.0,1415981708.0,102.5,49.875,3302.75,372.25,8.25,1.5,2.625,357726.98681585584,8,16,187.0,2.0,0.075,0.10267857142857144,1.125,0.03229185705527671,0.3564954383211455
KDE__libksysguard__2020-06-14_03-38-20,C++,1415981708.0,1441383308.0,243.14285714285714,73.85714285714286,3621.285714285714,589.2857142857143,11.428571428571429,9.571428571428571,3.4285714285714284,943135.3083301608,7,13,639.0,2.0,0.09615384615384615,0.26495726495726496,1.1538461538461537,0.01130431092728268,0.4181503251270693
KDE__libksysguard__2020-06-14_03-38-20,C++,1441383308.0,1466784908.0,61.857142857142854,7.285714285714286,1244.7142857142858,97.14285714285714,1.7142857142857142,0.0,1.4285714285714286,165166.69695895418,7,13,142.0,2.0,0.06410256410256411,0.10769230769230768,0.7692307692307693,0.02908404836042544,0.2368928443388607
KDE__libksysguard__2020-06-14_03-38-20,C++,1466784908.0,1492186508.0,44.333333333333336,8.0,2755.6666666666665,45.333333333333336,1.6666666666666667,0.0,1.3333333333333333,564729.59875398,3,9,101.0,2.0,0.1111111111111111,0.2296296296296296,0.8888888888888888,0.014482944282934618,0.9118457300275482
KDE__libksysguard__2020-06-14_03-38-20,C++,1492186508.0,1517588108.0,62.0,14.375,1418.375,172.875,2.125,0.375,2.875,382263.9531694381,8,16,217.0,2.0,0.07083333333333333,0.09821428571428571,1.0625,0.15591452349183355,0.447488192937381
KDE__libksysguard__2020-06-14_03-38-20,C++,1517588108.0,1542989708.0,47.0,18.857142857142858,1617.857142857143,101.0,1.2857142857142858,0.2857142857142857,1.8571428571428572,107152.98864237472,7,16,118.0,3.0,0.09166666666666666,0.2704861111111111,1.375,0.11136700863399374,0.5827191987906274
KDE__libksysguard__2020-06-14_03-38-20,C++,1542989708.0,1568391308.0,38.625,28.875,1434.125,218.125,9.625,1.5,2.0,864299.2905081814,8,14,30.0,3.0,0.08241758241758242,0.10714285714285714,1.0714285714285714,0.058469232952880534,0.3054063136254917
Kekcoin-Core__memechain-api__2020-06-13_17-35-36,Python,1512330179.0,1537731779.0,702.5,217.0,20816.0,1642.0,34.5,17.5,21.5,706966.4631914165,2,2,137.0,1.0,1.0,,1.0,2.0000000000575113e-06,0.10700018739687459
Kekcoin-Core__memechain-api__2020-06-13_17-35-36,Python,1537731779.0,1563133379.0,219.5,91.5,7228.5,868.5,15.0,5.5,16.5,603804.6771869704,2,2,53.0,1.0,1.0,,1.0,2.0000000000575113e-06,0.11127709015032959
keras-team__keras__2020-06-10_11-30-11,Python,1442396676.0,1467798276.0,182.55714285714285,82.68571428571428,6171.392857142857,698.1214285714286,14.42142857142857,4.757142857142857,6.435714285714286,1632511.7416266578,140,165,4468.0,6.0,0.012416851441241683,0.4019867080753161,2.036363636363636,0.13459356529174826,0.33272074795644047
keras-team__keras__2020-06-10_11-30-11,Python,1467798276.0,1493199876.0,149.51769911504425,59.45132743362832,4681.703539823009,438.5973451327434,9.08849557522124,2.65929203539823,3.893805309734513,1403487.2527751469,226,305,4775.0,6.0,0.0058563416738567735,0.319808268379728,1.780327868852459,0.1321857556250019,0.34488997173427416
keras-team__keras__2020-06-10_11-30-11,Python,1493199876.0,1518601476.0,96.98564593301435,43.622009569377994,3311.2392344497607,335.26794258373207,6.54066985645933,2.2679425837320575,3.2200956937799043,1143867.2224986774,209,305,3501.0,7.0,0.006018119068162208,0.28423720598880564,1.8295081967213114,0.05375658777392278,0.4013487446061335
keras-team__keras__2020-06-10_11-30-11,Python,1518601476.0,1544003076.0,127.57718120805369,61.0,4698.4899328859065,440.18120805369125,10.201342281879194,2.791946308724832,3.1073825503355703,2719892.900376945,149,301,4211.0,6.0,0.00592469545957918,0.25297042094727273,1.7774086378737541,0.1329575043238217,0.3845156951735726
keras-team__keras__2020-06-10_11-30-11,Python,1544003076.0,1569404676.0,144.23684210526315,72.82894736842105,4731.289473684211,570.7894736842105,10.25,5.0,3.8157894736842106,3183962.4598676874,76,172,2094.0,7.0,0.008533931728546171,0.18053149168883895,1.4593023255813953,0.024864789123577924,0.28070518502683617
kevinpapst__kimai2__2020-06-14_08-00-24,PHP,1515696891.0,1541098491.0,9288.333333333334,4560.666666666667,531685.3333333334,81624.33333333333,2647.6666666666665,1245.0,29.0,402577938.73671967,3,3,691.0,2.0,0.5,0.0,1.0,2.0000000000575113e-06,0.2676631708906887
kevinpapst__kimai2__2020-06-14_08-00-24,PHP,1541098491.0,1566500091.0,5051.6,2773.9,277601.6,56641.6,2203.8,1020.5,19.2,151033465.5212152,10,11,577.0,2.0,0.18181818181818182,0.36767676767676766,1.8181818181818181,0.008976993348929208,0.22643487505745108
kevinpapst__kimai2__2020-06-14_08-00-24,PHP,1566500091.0,1591901691.0,3348.5,1985.2857142857142,772961.5,197473.7857142857,8222.214285714286,3477.785714285714,10.857142857142858,463377468.7288219,14,22,241.0,2.0,0.051948051948051945,0.12188057040998217,1.0909090909090908,0.020880937747789208,0.15829604539372055
KhronosGroup__glslang__2020-06-13_10-26-07,C++,1413941911.0,1439343511.0,1186.5454545454545,507.54545454545456,32562.727272727272,3430.6363636363635,100.81818181818181,25.272727272727273,13.545454545454545,10395738.002383668,11,11,1008.0,3.0,0.17272727272727273,0.4253246753246753,1.7272727272727273,0.038736190950451554,0.2916926613530331
KhronosGroup__glslang__2020-06-13_10-26-07,C++,1439343511.0,1464745111.0,693.0416666666666,307.6666666666667,21939.291666666668,2171.5416666666665,87.75,11.791666666666666,12.416666666666666,23765340.84415236,24,26,2039.0,4.0,0.10153846153846154,0.43540903540903536,2.5384615384615383,0.046162653952056876,0.3778753796069712
KhronosGroup__glslang__2020-06-13_10-26-07,C++,1464745111.0,1490146711.0,1010.125,473.725,31378.95,3528.825,112.55,23.325,11.75,30207680.79139916,40,46,2418.0,4.0,0.04251207729468599,0.3883453875621395,1.9130434782608696,0.11685636331637228,0.27803131031471706
KhronosGroup__glslang__2020-06-13_10-26-07,C++,1490146711.0,1515548311.0,706.96,336.12,23769.48,2347.28,123.4,18.2,14.48,37352214.861888565,25,45,1611.0,4.0,0.0398989898989899,0.3135091312510667,1.7555555555555555,0.07310257672488385,0.30402651848121814
KhronosGroup__glslang__2020-06-13_10-26-07,C++,1515548311.0,1540949911.0,328.87179487179486,107.92307692307692,8899.02564102564,729.3589743589744,26.564102564102566,3.6666666666666665,5.461538461538462,13949764.367047554,39,60,2290.0,4.0,0.024576271186440676,0.2546837701488865,1.45,0.0454341174734868,0.2635559265784283
KhronosGroup__glslang__2020-06-13_10-26-07,C++,1540949911.0,1566351511.0,449.72727272727275,172.87878787878788,12944.60606060606,1275.4545454545455,85.12121212121212,11.484848484848484,5.696969696969697,24067283.593612842,33,55,1058.0,4.0,0.029966329966329967,0.3079185679185679,1.6181818181818182,0.19307666183382288,0.16481307825320926
KhronosGroup__glslang__2020-06-13_10-26-07,C++,1566351511.0,1591753111.0,188.55555555555554,104.47222222222223,6618.444444444444,648.6666666666666,26.805555555555557,5.361111111111111,5.5,10260582.354598023,36,54,573.0,6.0,0.029000698812019565,0.28971971504651245,1.537037037037037,0.18918787306535567,0.18439205625273228
kiegroup__droolsjbpm-integration__2020-06-13_20-19-57,Java,1192817774.0,1218219374.0,1430.6,1190.2,67675.0,6539.0,8.8,8.0,3.2,1376093.1189980132,5,5,415.0,1.0,0.1,0.0,0.4,2.0000000000575113e-06,0.08219061023424147
kiegroup__droolsjbpm-integration__2020-06-13_20-19-57,Java,1218219374.0,1243620974.0,1983.4,1001.4,75167.2,8194.5,75.4,54.2,12.0,2354624.0905153668,10,10,1156.0,5.0,0.16666666666666666,0.33999999999999997,1.5,0.10368215237593315,0.041831692011834294
kiegroup__droolsjbpm-integration__2020-06-13_20-19-57,Java,1243620974.0,1269022574.0,1072.4,746.1,38325.4,5453.6,81.6,50.2,7.5,2379739.2396923853,10,12,767.0,5.0,0.1590909090909091,0.3819444444444444,1.75,0.1357716183895611,0.1457661581448254
kiegroup__droolsjbpm-integration__2020-06-13_20-19-57,Java,1269022574.0,1294424174.0,2248.9375,832.25,74173.0625,6014.5,108.5,63.25,12.6875,2248159.7116559315,16,18,5215.0,4.0,0.20588235294117646,0.4708004958004957,3.5,0.10201125345163131,0.2138900375490713
kiegroup__droolsjbpm-integration__2020-06-13_20-19-57,Java,1294424174.0,1319825774.0,769.5384615384615,374.15384615384613,24329.615384615383,2737.5384615384614,62.92307692307692,42.15384615384615,4.846153846153846,642967.9560101312,13,16,295.0,2.0,0.0625,0.06597222222222221,0.9375,0.05439319583501523,0.014689046718070092
kiegroup__droolsjbpm-integration__2020-06-13_20-19-57,Java,1319825774.0,1345227374.0,1760.9166666666667,996.6666666666666,58255.0,7497.083333333333,147.16666666666666,81.83333333333333,15.916666666666666,2802492.6277212803,12,16,1053.0,3.0,0.1125,0.2986111111111111,1.6875,0.2162619389187671,0.07912422189300151
kiegroup__droolsjbpm-integration__2020-06-13_20-19-57,Java,1345227374.0,1370628974.0,1428.125,587.6875,43933.0625,4801.0,78.9375,47.5,14.25,1265954.756019978,16,23,5331.0,6.0,0.14031620553359683,0.46760775456427633,3.0869565217391304,0.2656022256703814,0.21704846267986577
kiegroup__droolsjbpm-integration__2020-06-13_20-19-57,Java,1370628974.0,1396030574.0,2288.3125,1375.0625,87946.8125,10744.375,210.125,107.125,18.5625,3594762.07838405,16,19,1246.0,5.0,0.13450292397660818,0.37836257309941523,2.4210526315789473,0.052862353204322754,0.23891586875020007
kiegroup__droolsjbpm-integration__2020-06-13_20-19-57,Java,1396030574.0,1421432174.0,2005.75,1097.875,75732.4375,8598.875,164.8125,85.1875,17.0,4771236.67221627,16,23,1640.0,4.0,0.10671936758893281,0.33536608319217015,2.347826086956522,0.09333265150014436,0.16349042792481466
kiegroup__droolsjbpm-integration__2020-06-13_20-19-57,Java,1421432174.0,1446833774.0,1955.1764705882354,1110.5882352941176,72369.76470588235,8723.058823529413,173.64705882352942,84.05882352941177,13.294117647058824,3787292.3257432887,17,23,1741.0,4.0,0.08695652173913043,0.31002258610954264,1.9130434782608696,0.24600059729723578,0.15920607066141038
kiegroup__droolsjbpm-integration__2020-06-13_20-19-57,Java,1446833774.0,1472235374.0,1406.4347826086957,785.1304347826087,53615.52173913043,6674.04347826087,113.08695652173913,61.608695652173914,8.565217391304348,6297005.858860393,23,31,2464.0,5.0,0.08494623655913978,0.4041553428650203,2.5483870967741935,0.2546814488471638,0.15782265360283346
kiegroup__droolsjbpm-integration__2020-06-13_20-19-57,Java,1472235374.0,1497636974.0,1277.5555555555557,758.8518518518518,51597.48148148148,6542.37037037037,99.96296296296296,58.51851851851852,7.7407407407407405,8457425.241833877,27,33,2005.0,4.0,0.08143939393939394,0.4141591352117668,2.606060606060606,0.18642112299287739,0.10108540286168971
kiegroup__droolsjbpm-integration__2020-06-13_20-19-57,Java,1497636974.0,1523038574.0,765.45,444.925,30239.025,3543.1,55.225,32.275,5.275,4106671.9723617164,40,47,2281.0,4.0,0.06290471785383904,0.43271049281687574,2.893617021276596,0.19481248255166705,0.13083479400813208
kiegroup__droolsjbpm-integration__2020-06-13_20-19-57,Java,1523038574.0,1548440174.0,951.5925925925926,573.074074074074,37934.7037037037,4704.740740740741,68.18518518518519,48.0,5.851851851851852,4562911.940453322,27,46,1614.0,6.0,0.04830917874396135,0.426709305187566,2.1739130434782608,0.0631536350069335,0.1923154571240888
kiegroup__droolsjbpm-integration__2020-06-13_20-19-57,Java,1548440174.0,1573841774.0,855.8518518518518,436.81481481481484,31680.74074074074,3711.296296296296,50.629629629629626,32.74074074074074,4.185185185185185,1986783.8486003692,27,43,2515.0,6.0,0.05426356589147287,0.3540777935514777,2.2790697674418605,0.0881486289526977,0.12863637991716081
kubernetes__kubernetes__2020-06-12_04-18-31,Go,1413177947.0,1438579547.0,1941.2201834862385,1136.6788990825687,55109.21559633027,7482.600917431193,144.954128440367,44.27064220183486,20.894495412844037,3794591.1919658193,218,238,83009.0,7.0,0.05134205580966564,0.5491311083435847,12.168067226890756,0.06444154673732694,0.310138697829259
kubernetes__kubernetes__2020-06-12_04-18-31,Go,1438579547.0,1463981147.0,1939.5595567867035,885.5429362880886,46372.61495844875,5899.07756232687,122.09695290858726,35.56232686980609,15.160664819944598,7530672.959162963,361,437,171417.0,8.0,0.02635252870908824,0.5013925718084952,11.489702517162472,0.059346376822166924,0.3552774636852749
kubernetes__kubernetes__2020-06-12_04-18-31,Go,1463981147.0,1489382747.0,1643.936305732484,794.3375796178344,44006.5838641189,5267.208067940552,104.32059447983015,33.83864118895966,14.369426751592357,5297871.705068356,471,636,208874.0,9.0,0.01651810033179815,0.45292341474812564,10.488993710691824,0.011943285652936453,0.3862925468536132
kubernetes__kubernetes__2020-06-12_04-18-31,Go,1489382747.0,1514784347.0,1009.0612582781457,571.2450331125827,30768.539735099337,3800.1937086092717,74.12748344370861,22.283112582781456,10.14569536423841,6106384.539311864,604,840,115218.0,8.0,0.00961462058005562,0.3849141812588586,8.066666666666666,0.015850254348729664,0.31816645781660075
kubernetes__kubernetes__2020-06-12_04-18-31,Go,1514784347.0,1540185947.0,803.1224489795918,440.265306122449,24556.14285714286,2880.0476190476193,56.56292517006803,16.408163265306122,8.350340136054422,2821281.0977229406,588,980,110267.0,8.0,0.0069291863834399945,0.33991082020739194,6.783673469387755,0.006035452825951082,0.3644742559393029
kubernetes__kubernetes__2020-06-12_04-18-31,Go,1540185947.0,1565587547.0,678.2154340836013,384.483922829582,20300.361736334406,2479.7572347266882,47.766881028938904,12.988745980707396,7.347266881028939,1671301.6944563761,622,1179,97999.0,9.0,0.0054152248387528785,0.34708172385123437,6.379134860050891,0.020523673965455957,0.3849777374467818
kubernetes__kubernetes__2020-06-12_04-18-31,Go,1565587547.0,1590989147.0,695.9228070175438,400.55263157894734,21813.84736842105,2705.7298245614033,46.01052631578948,14.285964912280702,7.2894736842105265,1851034.6289450822,570,1156,96945.0,7.0,0.005067481538069773,0.3094542954900078,5.852941176470588,0.032424752958223224,0.3634343873511965
kubernetes-sigs__cluster-api__2020-06-10_23-14-50,Go,1464661948.0,1490063548.0,4035.0,2132.25,102476.25,13113.75,334.25,93.25,26.5,2815537.087979461,4,4,16.0,1.0,0.25,0.0,0.75,2.0000000000575113e-06,0.3964257503949447
kubernetes-sigs__cluster-api__2020-06-10_23-14-50,Go,1490063548.0,1515465148.0,1219.888888888889,739.3333333333334,32646.11111111111,4513.444444444444,115.22222222222223,35.666666666666664,12.222222222222221,996484.2922026602,9,9,862.0,2.0,0.3194444444444444,0.5111111111111111,2.5555555555555554,0.49970060213614376,0.24476272934355628
kubernetes-sigs__cluster-api__2020-06-10_23-14-50,Go,1515465148.0,1540866748.0,940.5714285714286,629.0,28673.52380952381,3735.714285714286,83.11904761904762,30.642857142857142,6.0,1072004.821293198,42,44,3747.0,6.0,0.0824524312896406,0.4777485447591236,3.5454545454545454,0.1933533369688707,0.25600227032227774
kubernetes-sigs__cluster-api__2020-06-10_23-14-50,Go,1540866748.0,1566268348.0,639.8035714285714,398.1607142857143,19052.303571428572,2602.4285714285716,64.19642857142857,18.339285714285715,4.535714285714286,1031188.7870659741,56,75,4148.0,6.0,0.036036036036036036,0.4765518423427432,2.6666666666666665,0.2544320728326044,0.3553342954535415
kubernetes-sigs__cluster-api__2020-06-10_23-14-50,Go,1566268348.0,1591669948.0,1545.2533333333333,951.2266666666667,48832.77333333333,6076.946666666667,97.68,30.92,10.253333333333334,2408333.5615494186,75,102,14870.0,5.0,0.042613084837895554,0.45163314118788306,4.303921568627451,0.3574395852007465,0.2785012926652902
laravel__framework__2020-06-14_05-21-26,PHP,1363329682.0,1388731282.0,180.53086419753086,72.53703703703704,4052.074074074074,522.6111111111111,15.746913580246913,11.802469135802468,9.302469135802468,1101786.2831082654,162,171,2107.0,6.0,0.009150326797385621,0.26918778105078983,1.5555555555555556,0.10948280237271724,0.2516238487632049
laravel__framework__2020-06-14_05-21-26,PHP,1388731282.0,1414132882.0,103.31884057971014,41.2463768115942,2286.9347826086955,279.42753623188406,8.78623188405797,6.702898550724638,5.949275362318841,947751.3932720706,276,319,4043.0,5.0,0.005204944697462589,0.2552551684270285,1.6551724137931034,0.13375165416674206,0.2751111933604544
laravel__framework__2020-06-14_05-21-26,PHP,1414132882.0,1439534482.0,87.84468664850137,34.64032697547684,1924.392370572207,230.71934604904632,7.138964577656676,5.062670299727521,5.0572207084468666,714233.8143677565,367,462,4943.0,6.0,0.0032913579551323586,0.23489949884445813,1.5173160173160174,0.13370610123858118,0.24791289154497673
laravel__framework__2020-06-14_05-21-26,PHP,1439534482.0,1464936082.0,93.65879265091864,37.70341207349082,2585.9973753280838,275.3884514435696,9.133858267716535,6.543307086614173,5.700787401574803,2092727.0593253556,381,426,4283.0,6.0,0.00315934824634079,0.19799262474501664,1.3427230046948357,0.1394406011731406,0.17038049927694193
laravel__framework__2020-06-14_05-21-26,PHP,1464936082.0,1490337682.0,99.02863436123349,36.136563876651984,2654.6079295154186,247.44713656387665,8.081497797356828,5.7687224669603525,5.359030837004405,1392850.369153694,454,595,6431.0,7.0,0.002540814305520188,0.2372818999674374,1.5092436974789916,0.07409014397408953,0.2103803609267894
laravel__framework__2020-06-14_05-21-26,PHP,1490337682.0,1515739282.0,76.01173708920187,32.1150234741784,1978.338028169014,222.60798122065728,7.394366197183099,5.291079812206573,4.544600938967136,1540670.8602397174,426,568,5000.0,7.0,0.002775914747745734,0.20356591663552145,1.573943661971831,0.061384642629384034,0.2230183606797252
laravel__framework__2020-06-14_05-21-26,PHP,1515739282.0,1541140882.0,76.216,35.221333333333334,2042.5546666666667,259.12533333333334,7.965333333333334,6.112,4.109333333333334,1715095.0511597332,375,555,4578.0,7.0,0.003089732331609588,0.18484824256189128,1.7117117117117118,0.016757481354305215,0.28448752074405
laravel__framework__2020-06-14_05-21-26,PHP,1541140882.0,1566542482.0,76.00302114803625,33.779456193353475,2048.4259818731116,253.11480362537765,9.009063444108762,6.794561933534744,4.79154078549849,4929186.70317228,331,535,4646.0,6.0,0.0031642689628618432,0.193828248805989,1.6897196261682244,0.09395446416272513,0.2248034374246524
laravel__framework__2020-06-14_05-21-26,PHP,1566542482.0,1591944082.0,75.92764857881137,33.74935400516796,2028.2583979328165,226.93023255813952,7.8242894056847545,5.7338501291989665,4.467700258397933,1022896.8733022831,387,604,4794.0,7.0,0.0025973883342668555,0.19480523880755965,1.5662251655629138,0.0336647411486104,0.2456122369238039
lastaflute__lastaflute__2020-06-13_12-23-35,Java,1438040883.0,1463442483.0,5203.333333333333,2597.3333333333335,207991.33333333334,19078.666666666668,506.6666666666667,289.6666666666667,73.33333333333333,16543667.792450184,3,3,4.0,1.0,0.16666666666666666,0.0,0.3333333333333333,2.0000000000575113e-06,8.136530990012408e-05
lastaflute__lastaflute__2020-06-13_12-23-35,Java,1463442483.0,1488844083.0,2041.0,898.6666666666666,78077.0,6150.0,188.66666666666666,93.66666666666667,32.0,4065538.673181817,3,3,67.0,2.0,0.5,0.0,1.0,1.9999999998354667e-06,0.0066471318708742995
lastaflute__lastaflute__2020-06-13_12-23-35,Java,1539647283.0,1565048883.0,762.3333333333334,247.33333333333334,25389.0,1928.0,43.666666666666664,29.666666666666668,11.333333333333334,3701273.612050886,3,3,96.0,2.0,0.5,0.0,1.0,2.0000000000575113e-06,0.05603811287801331
lonnieezell__myth-auth__2020-06-11_01-54-53,PHP,1515033127.0,1540434727.0,920.5,506.0,26774.0,3228.0,79.5,61.0,13.5,654360.3696546603,2,2,3.0,1.0,1.0,,1.0,2.0000000000575113e-06,0.025274423710208563
lonnieezell__myth-auth__2020-06-11_01-54-53,PHP,1540434727.0,1565836327.0,387.75,163.25,10296.0,921.25,49.0,38.25,19.5,192119.9349306142,4,4,267.0,2.0,0.5833333333333334,0.8333333333333333,1.75,0.04065929994233186,0.1584952090028102
lonnieezell__myth-auth__2020-06-11_01-54-53,PHP,1565836327.0,1591237927.0,241.375,137.4375,7231.0625,806.4375,44.6875,40.4375,7.5625,448123.03928628546,16,16,365.0,4.0,0.09583333333333334,0.375,1.4375,0.08578520272496537,0.26049825453717734
loopmediagroup__gally__2020-06-11_06-09-12,JavaScript,1529896700.0,1555298300.0,355.0,144.5,6582.5,1207.5,49.5,29.0,8.0,418635.57703787927,2,2,25.0,1.0,1.0,,1.0,2.0000000000575113e-06,0.3499554367201426
lutris__lutris__2020-06-13_12-28-18,Python,1335689760.0,1361091360.0,1457.5,433.5,44134.5,2926.5,85.0,33.5,45.5,2450574.7252475033,2,2,53.0,1.0,1.0,,1.0,2.0000000000575113e-06,0.2599146912116514
lutris__lutris__2020-06-13_12-28-18,Python,1386492960.0,1411894560.0,1745.6,670.6,55044.8,4443.6,161.2,58.0,108.6,4129255.356132989,5,5,694.0,2.0,0.55,0.6,2.2,0.059093720353873724,0.3505714456683796
lutris__lutris__2020-06-13_12-28-18,Python,1411894560.0,1437296160.0,858.375,348.125,27152.75,2264.5,85.25,23.25,52.625,2362358.628146707,8,9,1375.0,3.0,0.2638888888888889,0.7222222222222222,2.111111111111111,0.04983565801928136,0.3664848499025361
lutris__lutris__2020-06-13_12-28-18,Python,1437296160.0,1462697760.0,1059.6666666666667,430.3333333333333,32918.833333333336,2843.0,118.0,29.833333333333332,74.16666666666667,3271588.241691457,6,9,947.0,3.0,0.19444444444444445,0.2740740740740741,1.5555555555555556,0.004243614610574431,0.24758678246016202
lutris__lutris__2020-06-13_12-28-18,Python,1462697760.0,1488099360.0,1166.5714285714287,597.7142857142857,38436.42857142857,3934.8571428571427,147.57142857142858,49.42857142857143,82.57142857142857,3606264.847900865,7,9,673.0,2.0,0.16666666666666666,0.3111111111111111,1.3333333333333333,0.02620971154760332,0.15620928727229447
lutris__lutris__2020-06-13_12-28-18,Python,1488099360.0,1513500960.0,463.3333333333333,227.2,15275.333333333334,1611.8666666666666,51.666666666666664,13.8,26.266666666666666,1509559.4844502318,15,16,865.0,3.0,0.12916666666666668,0.4858974358974359,1.9375,0.19994770574885623,0.144789169398444
lutris__lutris__2020-06-13_12-28-18,Python,1513500960.0,1538902560.0,122.87179487179488,58.38461538461539,4215.4358974358975,360.28205128205127,13.205128205128204,2.9743589743589745,7.666666666666667,485215.72105714184,39,47,807.0,5.0,0.03561517113783534,0.3302892558211707,1.6382978723404256,0.16180251967191328,0.4021434490783795
lutris__lutris__2020-06-13_12-28-18,Python,1538902560.0,1564304160.0,350.55357142857144,153.41071428571428,11395.05357142857,982.125,38.089285714285715,10.607142857142858,20.196428571428573,1331103.988872959,56,74,2547.0,4.0,0.027952610144390964,0.37414919272451036,2.0405405405405403,0.21100522728781324,0.2532482038994198
lutris__lutris__2020-06-13_12-28-18,Python,1564304160.0,1589705760.0,79.53571428571429,37.82142857142857,2661.5535714285716,219.80357142857142,8.357142857142858,2.4285714285714284,6.517857142857143,296028.2167329579,56,76,566.0,4.0,0.017368421052631578,0.2089131727624145,1.3026315789473684,0.08196850831376756,0.3250231940935431
lxqt__lxqt-panel__2020-06-12_08-20-48,C++,1299156192.0,1324557792.0,640.2857142857143,255.42857142857142,18446.0,1807.857142857143,46.57142857142857,19.0,16.285714285714285,732439.1800828732,7,7,201.0,3.0,0.2380952380952381,0.35714285714285715,1.4285714285714286,0.04419990531196882,0.06511461673369964
lxqt__lxqt-panel__2020-06-12_08-20-48,C++,1324557792.0,1349959392.0,665.7857142857143,271.42857142857144,17365.35714285714,1757.2142857142858,53.714285714285715,21.357142857142858,15.571428571428571,642944.9949455431,14,16,1000.0,3.0,0.15416666666666667,0.3913014069264069,2.3125,0.16286570845281467,0.1391598618875124
lxqt__lxqt-panel__2020-06-12_08-20-48,C++,1349959392.0,1375360992.0,1106.7142857142858,423.42857142857144,30342.85714285714,2883.1428571428573,87.14285714285714,33.857142857142854,24.142857142857142,1342144.4146226163,7,17,1011.0,3.0,0.13970588235294118,0.5634776987718164,2.235294117647059,0.29232979072090426,0.17045792470571813
lxqt__lxqt-panel__2020-06-12_08-20-48,C++,1375360992.0,1400762592.0,346.7142857142857,72.57142857142857,5267.285714285715,450.85714285714283,13.428571428571429,4.571428571428571,5.0,134134.70096365095,7,18,811.0,3.0,0.08169934640522876,0.2933201058201058,1.3888888888888888,0.049558340853463445,0.49762713208802
lxqt__lxqt-panel__2020-06-12_08-20-48,C++,1400762592.0,1426164192.0,446.4,173.8,12428.266666666666,1161.0666666666666,33.13333333333333,10.133333333333333,8.866666666666667,648156.1264446229,15,28,1100.0,4.0,0.09656084656084657,0.41023460666317807,2.607142857142857,0.289684199549918,0.216448700022579
lxqt__lxqt-panel__2020-06-12_08-20-48,C++,1426164192.0,1451565792.0,457.42857142857144,137.21428571428572,11328.0,1025.0,29.428571428571427,8.428571428571429,12.785714285714286,673130.7437898666,14,29,2447.0,4.0,0.07512315270935961,0.4017368086760635,2.103448275862069,0.27029927796667175,0.27255191007358315
lxqt__lxqt-panel__2020-06-12_08-20-48,C++,1451565792.0,1476967392.0,226.77777777777777,109.0,7368.777777777777,790.1111111111111,21.22222222222222,5.777777777777778,9.555555555555555,529307.4271968242,9,18,284.0,5.0,0.08823529411764706,0.2962352462352463,1.5,0.0954442173408302,0.38447167277330924
lxqt__lxqt-panel__2020-06-12_08-20-48,C++,1476967392.0,1502368992.0,73.5,39.75,2705.125,303.75,8.25,2.375,4.875,204518.91923910103,8,15,123.0,3.0,0.07619047619047618,0.04682539682539682,1.0666666666666667,0.014243486604581745,0.387918372477196
lxqt__lxqt-panel__2020-06-12_08-20-48,C++,1502368992.0,1527770592.0,101.28571428571429,26.0,2005.5714285714287,232.14285714285714,9.857142857142858,0.7142857142857143,4.142857142857143,277338.02619548835,7,18,302.0,3.0,0.08823529411764706,0.25171957671957673,1.5,0.05734028427835447,0.2291765336902169
lxqt__lxqt-panel__2020-06-12_08-20-48,C++,1527770592.0,1553172192.0,119.44444444444444,54.22222222222222,2582.8888888888887,373.0,11.666666666666666,4.111111111111111,1.6666666666666667,231534.3542703091,9,17,201.0,2.0,0.07352941176470588,0.2803921568627451,1.1764705882352942,0.05234507137808442,0.38538322815625825
lxqt__lxqt-panel__2020-06-12_08-20-48,C++,1553172192.0,1578573792.0,189.125,42.5,4965.625,628.5,9.875,2.375,10.0,430991.0458128176,8,29,698.0,4.0,0.07881773399014778,0.4405152402153901,2.206896551724138,0.15194060973995105,0.38705819487495124
m-labs__migen__2020-06-14_00-16-35,Python,1360453683.0,1385855283.0,813.1,462.8,21830.0,3986.9,107.3,35.6,31.7,3354111.8062144974,10,10,246.0,2.0,0.17777777777777778,0.20277777777777778,1.6,0.006327742505613854,0.23247378026061286
m-labs__migen__2020-06-14_00-16-35,Python,1385855283.0,1411256883.0,470.75,278.0,12740.25,2067.75,66.5,28.0,26.25,1632762.804504423,4,8,304.0,2.0,0.19642857142857142,0.275,1.375,0.13493895692108482,0.13035185075024397
m-labs__migen__2020-06-14_00-16-35,Python,1411256883.0,1436658483.0,636.3333333333334,343.44444444444446,16346.666666666666,2445.8888888888887,55.44444444444444,20.666666666666668,23.333333333333332,2000478.274822871,9,12,808.0,3.0,0.18181818181818182,0.6486111111111111,2.0,0.12609977688213736,0.20650313025333497
m-labs__migen__2020-06-14_00-16-35,Python,1436658483.0,1462060083.0,236.25,107.91666666666667,6375.333333333333,797.0,29.583333333333332,7.583333333333333,13.25,773390.2315135641,12,15,250.0,4.0,0.09999999999999999,0.17259259259259258,1.4,0.12176839435303888,0.3818090311796027
m-labs__migen__2020-06-14_00-16-35,Python,1462060083.0,1487461683.0,134.875,88.625,4191.375,674.375,19.5,6.375,7.125,556225.4236184936,8,10,56.0,3.0,0.17777777777777778,0.2733333333333333,1.6,0.16139579607682697,0.06637421562159394
m-labs__migen__2020-06-14_00-16-35,Python,1487461683.0,1512863283.0,194.45454545454547,122.0909090909091,5644.545454545455,763.9090909090909,8.818181818181818,4.090909090909091,10.909090909090908,415758.4808552939,11,12,58.0,3.0,0.09090909090909091,0.21666666666666665,1.0,0.18392682813726235,0.06461181965383374
m-labs__migen__2020-06-14_00-16-35,Python,1512863283.0,1538264883.0,132.28571428571428,71.28571428571429,3964.285714285714,558.8571428571429,6.071428571428571,2.5,8.214285714285714,429642.0967392788,14,16,177.0,5.0,0.09583333333333334,0.2443452380952381,1.4375,0.08649391658111683,0.1795439827039386
m-labs__migen__2020-06-14_00-16-35,Python,1538264883.0,1563666483.0,149.8,95.26666666666667,4540.933333333333,651.5333333333333,9.666666666666666,2.8666666666666667,7.133333333333334,393204.95999638794,15,23,261.0,5.0,0.07114624505928854,0.23563899868247695,1.565217391304348,0.18497178360203403,0.20633127535714843
m-labs__migen__2020-06-14_00-16-35,Python,1563666483.0,1589068083.0,211.0,153.8,6058.4,1085.6,5.4,1.6,10.2,763869.0520942081,5,10,130.0,3.0,0.15555555555555556,0.4333333333333334,1.4,0.060978393832887834,0.35468869932629743
magento__graphql-ce__2020-06-14_03-59-24,PHP,1398429937.0,1423831537.0,1111.4660194174758,444.0873786407767,31702.73786407767,2796.2038834951454,68.79611650485437,54.61165048543689,18.466019417475728,2492305.939233881,103,103,3197.0,10.0,0.020750047591852273,0.26877830906957123,2.116504854368932,0.0020720969284930835,0.04043916512033158
magento__graphql-ce__2020-06-14_03-59-24,PHP,1423831537.0,1449233137.0,3385.7727272727275,1529.8636363636363,100843.87878787878,9608.111111111111,255.02020202020202,194.24747474747474,68.0959595959596,9906494.068841463,198,207,52781.0,6.0,0.06177008583087097,0.41954817805292766,12.72463768115942,0.01794620587351159,0.09877863274717277
magento__graphql-ce__2020-06-14_03-59-24,PHP,1449233137.0,1474634737.0,1614.6913043478262,733.3565217391305,48038.48260869565,4581.295652173913,134.94347826086957,104.30434782608695,35.321739130434786,2457112.567520945,230,282,33488.0,6.0,0.031220817243381035,0.3492895137404777,8.77304964539007,0.1531820546843432,0.13971037194809413
magento__graphql-ce__2020-06-14_03-59-24,PHP,1474634737.0,1500036337.0,955.6918032786886,433.27213114754096,28591.413114754097,2646.6065573770493,76.53114754098361,62.51803278688524,18.60655737704918,1062361.0498885883,305,388,22781.0,6.0,0.013925517461839688,0.2524150339230076,5.389175257731959,0.10525276583850929,0.17753480466900015
magento__graphql-ce__2020-06-14_03-59-24,PHP,1500036337.0,1525437937.0,541.8212121212122,238.75454545454545,16316.869696969698,1421.5545454545454,43.472727272727276,34.63030303030303,11.027272727272727,658896.8409906571,330,470,14414.0,9.0,0.007553418318740643,0.1856052258040624,3.5425531914893615,0.034663166419013236,0.18804974595499768
magento__graphql-ce__2020-06-14_03-59-24,PHP,1525437937.0,1550839537.0,388.57883817427387,168.28008298755188,11784.943983402489,1033.01244813278,28.86721991701245,20.993775933609957,10.558091286307054,576566.4249395469,482,664,19469.0,8.0,0.006467044649184976,0.1786212804236788,4.287650602409639,0.011801544958159993,0.2027248488404636
magento__graphql-ce__2020-06-14_03-59-24,PHP,1550839537.0,1576241137.0,587.769035532995,273.96446700507613,18471.65736040609,1579.3274111675128,41.81218274111675,31.82741116751269,14.33502538071066,834256.48279702,394,633,24638.0,7.0,0.006656568080468734,0.19006378503936253,4.20695102685624,0.06235578095769878,0.2031027014843372
magento__magento2__2020-06-14_00-37-06,PHP,1413295522.0,1438697122.0,3066.9435028248586,1415.6949152542372,91411.29378531073,8811.440677966102,224.12429378531073,175.5084745762712,57.293785310734464,9825161.78794762,177,177,32947.0,7.0,0.052934001027221365,0.3687478465829489,9.31638418079096,0.06970256000928698,0.07154757206508126
magento__magento2__2020-06-14_00-37-06,PHP,1438697122.0,1464098722.0,2210.2683982683984,948.5411255411256,64335.72727272727,5971.939393939394,174.87012987012986,131.75324675324674,46.90909090909091,3920747.8985378165,231,263,47588.0,6.0,0.04141874437639683,0.3846788206101567,10.85171102661597,0.13413230426007017,0.14680703743044438
magento__magento2__2020-06-14_00-37-06,PHP,1464098722.0,1489500322.0,1207.0613026819924,558.9463601532567,36671.314176245214,3448.9003831417626,98.26436781609195,79.51724137931035,22.544061302681992,1419765.354105173,261,325,24694.0,6.0,0.019515669515669513,0.26570040901735686,6.323076923076923,0.11247521071704436,0.15705283225062375
magento__magento2__2020-06-14_00-37-06,PHP,1489500322.0,1514901922.0,539.0658307210032,229.82758620689654,16020.473354231975,1404.846394984326,41.89028213166144,32.98432601880878,12.081504702194357,676969.8260455712,319,420,15016.0,9.0,0.009660188657802023,0.18874422039892344,4.0476190476190474,0.021235209076550632,0.1920941840885314
magento__magento2__2020-06-14_00-37-06,PHP,1514901922.0,1540303522.0,500.8211009174312,224.17889908256882,15282.37614678899,1360.573394495413,39.01146788990825,30.077981651376145,11.51834862385321,732793.7322655773,436,612,20157.0,8.0,0.007062781468288351,0.1811681509173252,4.315359477124183,0.020125375736220752,0.1915739361074898
magento__magento2__2020-06-14_00-37-06,PHP,1540303522.0,1565705122.0,497.2378947368421,224.89263157894737,15291.458947368421,1310.2947368421053,34.60421052631579,25.090526315789475,12.303157894736842,614557.6768113355,475,687,27122.0,7.0,0.006316812439261419,0.19995713170331544,4.333333333333333,0.09557477952904381,0.22114386487322824
magento__magento2__2020-06-14_00-37-06,PHP,1565705122.0,1591106722.0,730.1345029239766,309.17836257309943,22344.625730994154,1842.8830409356726,54.84795321637427,46.06140350877193,14.347953216374268,1062074.904599325,342,624,29992.0,7.0,0.007698995760793513,0.2511226437168499,4.796474358974359,0.17090426990423213,0.17800447222044563
ManageIQ__manageiq-providers-openstack__2020-06-13_05-28-05,Ruby,1453377181.0,1478778781.0,152.5,107.36666666666666,5084.633333333333,651.0666666666667,18.8,10.766666666666667,7.5,613902.5171097057,30,33,447.0,5.0,0.05965909090909091,0.38928128401812606,1.9090909090909092,0.22400831671387544,0.16218360303248797
ManageIQ__manageiq-providers-openstack__2020-06-13_05-28-05,Ruby,1478778781.0,1504180381.0,136.1304347826087,94.04347826086956,5025.217391304348,613.7391304347826,18.17391304347826,9.478260869565217,6.130434782608695,385329.8854606125,23,29,136.0,5.0,0.05295566502463055,0.13973727422003285,1.4827586206896552,0.15122307013843717,0.22242686312454152
ManageIQ__manageiq-providers-openstack__2020-06-13_05-28-05,Ruby,1504180381.0,1529581981.0,347.5769230769231,89.65384615384616,5493.153846153846,642.1153846153846,17.46153846153846,9.115384615384615,7.076923076923077,948422.1849192891,26,34,1796.0,4.0,0.049019607843137254,0.2900148294611963,1.6176470588235294,0.049687300911154364,0.18669501294390808
ManageIQ__manageiq-providers-openstack__2020-06-13_05-28-05,Ruby,1529581981.0,1554983581.0,122.4,53.53333333333333,4165.066666666667,354.8666666666667,10.2,4.133333333333334,5.4,293986.55653624295,15,31,319.0,5.0,0.05376344086021505,0.3260800885588661,1.6129032258064515,0.17164232041479177,0.23300663162128377
ManageIQ__manageiq-providers-openstack__2020-06-13_05-28-05,Ruby,1554983581.0,1580385181.0,120.16666666666667,89.0,4322.416666666667,507.75,15.166666666666666,8.166666666666666,4.75,309266.89396451827,12,23,190.0,3.0,0.06719367588932806,0.2401656314699793,1.4782608695652173,0.03894550032811728,0.23996788854178508
mattermost__mattermost-mobile__2020-06-13_12-09-17,JavaScript,1490264360.0,1515665960.0,3020.9285714285716,1788.7857142857142,91104.57142857143,9156.785714285714,245.35714285714286,123.0,37.92857142857143,2572981.7837393167,14,17,5266.0,3.0,0.15073529411764705,0.338562091503268,2.411764705882353,0.22789285905951506,0.4988962160456795
mattermost__mattermost-mobile__2020-06-13_12-09-17,JavaScript,1515665960.0,1541067560.0,1456.52,772.32,39904.0,4414.08,108.6,49.4,22.56,1473728.443006788,25,30,6661.0,3.0,0.15632183908045977,0.6167366467954702,4.533333333333333,0.4721739958890173,0.3304657055532081
mattermost__mattermost-mobile__2020-06-13_12-09-17,JavaScript,1541067560.0,1566469160.0,553.7391304347826,321.6304347826087,18109.891304347828,1847.0869565217392,47.08695652173913,22.195652173913043,10.217391304347826,694660.8427040565,46,55,3619.0,5.0,0.056228956228956226,0.48031537949494607,3.036363636363636,0.06453549805493386,0.2211309219439363
mattermost__mattermost-mobile__2020-06-13_12-09-17,JavaScript,1566469160.0,1591870760.0,644.92,366.92,20730.48,2303.62,49.28,23.92,10.2,700160.3594444292,50,76,5626.0,5.0,0.04350877192982456,0.49842240205091864,3.263157894736842,0.313530500603428,0.20840465588067622
mautic__mautic-typo3__2020-06-12_19-22-53,PHP,1514990859.0,1540392459.0,181.0,99.0,6222.0,417.5,16.0,14.5,5.5,32984.710557260805,2,3,2.0,1.0,0.16666666666666666,0.0,0.3333333333333333,2.0000000000575113e-06,0.034482758620689655
mautic__mautic-typo3__2020-06-12_19-22-53,PHP,1540392459.0,1565794059.0,1021.0,509.5,30640.5,3387.0,86.5,42.0,38.5,896000.6217208657,2,2,14.0,1.0,0.5,,0.5,2.0000000000575113e-06,0.003484320557491289
mdn__browser-compat-data__2020-06-13_00-10-12,JavaScript,1509670952.0,1535072552.0,18.545454545454547,9.272727272727273,611.9090909090909,53.81818181818182,1.0909090909090908,0.09090909090909091,1.9090909090909092,15134.844683793395,11,12,75.0,3.0,0.12878787878787878,0.4265873015873016,1.4166666666666667,0.17188946220883994,0.36418826302329527
mdn__browser-compat-data__2020-06-13_00-10-12,JavaScript,1535072552.0,1560474152.0,228.57142857142858,136.85714285714286,7180.857142857143,709.2857142857143,23.857142857142858,9.142857142857142,6.428571428571429,184774.31488296654,7,12,318.0,4.0,0.18939393939393942,0.587049062049062,2.0833333333333335,0.1665435213309202,0.17346635473175412
mdn__browser-compat-data__2020-06-13_00-10-12,JavaScript,1560474152.0,1585875752.0,536.7142857142857,320.42857142857144,14608.285714285714,1519.2857142857142,50.42857142857143,21.0,9.142857142857142,439193.2439286786,7,12,505.0,2.0,0.2196969696969697,0.5876262626262626,2.4166666666666665,0.24075374904385638,0.20211031136139132
mongodb__node-mongodb-native__2020-06-13_12-24-56,JavaScript,1269623926.0,1295025526.0,730.0833333333334,273.625,21622.166666666668,2584.0416666666665,70.95833333333333,41.375,7.083333333333333,3217466.714613419,24,28,967.0,3.0,0.06481481481481481,0.473956400742115,1.75,0.09308816341481618,0.1723021763913857
mongodb__node-mongodb-native__2020-06-13_12-24-56,JavaScript,1295025526.0,1320427126.0,1404.7073170731708,689.0975609756098,39985.87804878049,6562.4390243902435,174.73170731707316,112.60975609756098,9.390243902439025,6739121.874872316,41,58,2606.0,4.0,0.03871748336358136,0.42090779003210943,2.206896551724138,0.10851705602701955,0.40310021963391074
mongodb__node-mongodb-native__2020-06-13_12-24-56,JavaScript,1320427126.0,1345828726.0,2322.71875,868.6875,70644.0,8365.40625,240.03125,131.34375,15.9375,8109110.458004344,32,65,1701.0,4.0,0.023317307692307693,0.22185831510695395,1.4923076923076923,0.028241471285855746,0.43881924761368946
mongodb__node-mongodb-native__2020-06-13_12-24-56,JavaScript,1345828726.0,1371230326.0,1089.0625,446.84375,34430.03125,4163.09375,123.75,72.1875,11.5625,2712715.733613236,32,62,1204.0,3.0,0.021152829190904283,0.17389349473390223,1.2903225806451613,0.025262600941998503,0.4463573536630611
mongodb__node-mongodb-native__2020-06-13_12-24-56,JavaScript,1371230326.0,1396631926.0,1725.5263157894738,735.7368421052631,49281.42105263158,6220.368421052632,188.31578947368422,96.10526315789474,14.894736842105264,4860675.937726819,19,38,539.0,3.0,0.029871977240398296,0.1405597326649958,1.105263157894737,0.007569937246691971,0.4584280062084974
mongodb__node-mongodb-native__2020-06-13_12-24-56,JavaScript,1396631926.0,1422033526.0,2190.8275862068967,691.8275862068965,65911.41379310345,5815.586206896552,180.72413793103448,96.51724137931035,14.89655172413793,4270697.741831743,29,34,275.0,2.0,0.03119429590017825,0.1767219708396179,1.0294117647058822,0.013221912022385651,0.5047282801954532
mongodb__node-mongodb-native__2020-06-13_12-24-56,JavaScript,1422033526.0,1447435126.0,1036.0357142857142,470.7857142857143,29429.821428571428,4038.8571428571427,124.85714285714286,64.57142857142857,13.964285714285714,3699205.884993483,28,32,283.0,2.0,0.03225806451612903,0.0,1.0,2.0000000003905782e-06,0.3661769853469671
mongodb__node-mongodb-native__2020-06-13_12-24-56,JavaScript,1447435126.0,1472836726.0,1733.53125,880.5625,49072.15625,6972.9375,188.9375,108.90625,20.0625,5665897.1392672025,32,44,378.0,3.0,0.023784355179704016,0.11080156402737047,1.0227272727272727,0.061077223085837073,0.28352019492398667
mongodb__node-mongodb-native__2020-06-13_12-24-56,JavaScript,1472836726.0,1498238326.0,501.62857142857143,214.62857142857143,14932.171428571428,1731.8857142857144,44.97142857142857,26.4,7.9714285714285715,1939701.8587770795,35,47,412.0,3.0,0.02312673450508788,0.08519789521848546,1.0638297872340425,0.007292642364383095,0.453613061518819
mongodb__node-mongodb-native__2020-06-13_12-24-56,JavaScript,1498238326.0,1523639926.0,3052.217391304348,790.2173913043479,87010.82608695653,5622.913043478261,186.08695652173913,99.65217391304348,29.956521739130434,8182756.23382409,23,48,18514.0,4.0,0.034131205673758866,0.2538923653506987,1.6041666666666667,0.11429001509713976,0.29552076784837106
mongodb__node-mongodb-native__2020-06-13_12-24-56,JavaScript,1523639926.0,1549041526.0,1188.962962962963,535.6296296296297,35224.851851851854,3684.8518518518517,147.1851851851852,71.29629629629629,16.62962962962963,3102144.671065888,27,47,4529.0,4.0,0.04070305272895467,0.23348100073447547,1.872340425531915,0.3062777720463763,0.4611031900917719
mongodb__node-mongodb-native__2020-06-13_12-24-56,JavaScript,1549041526.0,1574443126.0,1787.4347826086957,948.3913043478261,53382.217391304344,6297.347826086957,238.43478260869566,112.56521739130434,30.956521739130434,3971875.330853668,23,43,5408.0,3.0,0.04540420819490587,0.2879785869674646,1.9069767441860466,0.1833121630800597,0.4696192466613689
mozilla__balrog__2020-06-13_10-40-32,Python,1310533637.0,1335935237.0,1652.6666666666667,1069.6666666666667,64146.666666666664,9761.0,214.66666666666666,120.33333333333333,18.666666666666668,37948001.12315478,3,3,356.0,2.0,0.6666666666666666,0.0,1.3333333333333333,1.9999999998354667e-06,0.0897637196719349
mozilla__balrog__2020-06-13_10-40-32,Python,1335935237.0,1361336837.0,1308.6666666666667,884.3333333333334,65574.33333333333,16318.333333333334,521.3333333333334,135.0,6.666666666666667,23579313.933029905,3,4,84.0,2.0,0.4166666666666667,0.5833333333333334,1.25,0.20312679687500002,0.0440549926264212
mozilla__balrog__2020-06-13_10-40-32,Python,1361336837.0,1386738437.0,1348.5714285714287,391.57142857142856,45058.71428571428,2919.714285714286,108.28571428571429,47.285714285714285,6.142857142857143,8159723.614246905,7,9,753.0,2.0,0.1527777777777778,0.6111111111111112,1.2222222222222223,0.4747963390880644,0.22510151330736886
mozilla__balrog__2020-06-13_10-40-32,Python,1386738437.0,1412140037.0,2253.4,1505.8,83645.6,8436.0,207.2,82.0,8.8,46890759.381096,5,9,759.0,2.0,0.125,0.37037037037037035,1.0,0.019599549212443668,0.08250868499300473
mozilla__balrog__2020-06-13_10-40-32,Python,1412140037.0,1437541637.0,2048.6,1302.4,86193.4,15415.8,505.6,279.4,15.6,32580757.00965483,5,10,625.0,3.0,0.14444444444444446,0.20666666666666664,1.3,0.005574612505567567,0.05945164577266834
mozilla__balrog__2020-06-13_10-40-32,Python,1437541637.0,1462943237.0,912.4444444444445,489.44444444444446,35219.0,3623.3333333333335,77.22222222222223,44.22222222222222,16.444444444444443,39765545.51539618,9,12,1124.0,2.0,0.23484848484848486,0.6652777777777777,2.5833333333333335,0.15340294437867918,0.1323750123360703
mozilla__balrog__2020-06-13_10-40-32,Python,1462943237.0,1488344837.0,910.5,611.1666666666666,44858.916666666664,5750.875,132.29166666666666,78.04166666666667,5.833333333333333,178655507.24807557,24,31,3422.0,4.0,0.07526881720430108,0.35784024114194896,2.2580645161290325,0.17166352029525966,0.1856961731043455
mozilla__balrog__2020-06-13_10-40-32,Python,1488344837.0,1513746437.0,550.9,341.56666666666666,22435.3,2661.2,59.36666666666667,30.633333333333333,3.8333333333333335,66470174.31854759,30,44,3161.0,5.0,0.07346723044397463,0.5350515918029287,3.159090909090909,0.2199465203537041,0.24309162695667574
mozilla__balrog__2020-06-13_10-40-32,Python,1513746437.0,1539148037.0,833.8571428571429,590.0,29695.428571428572,4010.0,108.85714285714286,53.142857142857146,5.428571428571429,60000612.23792987,7,34,1243.0,3.0,0.049019607843137254,0.40212829548692924,1.6176470588235294,0.04705925719230364,0.227249562859639
mozilla__balrog__2020-06-13_10-40-32,Python,1539148037.0,1564549637.0,916.125,538.75,26259.375,3854.25,94.875,45.375,6.375,99996089.11379251,8,38,1928.0,4.0,0.050497866287339974,0.4689220694961245,1.868421052631579,0.11217640188681721,0.29247743099147355
mozilla__balrog__2020-06-13_10-40-32,Python,1564549637.0,1589951237.0,1728.0,1130.5,71869.0,9250.25,182.25,76.0,12.5,210417349.33627945,4,19,695.0,3.0,0.07309941520467837,0.2647058823529412,1.3157894736842106,0.026900168301637994,0.3143192736521441
mozilla__readability__2020-06-13_05-26-51,JavaScript,1433454649.0,1458856249.0,1116.6666666666667,921.6666666666666,101661.33333333333,13276.333333333334,118.66666666666667,24.666666666666668,2.6666666666666665,54177739.150798656,3,7,154.0,2.0,0.11904761904761905,0.0,0.7142857142857143,2.0000000001685336e-06,0.23088297422898182
mozilla__readability__2020-06-13_05-26-51,JavaScript,1458856249.0,1484257849.0,3474.8571428571427,3005.8571428571427,157948.42857142858,18482.285714285714,18.285714285714285,4.714285714285714,3.0,158347293.90999606,7,11,151.0,3.0,0.18181818181818182,0.4292207792207792,1.8181818181818181,0.1991094689180397,0.48085794089540723
mozilla__readability__2020-06-13_05-26-51,JavaScript,1484257849.0,1509659449.0,3375.4285714285716,3068.0,248210.85714285713,27172.285714285714,30.428571428571427,8.142857142857142,2.857142857142857,73365120.27388375,7,13,517.0,3.0,0.12179487179487179,0.3034798534798535,1.4615384615384615,0.01364852632480007,0.42451519960145384
mozilla__readability__2020-06-13_05-26-51,JavaScript,1509659449.0,1535061049.0,1235.5,775.0,132033.625,5034.875,15.625,3.875,5.25,7084712.696706103,8,21,1468.0,4.0,0.09523809523809523,0.4592352092352093,1.9047619047619047,0.036138215808304675,0.5332334930721238
mozilla__readability__2020-06-13_05-26-51,JavaScript,1535061049.0,1560462649.0,1114.6666666666667,944.1111111111111,156259.44444444444,14347.666666666666,102.88888888888889,14.555555555555555,3.3333333333333335,123479543.16953956,9,16,119.0,4.0,0.09166666666666666,0.3031746031746032,1.375,0.07818956298757529,0.39268818690621077
mozilla__readability__2020-06-13_05-26-51,JavaScript,1560462649.0,1585864249.0,1062.0,1022.8,112142.0,12056.6,13.4,2.6,3.4,127792307.31173177,5,11,30.0,4.0,0.10909090909090909,0.06385281385281384,1.0909090909090908,0.05225347029542349,0.16625472411186698
mrdoob__three.js__2020-06-10_11-31-04,JavaScript,1286880142.0,1312281742.0,7302.888888888889,1615.1666666666667,322424.44444444444,25277.972222222223,543.4444444444445,157.11111111111111,30.805555555555557,75149432.33539128,36,39,40848.0,3.0,0.06950067476383266,0.6161690697437303,2.641025641025641,0.09231594553104194,0.30309466360729886
mrdoob__three.js__2020-06-10_11-31-04,JavaScript,1312281742.0,1337683342.0,3148.6612903225805,673.8387096774194,143940.17741935485,9596.758064516129,197.0,56.564516129032256,19.548387096774192,30932640.15453071,62,75,37202.0,4.0,0.03297297297297297,0.5603967243911739,2.44,0.11282643076959609,0.3459878602536308
mrdoob__three.js__2020-06-10_11-31-04,JavaScript,1337683342.0,1363084942.0,2335.1323529411766,640.1029411764706,85127.23529411765,6996.617647058823,165.0441176470588,50.23529411764706,21.86764705882353,16930635.82370572,68,112,19360.0,5.0,0.01842020592020592,0.4102355290505155,2.044642857142857,0.14708672008233703,0.3007122304192061
mrdoob__three.js__2020-06-10_11-31-04,JavaScript,1363084942.0,1388486542.0,1128.3978494623657,358.61290322580646,36959.86021505376,3329.6129032258063,74.51612903225806,21.301075268817204,12.193548387096774,7322750.748823048,93,126,14315.0,4.0,0.016825396825396827,0.38119067814458274,2.1031746031746033,0.16421954486863866,0.3387143561795868
mrdoob__three.js__2020-06-10_11-31-04,JavaScript,1388486542.0,1413888142.0,1158.2936507936508,332.6111111111111,43415.555555555555,3440.595238095238,86.36507936507937,24.928571428571427,12.912698412698413,8788288.91835153,126,216,19828.0,5.0,0.009345391903531437,0.3355218965534855,2.009259259259259,0.022900958442013453,0.35948468763330355
mrdoob__three.js__2020-06-10_11-31-04,JavaScript,1413888142.0,1439289742.0,1067.9727891156463,220.9387755102041,26794.08843537415,1977.4829931972788,49.183673469387756,15.496598639455783,10.653061224489797,3352000.960559509,147,256,18246.0,6.0,0.010248161764705882,0.4342983216052096,2.61328125,0.13110546299063075,0.38328617280778754
mrdoob__three.js__2020-06-10_11-31-04,JavaScript,1439289742.0,1464691342.0,1212.6467065868264,377.21556886227546,40195.74251497006,3587.682634730539,90.62275449101796,30.526946107784433,15.934131736526947,5488672.33336116,167,312,27498.0,5.0,0.007729408854810784,0.41660013922927464,2.4038461538461537,0.04936040067176228,0.39400997589248493
mrdoob__three.js__2020-06-10_11-31-04,JavaScript,1464691342.0,1490092942.0,795.4947368421052,231.72105263157894,29535.58947368421,2729.3105263157895,75.21052631578948,22.857894736842105,9.615789473684211,2727186.027619236,190,331,20197.0,6.0,0.006738075620250847,0.34158027282113884,2.2235649546827796,0.04487807348151729,0.37540450731604325
mrdoob__three.js__2020-06-10_11-31-04,JavaScript,1490092942.0,1515494542.0,1097.4520547945206,309.17808219178085,41394.29452054795,4624.904109589041,132.42465753424656,51.3013698630137,13.267123287671232,2280485.941633797,146,302,21011.0,7.0,0.007469582627444941,0.3660279730132354,2.248344370860927,0.060487359526041784,0.39937016489234906
mrdoob__three.js__2020-06-10_11-31-04,JavaScript,1515494542.0,1540896142.0,885.3699421965318,215.4450867052023,28645.815028901736,1876.6300578034682,55.861271676300575,18.046242774566473,11.907514450867051,2015890.1533005775,173,349,29240.0,5.0,0.006661067746928828,0.4073771355499665,2.318051575931232,0.08710488211608569,0.38734355114342395
mrdoob__three.js__2020-06-10_11-31-04,JavaScript,1540896142.0,1566297742.0,1591.4666666666667,490.6222222222222,46413.03703703704,4229.733333333334,100.06666666666666,29.496296296296297,14.11111111111111,3698993.4589583087,135,343,29903.0,7.0,0.006939116498729818,0.34780886185497634,2.373177842565598,0.021001112429427482,0.3816103394376942
mrdoob__three.js__2020-06-10_11-31-04,JavaScript,1566297742.0,1591699342.0,937.4149659863946,251.7074829931973,37993.510204081635,2009.2448979591836,50.68027210884354,13.312925170068027,12.414965986394558,3295194.2839983613,147,358,26121.0,5.0,0.006189067805893307,0.3284088536258946,2.2094972067039107,0.06890512713667529,0.36940645544818573
mui-org__material-ui__2020-06-13_17-40-59,JavaScript,1414105900.0,1439507500.0,189.05,96.475,4511.75,665.425,16.2,8.525,5.95,100632.44601115107,40,40,1354.0,5.0,0.05512820512820513,0.4677508645091765,2.15,0.16624233828994006,0.41230542791832786
mui-org__material-ui__2020-06-13_17-40-59,JavaScript,1439507500.0,1464909100.0,260.5357142857143,116.91666666666667,6425.166666666667,679.5952380952381,17.166666666666668,10.976190476190476,4.738095238095238,151195.64619880024,84,101,5044.0,4.0,0.024356435643564357,0.49156406090386967,2.4356435643564356,0.37131187513572406,0.2827774670967107
mui-org__material-ui__2020-06-13_17-40-59,JavaScript,1464909100.0,1490310700.0,1338.8846153846155,751.0,33443.38461538462,4146.7307692307695,98.96153846153847,72.76923076923077,16.576923076923077,734743.6468392911,26,39,3498.0,4.0,0.04723346828609987,0.2987683256914026,1.794871794871795,0.10912379714081843,0.2048089366010965
mui-org__material-ui__2020-06-13_17-40-59,JavaScript,1490310700.0,1515712300.0,398.4787878787879,181.83030303030304,9010.836363636363,881.8242424242425,17.169696969696968,12.66060606060606,5.678787878787879,445100.4470746633,165,176,9623.0,4.0,0.013538961038961038,0.4284437474290415,2.3693181818181817,0.26809904007853536,0.318170488883766
mui-org__material-ui__2020-06-13_17-40-59,JavaScript,1515712300.0,1541113900.0,172.4375,86.84210526315789,4542.023026315789,432.0657894736842,8.99671052631579,5.8355263157894735,3.4934210526315788,131118.41093371206,304,389,8630.0,6.0,0.0050618821721039944,0.3120278686231744,1.9640102827763497,0.20870626081162447,0.3413604492071441
mui-org__material-ui__2020-06-13_17-40-59,JavaScript,1541113900.0,1566515500.0,340.7951807228916,175.36144578313252,9199.349397590362,945.3343373493976,14.870481927710843,10.256024096385541,3.286144578313253,216023.1085914851,332,540,24151.0,6.0,0.004830619116333402,0.39948434378336034,2.6037037037037036,0.12147943470909683,0.3400264199314006
mui-org__material-ui__2020-06-13_17-40-59,JavaScript,1566515500.0,1591917100.0,189.45384615384614,96.01025641025642,5254.566666666667,590.5846153846154,10.505128205128205,6.864102564102564,2.551282051282051,241051.34810349788,390,654,17350.0,6.0,0.003430415255864488,0.3801794461527274,2.2400611620795106,0.06754275097030404,0.3147328156019207
mulesoft__mule-integration-tests__2020-06-13_23-30-26,Java,1114617497.0,1140019097.0,1837.5,899.0,58909.0,6732.5,112.5,86.5,36.0,795597.8423595228,4,4,130.0,2.0,0.4166666666666667,0.75,1.25,0.030104276495274696,0.018451363953562266
mulesoft__mule-integration-tests__2020-06-13_23-30-26,Java,1140019097.0,1165420697.0,1944.0,822.5714285714286,58949.71428571428,6039.142857142857,85.14285714285714,64.28571428571429,39.42857142857143,773697.4047023436,7,8,1718.0,3.0,0.32142857142857145,0.5898809523809524,2.25,0.08531154073392033,0.1507477332817755
mulesoft__mule-integration-tests__2020-06-13_23-30-26,Java,1165420697.0,1190822297.0,952.0,442.6666666666667,27891.666666666668,3227.3333333333335,40.0,31.333333333333332,17.0,494348.62503865216,6,10,1060.0,3.0,0.14444444444444446,0.45904761904761904,1.3,0.20804322717297574,0.3282396346757218
mulesoft__mule-integration-tests__2020-06-13_23-30-26,Java,1190822297.0,1216223897.0,1654.75,786.25,53500.0,5407.75,102.75,76.5,30.25,763839.5194176409,8,12,2518.0,3.0,0.3484848484848485,0.7692219817219819,3.8333333333333335,0.38497702033651215,0.2500322805349267
mulesoft__mule-integration-tests__2020-06-13_23-30-26,Java,1216223897.0,1241625497.0,1259.142857142857,690.8571428571429,41358.28571428572,4548.285714285715,71.42857142857143,62.57142857142857,29.142857142857142,483067.30679068685,7,12,592.0,3.0,0.22727272727272727,0.5869708994708994,2.5,0.33832256306316033,0.08510876673564458
mulesoft__mule-integration-tests__2020-06-13_23-30-26,Java,1241625497.0,1267027097.0,914.6666666666666,482.6666666666667,28984.666666666668,3021.3333333333335,52.666666666666664,44.0,24.666666666666668,419426.4724782002,6,8,1088.0,2.0,0.39285714285714285,0.8023809523809523,2.75,0.2541378820922263,0.20716086376485274
mulesoft__mule-integration-tests__2020-06-13_23-30-26,Java,1267027097.0,1292428697.0,1264.8333333333333,647.6666666666666,38839.5,4316.0,70.16666666666667,56.833333333333336,39.166666666666664,1116637.7350992437,12,19,2118.0,3.0,0.21637426900584797,0.6100216003466777,3.8947368421052633,0.47851099341418046,0.11965140570936442
mulesoft__mule-integration-tests__2020-06-13_23-30-26,Java,1292428697.0,1317830297.0,1506.5714285714287,716.1428571428571,47072.57142857143,4731.285714285715,70.42857142857143,56.857142857142854,23.428571428571427,1365790.827028084,14,19,3470.0,4.0,0.21929824561403508,0.710016591595539,3.9473684210526314,0.3263272818711369,0.17172779502486482
mulesoft__mule-integration-tests__2020-06-13_23-30-26,Java,1317830297.0,1343231897.0,1552.6666666666667,1053.7777777777778,49661.333333333336,6959.555555555556,104.0,92.0,24.666666666666668,2527982.0952085312,9,16,838.0,4.0,0.12083333333333333,0.37202380952380953,1.8125,0.08321195109639257,0.22753165048563573
mulesoft__mule-integration-tests__2020-06-13_23-30-26,Java,1343231897.0,1368633497.0,776.75,508.0,27497.75,3228.5,50.75,42.75,14.5,761796.4577779388,8,15,150.0,3.0,0.06666666666666667,0.08888888888888889,0.9333333333333333,0.021379335989467396,0.044044513424915686
mulesoft__mule-integration-tests__2020-06-13_23-30-26,Java,1368633497.0,1394035097.0,988.5333333333333,543.0,31438.533333333333,3271.6666666666665,54.0,45.13333333333333,14.8,797294.0429265109,15,29,1850.0,5.0,0.06157635467980295,0.4784591470498517,1.7241379310344827,0.05147046263902799,0.0753665688119278
mulesoft__mule-integration-tests__2020-06-13_23-30-26,Java,1394035097.0,1419436697.0,611.1666666666666,403.0,20668.916666666668,2736.9166666666665,41.833333333333336,34.583333333333336,12.583333333333334,644804.1719753306,12,24,561.0,4.0,0.09239130434782608,0.43123219373219374,2.125,0.1583881586836663,0.24509523866707025
mulesoft__mule-integration-tests__2020-06-13_23-30-26,Java,1419436697.0,1444838297.0,767.0,514.5454545454545,24994.81818181818,3409.7272727272725,51.0,46.27272727272727,14.272727272727273,814261.3106150776,11,26,564.0,4.0,0.06615384615384615,0.1774864024864025,1.6538461538461537,0.07809016326206752,0.10452067612172768
mulesoft__mule-integration-tests__2020-06-13_23-30-26,Java,1444838297.0,1470239897.0,2254.909090909091,1050.6363636363637,74868.18181818182,9275.90909090909,89.54545454545455,78.27272727272727,26.181818181818183,2889872.4600723265,11,39,5994.0,3.0,0.07557354925775979,0.64529308933236,2.871794871794872,0.47195351475238356,0.17382714624929332
mulesoft__mule-integration-tests__2020-06-13_23-30-26,Java,1470239897.0,1495641497.0,1354.3076923076924,578.2692307692307,46353.346153846156,5171.384615384615,55.84615384615385,47.30769230769231,21.53846153846154,1767495.007747494,26,41,6024.0,4.0,0.08963414634146341,0.47429423632980755,3.5853658536585367,0.0045975682668577544,0.18676456005680678
mulesoft__mule-integration-tests__2020-06-13_23-30-26,Java,1495641497.0,1521043097.0,1242.9473684210527,632.2105263157895,46837.89473684211,5458.684210526316,64.36842105263158,54.578947368421055,21.473684210526315,2179365.9922763146,19,34,3860.0,3.0,0.15240641711229946,0.5537503751701885,5.029411764705882,0.4404028427624753,0.1597807407233091
mulesoft__mule-integration-tests__2020-06-13_23-30-26,Java,1521043097.0,1546444697.0,269.2,165.53333333333333,10035.666666666666,1394.2666666666667,15.666666666666666,13.666666666666666,6.066666666666666,991151.4165800456,15,19,587.0,4.0,0.14619883040935674,0.4273343615448879,2.6315789473684212,0.1812176036117915,0.1970068024746687
mulesoft__mule-integration-tests__2020-06-13_23-30-26,Java,1546444697.0,1571846297.0,339.93333333333334,187.4,13002.866666666667,1614.8666666666666,19.333333333333332,17.0,8.4,1910776.5342973021,15,28,708.0,4.0,0.07142857142857142,0.3276283240568955,1.9285714285714286,0.2065975741748347,0.19923075512244615
mysql-net__AdoNetApiTest__2020-06-11_00-34-01,C#,1536106851.0,1561508451.0,441.0,336.0,13537.0,1929.5,31.0,23.0,11.5,10246243.49090537,2,2,0.0,0.0,0.0,,0.0,,0.0
mysql-net__AdoNetApiTest__2020-06-11_00-34-01,C#,1561508451.0,1586910051.0,687.0,573.5,18548.5,2985.0,69.0,61.0,11.0,6409207.006159622,2,2,72.0,1.0,1.0,,1.0,2.0000000000575113e-06,0.04780215016473036
nest__nest-simulator__2020-06-13_09-52-37,C++,1437996979.0,1463398579.0,1369.6363636363637,684.6666666666666,38762.15151515151,4129.393939393939,105.54545454545455,41.333333333333336,23.666666666666668,3136685.6618675045,33,34,2448.0,6.0,0.07397504456327986,0.35215233152084363,2.4411764705882355,0.09360787872722809,0.10110623929348642
nest__nest-simulator__2020-06-13_09-52-37,C++,1463398579.0,1488800179.0,1218.5428571428572,430.51428571428573,31654.885714285716,2478.2,56.17142857142857,21.97142857142857,21.82857142857143,2338224.9228906254,35,45,3892.0,5.0,0.0595959595959596,0.447599076254047,2.6222222222222222,0.21038782645916665,0.08754393508952568
nest__nest-simulator__2020-06-13_09-52-37,C++,1488800179.0,1514201779.0,984.8409090909091,476.6136363636364,24698.113636363636,2355.6363636363635,51.5,18.90909090909091,18.795454545454547,2199794.4526447216,44,55,5054.0,7.0,0.05454545454545454,0.36180077015650147,2.9454545454545453,0.16585371258612303,0.13285658987741938
nest__nest-simulator__2020-06-13_09-52-37,C++,1514201779.0,1539603379.0,767.0,308.5,20437.79411764706,1774.9411764705883,42.6764705882353,18.294117647058822,16.705882352941178,1536323.8729053997,34,56,4240.0,5.0,0.05584415584415585,0.3423000713801244,3.0714285714285716,0.3250373167010101,0.17933069778616953
nest__nest-simulator__2020-06-13_09-52-37,C++,1539603379.0,1565004979.0,1216.8666666666666,465.4,34684.46666666667,2801.3,61.2,24.3,21.0,2753596.9365866375,30,62,5551.0,5.0,0.059227921734531994,0.5057766355064868,3.6129032258064515,0.1551074962649619,0.23115151075091986
nest__nest-simulator__2020-06-13_09-52-37,C++,1565004979.0,1590406579.0,1068.939393939394,286.3333333333333,29261.484848484848,2182.939393939394,42.54545454545455,14.787878787878787,26.818181818181817,2032161.9604910098,33,58,6051.0,5.0,0.05958862673926195,0.5370118303833429,3.396551724137931,0.13326689197690922,0.1817913901579563
Netflix__conductor__2020-06-11_06-17-51,Java,1492872020.0,1518273620.0,521.4705882352941,328.88235294117646,15629.64705882353,2762.823529411765,50.64705882352941,23.705882352941178,7.705882352941177,6213819.918259506,17,19,331.0,4.0,0.06432748538011696,0.16608187134502925,1.1578947368421053,0.022395683069520556,0.1467079870938045
Netflix__conductor__2020-06-11_06-17-51,Java,1518273620.0,1543675220.0,2097.0689655172414,830.0344827586207,72561.55172413793,6299.896551724138,124.62068965517241,73.86206896551724,15.89655172413793,7969992.145780236,29,46,8618.0,5.0,0.07729468599033816,0.5061250769690667,3.4782608695652173,0.22834938213145672,0.17764538417875378
Netflix__conductor__2020-06-11_06-17-51,Java,1543675220.0,1569076820.0,496.95,289.875,19125.575,2548.675,30.675,16.85,6.8,8002888.728973681,40,58,2036.0,8.0,0.0544464609800363,0.35723815850590707,3.103448275862069,0.09446067409888947,0.18352411596867535
netxms__netxms__2020-06-11_20-06-02,Java,1083859203.0,1109260803.0,24789.666666666668,13532.666666666666,634661.3333333334,80859.0,2409.3333333333335,638.6666666666666,217.33333333333334,69540179.26172623,3,3,738.0,2.0,0.6666666666666666,0.0,1.3333333333333333,1.999999999613422e-06,0.07536227663732067
netxms__netxms__2020-06-11_20-06-02,Java,1109260803.0,1134662403.0,23231.5,12883.5,598630.0,79700.5,2359.5,615.0,215.5,92191302.45077509,2,3,339.0,2.0,0.5,0.0,1.0,2.0000000000575113e-06,0.018305345764996934
netxms__netxms__2020-06-11_20-06-02,Java,1134662403.0,1160064003.0,23761.5,12480.0,568204.5,73718.5,2264.0,580.5,179.0,115420544.06018284,2,2,1157.0,1.0,1.0,,1.0,2.0000000000575113e-06,0.09451834560812766
netxms__netxms__2020-06-11_20-06-02,Java,1160064003.0,1185465603.0,15917.333333333334,8264.0,388509.6666666667,51717.666666666664,1505.3333333333333,382.0,115.33333333333333,100279773.99465059,3,3,3398.0,2.0,0.5,0.0,1.0,2.000000000279556e-06,0.20601221417284304
netxms__netxms__2020-06-11_20-06-02,Java,1185465603.0,1210867203.0,11171.5,6469.0,268817.5,41580.0,1190.0,314.0,99.0,85254662.26481181,2,2,480.0,1.0,1.0,,1.0,2.0000000000575113e-06,0.11359768233079366
netxms__netxms__2020-06-11_20-06-02,Java,1210867203.0,1236268803.0,15887.0,8613.5,360367.0,54809.0,1562.5,486.5,148.0,86351929.98338819,2,2,602.0,1.0,1.0,,1.0,2.0000000000575113e-06,0.09096686130093148
netxms__netxms__2020-06-11_20-06-02,Java,1236268803.0,1261670403.0,17648.333333333332,9565.666666666666,438702.3333333333,61539.666666666664,1580.6666666666667,548.0,105.66666666666667,83159316.06374346,3,3,916.0,2.0,0.6666666666666666,0.0,1.3333333333333333,1.999999999946489e-06,0.08542748980460206
netxms__netxms__2020-06-11_20-06-02,Java,1261670403.0,1287072003.0,16907.5,8386.5,440442.0,56872.0,1263.5,485.5,112.5,81353543.0655669,2,2,712.0,1.0,1.0,,1.0,2.0000000000575113e-06,0.08289541202601422
netxms__netxms__2020-06-11_20-06-02,Java,1287072003.0,1312473603.0,24626.25,12014.5,632524.75,81294.25,1831.0,760.5,137.75,149064960.49515098,4,4,2184.0,2.0,0.5,0.0,1.5,1.999999999946489e-06,0.06094674887838189
netxms__netxms__2020-06-11_20-06-02,Java,1312473603.0,1337875203.0,26961.25,14725.0,696819.0,97266.25,2167.0,819.25,160.5,139071554.10571665,4,5,2336.0,2.0,0.55,0.7666666666666666,2.2,0.0572559648541664,0.050173764575127004
netxms__netxms__2020-06-11_20-06-02,Java,1337875203.0,1363276803.0,21585.75,9042.0,524407.0,61951.5,1539.0,450.0,153.75,86528542.96413061,4,5,1856.0,2.0,0.6,0.7666666666666666,2.4,0.04891880779840507,0.08884152020991844
netxms__netxms__2020-06-11_20-06-02,Java,1363276803.0,1388678403.0,12382.125,5167.875,296188.0,35524.375,759.5,262.375,90.0,50293538.21022811,8,10,5649.0,2.0,0.23333333333333334,0.5519047619047619,2.1,0.03228904941889632,0.14064448373404886
netxms__netxms__2020-06-11_20-06-02,Java,1388678403.0,1414080003.0,12120.57142857143,4978.285714285715,321409.71428571426,32870.857142857145,838.5714285714286,257.85714285714283,128.57142857142858,96745462.05898833,7,9,4184.0,3.0,0.2361111111111111,0.3968253968253968,1.8888888888888888,0.05275836644484233,0.21104206102579748
netxms__netxms__2020-06-11_20-06-02,Java,1414080003.0,1439481603.0,17637.25,8623.75,496377.25,60464.75,1436.75,386.25,159.0,138405293.13847882,4,8,3278.0,2.0,0.26785714285714285,0.5446428571428572,1.875,0.04829705803372897,0.07628443886812482
netxms__netxms__2020-06-11_20-06-02,Java,1439481603.0,1464883203.0,14117.5,7088.75,415745.0,49947.0,1232.5,338.25,155.0,191861387.5997799,4,8,3145.0,2.0,0.30357142857142855,0.6916666666666667,2.125,0.07803120682534503,0.147740543366879
netxms__netxms__2020-06-11_20-06-02,Java,1464883203.0,1490284803.0,15189.0,7191.6,411393.6,49124.6,1301.0,349.8,150.6,143632646.61363435,5,9,7140.0,2.0,0.2777777777777778,0.5164021164021163,2.2222222222222223,0.11295893814860203,0.10815249213775881
netxms__netxms__2020-06-11_20-06-02,Java,1490284803.0,1515686403.0,11697.666666666666,5750.5,337689.6666666667,40009.166666666664,1017.3333333333334,294.1666666666667,122.83333333333333,138637656.6763739,6,9,4399.0,3.0,0.3333333333333333,0.6246031746031746,2.6666666666666665,0.15825849297153127,0.11532955159311478
netxms__netxms__2020-06-11_20-06-02,Java,1515686403.0,1541088003.0,11921.75,5556.25,334046.75,38746.75,1049.0,276.0,135.5,113892752.50971413,4,8,2394.0,2.0,0.26785714285714285,0.4291666666666667,1.875,0.04676546599323794,0.09305212301504233
netxms__netxms__2020-06-11_20-06-02,Java,1541088003.0,1566489603.0,7973.0,3745.285714285714,232676.14285714287,26258.0,734.2857142857143,196.0,98.71428571428571,109407159.50209403,7,11,2973.0,3.0,0.16363636363636364,0.23484848484848483,1.6363636363636365,0.04057564876903419,0.15673539562750274
netxms__netxms__2020-06-11_20-06-02,Java,1566489603.0,1591891203.0,11670.42857142857,5127.857142857143,329620.85714285716,35464.0,905.1428571428571,243.42857142857142,138.57142857142858,126696320.39329703,7,14,5348.0,3.0,0.14285714285714285,0.42699443413729127,1.8571428571428572,0.044696939310649,0.20374749375396708
nextcloud__calendar__2020-06-14_00-06-03,JavaScript,1464695369.0,1490096969.0,1691.7,939.9,44134.9,5920.3,144.5,106.2,20.8,3365398.794782676,10,13,584.0,3.0,0.12820512820512822,0.27342657342657345,1.5384615384615385,0.03497969533837386,0.3022541146599737
nextcloud__calendar__2020-06-14_00-06-03,JavaScript,1490096969.0,1515498569.0,419.44444444444446,269.8888888888889,12781.111111111111,1685.0,29.555555555555557,19.22222222222222,8.666666666666666,1788098.7525155866,9,14,191.0,3.0,0.0879120879120879,0.2857142857142857,1.1428571428571428,0.10241417684249476,0.30440225879319033
nextcloud__calendar__2020-06-14_00-06-03,JavaScript,1515498569.0,1540900169.0,182.5,112.75,5187.0,600.625,18.25,13.625,4.625,531697.6405669759,8,11,69.0,2.0,0.1,0.0,1.0,2.0000000000575113e-06,0.31665540966114597
nextcloud__calendar__2020-06-14_00-06-03,JavaScript,1540900169.0,1566301769.0,744.8,302.0,18774.0,1903.0,69.8,49.0,7.2,892149.6536407799,5,15,632.0,2.0,0.09999999999999999,0.36959706959706956,1.4,0.015726387449972457,0.19231055323105534
nextcloud__calendar__2020-06-14_00-06-03,JavaScript,1566301769.0,1591703369.0,2916.0,1425.0,81143.0,8599.0,186.625,117.5,28.0,3473603.4350859784,8,14,172.0,2.0,0.07692307692307693,0.0,1.0,1.999999999946489e-06,0.10558999063957812
nntaoli-project__GoEx__2020-06-13_15-34-14,Go,1464915403.0,1490317003.0,2569.0,1632.0,57171.5,12172.0,298.5,105.0,37.5,3362573.3456780436,2,4,380.0,1.0,0.5,0.8333333333333333,1.5,0.31890167053391894,0.4360729842116235
nntaoli-project__GoEx__2020-06-13_15-34-14,Go,1490317003.0,1515718603.0,2805.3333333333335,1951.6666666666667,58161.0,12888.666666666666,292.6666666666667,161.66666666666666,29.0,2372324.9919558293,3,6,598.0,2.0,0.16666666666666669,0.0,0.8333333333333334,2.000000000279556e-06,0.03440063506193923
nntaoli-project__GoEx__2020-06-13_15-34-14,Go,1515718603.0,1541120203.0,840.6,587.7,20032.7,4191.0,95.3,36.5,8.2,1074980.4188180906,10,12,593.0,3.0,0.13636363636363635,0.350462962962963,1.5,0.10758253036802257,0.16983913392477612
nntaoli-project__GoEx__2020-06-13_15-34-14,Go,1541120203.0,1566521803.0,880.4285714285714,578.1428571428571,22005.428571428572,3949.714285714286,75.57142857142857,26.0,14.0,1406582.5849646826,7,11,413.0,2.0,0.13636363636363635,0.31277056277056275,1.3636363636363635,0.0693635357914667,0.15117672432958595
nntaoli-project__GoEx__2020-06-13_15-34-14,Go,1566521803.0,1591923403.0,767.9090909090909,481.09090909090907,18502.090909090908,3291.909090909091,89.63636363636364,33.81818181818182,14.818181818181818,1101279.4245763153,11,19,377.0,3.0,0.07309941520467837,0.22236842105263155,1.3157894736842106,0.05509639355142182,0.16588943781335103
nodejs__node-chakracore__2020-06-13_15-27-44,JavaScript,1250566378.0,1275967978.0,1056.1184210526317,527.3815789473684,25427.855263157893,4325.0526315789475,108.88157894736842,39.61842105263158,13.342105263157896,6182574.483933357,76,77,9995.0,5.0,0.043403964456596035,0.6106141946903428,3.2987012987012987,0.17995958174375293,0.30223923098177224
nodejs__node-chakracore__2020-06-13_15-27-44,JavaScript,1275967978.0,1301369578.0,694.3232323232323,296.57575757575756,17143.363636363636,2176.969696969697,73.12121212121212,24.68686868686869,12.242424242424242,5342196.217520018,99,138,14200.0,4.0,0.02856236115518883,0.5752834635469875,3.9130434782608696,0.25671367449919946,0.2973670861810075
nodejs__node-chakracore__2020-06-13_15-27-44,JavaScript,1301369578.0,1326771178.0,1057.7475728155339,611.6213592233009,27603.40776699029,3925.6990291262136,96.05825242718447,37.029126213592235,13.223300970873787,36565045.90522799,103,175,13288.0,5.0,0.01658456486042693,0.46068273027050455,2.8857142857142857,0.22963067130045045,0.3372008142799016
nodejs__node-chakracore__2020-06-13_15-27-44,JavaScript,1326771178.0,1352172778.0,892.061403508772,422.0263157894737,23722.052631578947,3090.184210526316,95.29824561403508,35.780701754385966,10.508771929824562,4326014.565119052,114,193,14597.0,6.0,0.014410621761658032,0.38985680829902375,2.766839378238342,0.07159358384827597,0.3467047625508283
nodejs__node-chakracore__2020-06-13_15-27-44,JavaScript,1352172778.0,1377574378.0,941.3789473684211,423.09473684210525,25396.0,3030.8736842105263,98.82105263157895,39.03157894736842,12.221052631578948,3452951.0516977822,95,223,17741.0,6.0,0.010523976891689896,0.3939937926814489,2.336322869955157,0.18319519807571294,0.27153337799030347
nodejs__node-chakracore__2020-06-13_15-27-44,JavaScript,1377574378.0,1402975978.0,644.9690721649484,309.0412371134021,18174.463917525773,2132.773195876289,66.87628865979381,27.123711340206185,6.546391752577319,4677867.796156263,97,178,8481.0,5.0,0.012410334539452802,0.25579059542435634,2.196629213483146,0.02982455551830654,0.27901409537960287
nodejs__node-chakracore__2020-06-13_15-27-44,JavaScript,1402975978.0,1428377578.0,469.4273504273504,225.0940170940171,12915.57264957265,1647.923076923077,44.85470085470085,20.00854700854701,7.213675213675214,2900153.490621051,117,255,10097.0,5.0,0.010421491431218156,0.30244677195890196,2.6470588235294117,0.11025849419277212,0.31913839157224105
nodejs__node-chakracore__2020-06-13_15-27-44,JavaScript,1428377578.0,1453779178.0,386.7682926829268,227.34756097560975,10211.603658536585,1626.341463414634,46.16463414634146,20.23170731707317,6.201219512195122,2683145.553974526,164,349,13404.0,5.0,0.009863979185192504,0.445020018779131,3.432664756446991,0.18284193288767325,0.30632822333170323
nodejs__node-chakracore__2020-06-13_15-27-44,JavaScript,1453779178.0,1479180778.0,333.4642857142857,157.07857142857142,8931.25,1129.5964285714285,29.310714285714287,13.628571428571428,5.867857142857143,1432481.1882818376,280,545,23216.0,7.0,0.006368051807879116,0.37595022172647025,3.4642201834862387,0.12276619925093724,0.3989163915735921
nodejs__node-chakracore__2020-06-13_15-27-44,JavaScript,1479180778.0,1504582378.0,350.36964980544747,159.17315175097275,9357.5,1138.2704280155642,27.97859922178988,14.464980544747082,5.593385214007782,1835790.5957831303,514,926,49358.0,6.0,0.004608020547545385,0.4593415337486786,4.262419006479481,0.12218055375989056,0.5114616540342911
nodejs__node-chakracore__2020-06-13_15-27-44,JavaScript,1504582378.0,1529983978.0,310.78153846153845,153.34923076923076,8891.563076923077,1075.5276923076924,29.66923076923077,13.678461538461539,5.406153846153846,2516547.9221399277,650,1152,53364.0,7.0,0.002887736509315571,0.36297386319436975,3.3237847222222223,0.06458163157003183,0.49476374799572165
nodejs__node-chakracore__2020-06-13_15-27-44,JavaScript,1529983978.0,1555385578.0,809.8518518518518,101.62091503267973,5526.954248366013,703.9520697167756,20.50980392156863,7.862745098039215,3.636165577342048,3387537.311444344,459,825,19148.0,10.0,0.0030950279493968816,0.23524820865879936,2.5503030303030303,0.019102398814664134,0.57764098627158
number5__cloud-init__2020-06-12_08-19-08,Python,1235994204.0,1261395804.0,473.6666666666667,240.0,14940.666666666666,1545.6666666666667,56.0,25.666666666666668,11.333333333333334,330689.40047634876,3,3,262.0,2.0,0.3333333333333333,0.0,0.6666666666666666,2.0000000000575113e-06,0.25342935528120714
number5__cloud-init__2020-06-12_08-19-08,Python,1261395804.0,1286797404.0,2086.0,1089.0,61228.0,7064.5,305.5,86.0,66.5,4031447.625102938,2,4,164.0,1.0,0.16666666666666666,0.0,0.5,2.0000000001685336e-06,0.0202119792950456
number5__cloud-init__2020-06-12_08-19-08,Python,1286797404.0,1312199004.0,783.0,414.6,24254.2,2719.6,111.4,19.2,30.4,1343472.7330339123,5,5,117.0,3.0,0.35,0.0,1.4,1.999999999169333e-06,0.06729562769349824
number5__cloud-init__2020-06-12_08-19-08,Python,1312199004.0,1337600604.0,758.5555555555555,301.22222222222223,20867.333333333332,1989.4444444444443,66.33333333333333,21.333333333333332,21.11111111111111,1463968.112876282,9,11,192.0,2.0,0.1181818181818182,0.18383838383838383,1.1818181818181819,0.08386925730883843,0.05899553414320335
number5__cloud-init__2020-06-12_08-19-08,Python,1337600604.0,1363002204.0,1739.25,792.25,54101.125,5230.375,200.5625,62.75,42.125,4304343.515583675,16,24,3296.0,4.0,0.09420289855072463,0.47872023809523806,2.1666666666666665,0.05233561361369865,0.23870624684669425
number5__cloud-init__2020-06-12_08-19-08,Python,1363002204.0,1388403804.0,602.6923076923077,294.6923076923077,19223.615384615383,1920.4615384615386,73.84615384615384,21.307692307692307,17.076923076923077,1762940.5560300106,13,19,975.0,4.0,0.10818713450292398,0.37047426257952576,1.9473684210526316,0.09175643981939519,0.2643647958149581
number5__cloud-init__2020-06-12_08-19-08,Python,1388403804.0,1413805404.0,448.27777777777777,233.55555555555554,14520.666666666666,1560.2222222222222,55.77777777777778,16.166666666666668,15.38888888888889,1795498.9772720868,18,36,1206.0,4.0,0.05317460317460317,0.3024327532213295,1.8611111111111112,0.14521671278542014,0.20226579225282548
number5__cloud-init__2020-06-12_08-19-08,Python,1413805404.0,1439207004.0,606.3529411764706,284.70588235294116,19654.235294117647,1932.764705882353,56.1764705882353,27.764705882352942,16.058823529411764,2771633.6702280473,17,38,2070.0,4.0,0.060455192034139404,0.5311565627355099,2.236842105263158,0.18100496556302337,0.27669817298974914
number5__cloud-init__2020-06-12_08-19-08,Python,1439207004.0,1464608604.0,775.1333333333333,322.1333333333333,23031.933333333334,2014.0666666666666,67.33333333333333,28.866666666666667,18.333333333333332,3130317.2478216966,15,40,2024.0,3.0,0.05128205128205128,0.4166991941704218,2.0,0.21483471107684982,0.2567649391634972
number5__cloud-init__2020-06-12_08-19-08,Python,1464608604.0,1490010204.0,327.6,192.1,10835.966666666667,1127.0666666666666,30.133333333333333,11.933333333333334,7.833333333333333,1914457.2021282057,30,45,1194.0,4.0,0.04242424242424243,0.4212008978675646,1.8666666666666667,0.15566746134884846,0.21431043857393198
number5__cloud-init__2020-06-12_08-19-08,Python,1490010204.0,1515411804.0,292.86842105263156,164.60526315789474,10329.236842105263,978.1842105263158,24.710526315789473,11.473684210526315,5.5,1920833.219668487,38,68,1776.0,4.0,0.033582089552238806,0.31589921215695205,2.25,0.08592843613397338,0.3084373632288568
number5__cloud-init__2020-06-12_08-19-08,Python,1515411804.0,1540813404.0,279.8787878787879,164.66666666666666,10306.90909090909,1076.4545454545455,25.181818181818183,11.636363636363637,4.9393939393939394,3168023.1132938345,33,68,909.0,6.0,0.0252414398595259,0.20998452451940824,1.6911764705882353,0.11847472876582976,0.16487426671309424
number5__cloud-init__2020-06-12_08-19-08,Python,1540813404.0,1566215004.0,192.0857142857143,125.22857142857143,7246.057142857143,688.6857142857143,14.4,7.085714285714285,3.142857142857143,2179209.088216727,35,58,506.0,8.0,0.02722323049001815,0.22818458453400273,1.5517241379310345,0.17879577056297824,0.1647515492282477
number5__cloud-init__2020-06-12_08-19-08,Python,1566215004.0,1591616604.0,165.29787234042553,91.57446808510639,5661.04255319149,536.3191489361702,11.25531914893617,5.574468085106383,4.0212765957446805,2311235.2188003818,47,84,1282.0,7.0,0.02208835341365462,0.2366938004568666,1.8333333333333333,0.21588252693086818,0.19061703151352344
nuxeo__nuxeo-python-client__2020-06-11_01-55-21,Python,1490124471.0,1515526071.0,1936.0,698.5,56630.0,3607.0,112.0,41.5,12.0,3324828.256849651,2,3,963.0,1.0,0.6666666666666666,1.0,1.3333333333333333,0.11641068452965764,0.2853283183123972
nuxeo__nuxeo-python-client__2020-06-11_01-55-21,Python,1515526071.0,1540927671.0,630.75,254.0,18510.5,1589.75,54.25,23.0,8.0,1311752.1434495244,4,5,56.0,2.0,0.25,0.4666666666666666,1.0,0.03308410741898249,0.11822095761519213
nuxeo__nuxeo-python-client__2020-06-11_01-55-21,Python,1540927671.0,1566329271.0,1341.5,323.0,30766.5,1557.5,39.0,20.0,20.0,3750723.4382928917,2,4,648.0,2.0,0.3333333333333333,0.0,1.0,2.000000000723645e-06,0.15703310922402694
nuxeo__nuxeo-python-client__2020-06-11_01-55-21,Python,1566329271.0,1591730871.0,1475.5,669.0,45500.0,4485.0,140.0,52.0,25.0,6729065.53392892,2,3,206.0,1.0,0.6666666666666666,1.0,1.3333333333333333,0.14909554946032955,0.20169758929698345
OpenCHS__openchs-server__2020-06-13_10-22-26,Java,1475802134.0,1501203734.0,1380.75,983.0,40938.0,6215.75,175.75,152.75,18.5,1013095.0413166702,4,4,242.0,2.0,0.5,0.5833333333333333,1.5,0.06638871259845969,0.29035484747173845
OpenCHS__openchs-server__2020-06-13_10-22-26,Java,1501203734.0,1526605334.0,1902.142857142857,1192.0,72925.71428571429,9290.285714285714,205.85714285714286,128.42857142857142,34.57142857142857,1943510.8596064374,7,7,1545.0,2.0,0.6428571428571429,0.8571428571428571,3.857142857142857,0.4229726674431781,0.10946496273270562
OpenCHS__openchs-server__2020-06-13_10-22-26,Java,1526605334.0,1552006934.0,1512.4444444444443,1003.4444444444445,55141.555555555555,7023.0,188.55555555555554,135.11111111111111,31.333333333333332,1633814.6468752692,9,10,2119.0,3.0,0.4555555555555555,0.6835714285714285,4.1,0.3555758573744209,0.1582988375582919
OpenCHS__openchs-server__2020-06-13_10-22-26,Java,1552006934.0,1577408534.0,1516.888888888889,970.8888888888889,57033.11111111111,7156.666666666667,175.55555555555554,123.44444444444444,30.22222222222222,2261300.030536856,9,12,1270.0,3.0,0.3333333333333333,0.7520502645502646,3.6666666666666665,0.3399792617041426,0.22466179523770638
openid__AppAuth-Android__2020-06-13_12-23-59,Java,1479992056.0,1505393656.0,254.11111111111111,124.55555555555556,10164.222222222223,855.1111111111111,12.555555555555555,9.11111111111111,3.6666666666666665,626226.675382862,9,10,204.0,2.0,0.08888888888888889,0.21000000000000002,0.8,0.018976547814017364,0.13635332222589758
openid__AppAuth-Android__2020-06-13_12-23-59,Java,1505393656.0,1530795256.0,96.8,62.6,3946.2,445.4,4.8,2.8,3.2,410218.9260443525,5,7,20.0,2.0,0.09523809523809523,0.0,0.5714285714285714,2.0000000000575113e-06,0.05867369345630215
openshift__origin__2020-06-12_19-40-32,Go,1411631892.0,1437033492.0,5529.0327868852455,3504.3606557377047,163359.68852459016,23431.803278688523,505.57377049180326,166.45901639344262,39.32786885245902,7812437.261193542,61,62,42272.0,5.0,0.14648334214701217,0.6701770337153408,8.935483870967742,0.3593803542195435,0.2805455791220996
openshift__origin__2020-06-12_19-40-32,Go,1437033492.0,1462435092.0,4531.204545454545,2824.1704545454545,142362.31818181818,20023.272727272728,389.75,116.2159090909091,34.375,7355279.957113123,88,100,49287.0,5.0,0.08404040404040404,0.5691973315349204,8.32,0.09372841581440217,0.19345089813061184
openshift__origin__2020-06-12_19-40-32,Go,1462435092.0,1487836692.0,2727.4122807017543,1718.0438596491229,84999.6052631579,11987.342105263158,221.359649122807,58.07017543859649,23.93859649122807,5363409.437461503,114,136,49362.0,6.0,0.056644880174291944,0.6118393133414578,7.647058823529412,0.09641174577818701,0.31040645186936117
openshift__origin__2020-06-12_19-40-32,Go,1487836692.0,1513238292.0,3261.509433962264,1923.9056603773586,103697.93396226416,12842.245283018869,243.93396226415095,75.0377358490566,28.367924528301888,5906394.560586963,106,158,58669.0,5.0,0.041401273885350316,0.5167374789210754,6.5,0.02859776183382856,0.22418259912680089
openshift__origin__2020-06-12_19-40-32,Go,1513238292.0,1538639892.0,2546.951923076923,1521.5192307692307,79038.60576923077,9450.317307692309,197.96153846153845,57.04807692307692,19.173076923076923,4378142.915653924,104,163,57911.0,6.0,0.03169734151329243,0.49145768886194324,5.134969325153374,0.01525749629978912,0.22584944901675041
openshift__origin__2020-06-12_19-40-32,Go,1538639892.0,1564041492.0,2025.6470588235295,1253.1529411764707,63376.7294117647,8735.917647058823,145.47058823529412,45.71764705882353,17.88235294117647,3461630.9269947447,85,146,28026.0,6.0,0.02678318375059046,0.4873689546209354,3.8835616438356166,0.04508173380736069,0.2465346574382784
openshift__origin__2020-06-12_19-40-32,Go,1564041492.0,1589443092.0,675.0,413.986301369863,22829.369863013697,2951.328767123288,46.917808219178085,12.643835616438356,7.767123287671233,1484155.329502046,73,105,3808.0,6.0,0.022527472527472527,0.3380785339175307,2.342857142857143,0.010101262856291648,0.18565144374950912
openstack__ironic__2020-06-11_01-59-05,Python,1341576087.0,1366977687.0,231.28571428571428,126.21428571428571,7761.785714285715,892.4642857142857,19.607142857142858,11.821428571428571,3.7857142857142856,645594.9528505338,28,29,718.0,6.0,0.07142857142857142,0.32408530167150856,2.0,0.11108906757223835,0.349905213531398
openstack__ironic__2020-06-11_01-59-05,Python,1366977687.0,1392379287.0,971.7073170731708,481.4634146341463,34219.19512195122,3587.268292682927,79.41463414634147,45.5609756097561,9.75609756097561,6191810.708632971,41,51,5302.0,6.0,0.07921568627450981,0.5219452564371733,3.9607843137254903,0.4849598960630055,0.30634032719194626
openstack__ironic__2020-06-11_01-59-05,Python,1392379287.0,1417780887.0,667.7123287671233,295.5068493150685,25579.095890410958,2186.4931506849316,40.45205479452055,24.54794520547945,7.383561643835616,12058082.690247389,73,90,11419.0,5.0,0.06878901373283396,0.5103702126173363,6.122222222222222,0.4123794062049392,0.3531810345586751
openstack__ironic__2020-06-11_01-59-05,Python,1417780887.0,1443182487.0,556.710843373494,294.2530120481928,22214.710843373494,2241.975903614458,37.566265060240966,22.734939759036145,6.590361445783133,20550128.021712087,83,125,9673.0,6.0,0.04651612903225806,0.5026197001526302,5.768,0.09513486010802474,0.2901405260999241
openstack__ironic__2020-06-11_01-59-05,Python,1443182487.0,1468584087.0,385.7073170731707,221.5609756097561,15444.80487804878,1538.121951219512,25.097560975609756,16.75609756097561,4.804878048780488,19484774.56465178,82,137,6798.0,6.0,0.03075354229282954,0.4396346112169229,4.182481751824818,0.1550545588119403,0.29615371574695215
openstack__ironic__2020-06-11_01-59-05,Python,1468584087.0,1493985687.0,386.4387755102041,239.5,15941.010204081633,1751.0510204081634,29.06122448979592,17.663265306122447,4.76530612244898,26856485.732552063,98,178,7204.0,6.0,0.023074969847013266,0.3721641541008773,4.084269662921348,0.06868241767404748,0.3244308412161641
openstack__ironic__2020-06-11_01-59-05,Python,1493985687.0,1519387287.0,466.015625,265.65625,19372.703125,1965.125,31.203125,19.65625,4.734375,44386015.80185373,64,143,5013.0,8.0,0.022259430710134937,0.35197956513022594,3.160839160839161,0.09187719167006325,0.3392651143510741
openstack__ironic__2020-06-11_01-59-05,Python,1519387287.0,1544788887.0,464.29411764705884,242.54901960784315,18250.313725490196,1749.5098039215686,31.627450980392158,16.862745098039216,4.509803921568627,53782022.89320392,51,141,5607.0,5.0,0.021073961499493414,0.3852666963363751,2.950354609929078,0.24206762780314262,0.2836920515191305
openstack__ironic__2020-06-11_01-59-05,Python,1544788887.0,1570190487.0,437.97777777777776,268.8888888888889,18091.17777777778,1882.6666666666667,30.711111111111112,16.711111111111112,4.533333333333333,43078686.46289795,45,119,2190.0,6.0,0.018373451075345392,0.2689072231378472,2.168067226890756,0.10034466878440074,0.2852773681780451
openstack__neutron-lib__2020-06-13_21-40-39,Python,1460086782.0,1485488382.0,239.43478260869566,118.17391304347827,8490.565217391304,724.7826086956521,25.130434782608695,15.478260869565217,4.130434782608695,1491747.1949540619,23,24,508.0,3.0,0.04891304347826087,0.1526785714285714,1.125,0.07897705560379897,0.11607424019151391
openstack__neutron-lib__2020-06-13_21-40-39,Python,1485488382.0,1510889982.0,180.1818181818182,103.04545454545455,6501.681818181818,647.6818181818181,18.772727272727273,12.909090909090908,2.909090909090909,603058.015921384,22,28,395.0,4.0,0.03968253968253968,0.1626004947433519,1.0714285714285714,0.051821304408348645,0.21490298996181134
openstack__neutron-lib__2020-06-13_21-40-39,Python,1510889982.0,1536291582.0,280.14285714285717,163.85714285714286,10439.42857142857,1068.2142857142858,33.57142857142857,18.857142857142858,3.142857142857143,954375.4701160014,14,23,180.0,2.0,0.04150197628458498,0.13043478260869565,0.9130434782608695,1.9999999997244444e-06,0.12957021633873902
openstack__neutron-lib__2020-06-13_21-40-39,Python,1536291582.0,1561693182.0,100.5925925925926,62.96296296296296,3568.925925925926,413.3333333333333,11.518518518518519,6.555555555555555,2.2962962962962963,392422.5529217205,27,33,155.0,5.0,0.027462121212121212,0.12258953168044076,0.8787878787878788,0.08404545009817943,0.19401840113605698
openstack__neutron-lib__2020-06-13_21-40-39,Python,1561693182.0,1587094782.0,70.27272727272727,36.72727272727273,2494.0,214.63636363636363,5.090909090909091,3.090909090909091,1.5454545454545454,982535.0266682551,11,24,224.0,3.0,0.05434782608695652,0.2206627680311891,1.25,0.07700068652362191,0.31978976721742
oprietop__qmk_firmware__2020-06-11_06-25-00,C,1341523751.0,1366925351.0,6342.333333333333,2231.0,201385.66666666666,14640.666666666666,526.0,137.0,64.0,14211370.582487946,3,3,119.0,2.0,0.3333333333333333,0.0,0.6666666666666666,2.0000000000575113e-06,0.2626017643290221
oprietop__qmk_firmware__2020-06-11_06-25-00,C,1366925351.0,1392326951.0,1247.4285714285713,580.0,36236.142857142855,3619.285714285714,112.85714285714286,43.0,14.0,1657605.7676835905,7,7,272.0,1.0,0.09523809523809523,0.0,0.5714285714285714,2.0000000001685336e-06,0.3341801837013875
oprietop__qmk_firmware__2020-06-11_06-25-00,C,1392326951.0,1417728551.0,1073.4285714285713,543.7142857142857,31360.0,3399.0,161.0,41.57142857142857,13.857142857142858,1691012.8408150226,7,9,37.0,2.0,0.125,0.2275132275132275,1.0,0.039642264002720196,0.1883017444648037
oprietop__qmk_firmware__2020-06-11_06-25-00,C,1417728551.0,1443130151.0,705.6875,410.625,22475.5625,3443.3125,81.625,22.5,9.125,1324858.5060926992,16,18,373.0,3.0,0.0392156862745098,0.11666666666666667,0.6666666666666666,0.004297734433344469,0.11755095991357284
oprietop__qmk_firmware__2020-06-11_06-25-00,C,1443130151.0,1468531751.0,573.0526315789474,268.0210526315789,22072.852631578946,2058.694736842105,46.68421052631579,11.621052631578948,7.652631578947369,777472.6858512097,95,100,1913.0,5.0,0.01585858585858586,0.22446410673736253,1.57,0.010627034252356449,0.09860358460582187
oprietop__qmk_firmware__2020-06-11_06-25-00,C,1468531751.0,1493933351.0,489.86842105263156,232.8684210526316,17985.66447368421,1877.2631578947369,41.36184210526316,10.164473684210526,6.927631578947368,1023796.2453636797,152,170,2322.0,5.0,0.004698920988513749,0.1344548588666236,0.7941176470588235,0.012335204798018973,0.10176304574202999
oprietop__qmk_firmware__2020-06-11_06-25-00,C,1493933351.0,1519334951.0,374.8874458874459,191.3160173160173,13164.268398268398,1503.82683982684,35.83549783549783,10.077922077922079,3.341991341991342,707118.5529567029,231,274,3846.0,7.0,0.003636266409989038,0.14314599185773152,0.9927007299270073,0.011795840692994553,0.11238910676868598
oprietop__qmk_firmware__2020-06-11_06-25-00,C,1519334951.0,1544736551.0,432.2379518072289,205.37951807228916,15338.990963855422,1554.5240963855422,40.74698795180723,11.47289156626506,3.0572289156626504,681983.1030457539,332,474,11851.0,10.0,0.0024353038777530974,0.18059590383518132,1.1518987341772151,0.005982052460197673,0.10739211299531604
oprietop__qmk_firmware__2020-06-11_06-25-00,C,1544736551.0,1570138151.0,350.190031152648,172.7601246105919,12009.071651090342,1328.4080996884736,32.993769470404985,11.25233644859813,3.2242990654205608,503871.60236208356,321,633,10226.0,7.0,0.0019072329873817667,0.15084251069736831,1.2053712480252765,0.004592786715402641,0.13141647150162122
oroinc__orocommerce-application-de__2020-06-13_12-24-07,PHP,1511811316.0,1537212916.0,9.428571428571429,5.285714285714286,259.14285714285717,26.428571428571427,1.0,0.7142857142857143,1.4285714285714286,9775.959728998521,7,7,1.0,1.0,0.023809523809523808,0.0,0.14285714285714285,2.0000000000575113e-06,0.005952380952380952
oroinc__orocommerce-application-de__2020-06-13_12-24-07,PHP,1537212916.0,1562614516.0,12.428571428571429,13.857142857142858,501.57142857142856,56.285714285714285,2.142857142857143,1.7142857142857142,1.2857142857142858,66973.59765537959,7,7,6.0,1.0,0.047619047619047616,0.0,0.2857142857142857,2.0000000000575113e-06,0.030555555555555558
pandas-dev__pandas__2020-06-10_23-21-53,Python,1275631036.0,1301032636.0,4646.5,1485.0,130640.5,12201.5,334.5,161.5,48.0,62162388.931025974,2,2,26.0,1.0,0.5,,0.5,2.0000000000575113e-06,0.0014078405891271388
pandas-dev__pandas__2020-06-10_23-21-53,Python,1301032636.0,1326434236.0,3777.3809523809523,1556.6666666666667,110276.95238095238,13004.47619047619,344.1904761904762,149.23809523809524,54.61904761904762,117166053.2580897,21,21,1737.0,3.0,0.10476190476190476,0.5535783904204956,2.0952380952380953,0.05348841464271503,0.2272158761235569
pandas-dev__pandas__2020-06-10_23-21-53,Python,1326434236.0,1351835836.0,1452.0,654.8,41630.63333333333,5663.566666666667,134.76666666666668,50.96666666666667,31.616666666666667,82605368.0566742,60,67,6521.0,4.0,0.04228855721393034,0.46098886773162456,2.791044776119403,0.1989420330112236,0.21095549574265826
pandas-dev__pandas__2020-06-10_23-21-53,Python,1351835836.0,1377237436.0,936.7865168539325,415.3370786516854,29111.3595505618,3532.38202247191,81.0,28.292134831460675,19.60674157303371,85485389.87274118,89,114,12379.0,5.0,0.030197174351808728,0.5582320607724595,3.412280701754386,0.08710283371268146,0.24473382047318473
pandas-dev__pandas__2020-06-10_23-21-53,Python,1377237436.0,1402639036.0,571.5692307692308,255.54615384615386,18228.438461538462,2465.5384615384614,46.95384615384615,16.584615384615386,10.353846153846154,87532423.63916993,130,196,14882.0,5.0,0.018969126111983255,0.436140925734708,3.6989795918367347,0.2840720525569319,0.26531291260413203
pandas-dev__pandas__2020-06-10_23-21-53,Python,1402639036.0,1428040636.0,300.57615894039736,141.97350993377484,10439.132450331126,1371.523178807947,25.56291390728477,8.794701986754967,5.357615894039735,41407558.88931486,151,222,7977.0,5.0,0.01398230809995516,0.3510345181560143,3.09009009009009,0.08708334893349134,0.24046675680617738
pandas-dev__pandas__2020-06-10_23-21-53,Python,1428040636.0,1453442236.0,276.2485549132948,127.878612716763,9322.554913294798,1192.3179190751446,20.0,7.3526011560693645,4.687861271676301,45337477.02088096,173,305,10303.0,6.0,0.01063416738567731,0.4088856304264686,3.232786885245902,0.1109862441928422,0.23786738358958745
pandas-dev__pandas__2020-06-10_23-21-53,Python,1453442236.0,1478843836.0,332.41279069767444,159.74418604651163,11495.296511627907,1550.8197674418604,22.58139534883721,10.674418604651162,4.366279069767442,26462229.232583117,172,326,7635.0,5.0,0.006899480887210949,0.28423635393983104,2.2423312883435584,0.06816667108017638,0.14567613114191988
pandas-dev__pandas__2020-06-10_23-21-53,Python,1478843836.0,1504245436.0,243.30677290836653,100.58565737051792,7221.713147410359,853.7290836653386,15.07569721115538,6.888446215139442,3.641434262948207,11013911.4827572,251,452,11393.0,6.0,0.0051557011949845966,0.32753232261613985,2.325221238938053,0.16669242058810507,0.19318088292725152
pandas-dev__pandas__2020-06-10_23-21-53,Python,1504245436.0,1529647036.0,310.8813056379822,131.58753709198814,10236.26409495549,1044.6706231454007,20.881305637982194,10.697329376854599,4.12759643916914,10423590.13353013,337,647,19840.0,7.0,0.004007541355434226,0.3104525182231697,2.58887171561051,0.042262970275358525,0.1879173591812066
pandas-dev__pandas__2020-06-10_23-21-53,Python,1529647036.0,1555048636.0,342.4310850439883,131.80938416422288,10671.944281524926,995.5865102639297,21.4633431085044,10.360703812316716,4.410557184750733,7896799.349838299,341,812,24851.0,8.0,0.004133436188370497,0.34028052737252196,3.352216748768473,0.0558697085902784,0.25228982683720513
pandas-dev__pandas__2020-06-10_23-21-53,Python,1555048636.0,1580450236.0,354.1840659340659,191.69505494505495,10315.826923076924,1114.793956043956,25.486263736263737,9.142857142857142,6.0467032967032965,9356009.219544077,364,917,25809.0,7.0,0.0034227331387236717,0.36540248987322416,3.1352235550708834,0.10388892255119031,0.2239709096666725
pdxwebdev__yadacoin__2020-06-14_06-02-30,JavaScript,1540196182.0,1565597782.0,6818.0,3393.5,255246.0,28045.5,782.5,143.0,182.0,33406879.155595116,2,2,1074.0,1.0,1.0,,1.0,2.0000000000575113e-06,0.07847567063912692
plone__buildout.coredev__2020-06-14_08-01-34,Python,1233599919.0,1259001519.0,193.0,109.33333333333333,6014.666666666667,616.3333333333334,24.0,5.0,8.0,177772.2051888625,3,3,21.0,1.0,0.3333333333333333,0.0,0.6666666666666666,2.0000000000575113e-06,0.12407407407407407
plone__buildout.coredev__2020-06-14_08-01-34,Python,1309804719.0,1335206319.0,1136.0,851.5,107211.0,22178.0,1151.0,319.0,1.0,56026634.13585212,2,2,0.0,0.0,0.0,,0.0,,0.0
plone__buildout.coredev__2020-06-14_08-01-34,Python,1360607919.0,1386009519.0,112.25,57.75,4276.5,383.5,3.75,0.75,1.0,150742.5031067876,4,6,254.0,2.0,0.4,0.85,2.0,0.16899033299658162,0.6356228585854943
plone__buildout.coredev__2020-06-14_08-01-34,Python,1411411119.0,1436812719.0,17331.81818181818,14268.90909090909,7767905.818181818,294883.54545454547,1175.0,91.18181818181819,6.090909090909091,64718.77891358868,11,12,52508.0,3.0,0.13636363636363635,0.14444444444444443,1.5,0.002388683371474687,0.3503056189161725
plone__buildout.coredev__2020-06-14_08-01-34,Python,1436812719.0,1462214319.0,47186.294117647056,40998.94117647059,22461700.94117647,1173417.5294117648,3102.0,191.11764705882354,5.235294117647059,5126.814629544877,17,17,215122.0,5.0,0.09191176470588236,0.2496732026143791,1.4705882352941178,0.007370618632226433,0.37656281253929996
plone__buildout.coredev__2020-06-14_08-01-34,Python,1462214319.0,1487615919.0,3493.5714285714284,2736.8571428571427,132188.2857142857,8976.857142857143,24.0,12.857142857142858,2.5714285714285716,5471.877822194402,7,14,7507.0,2.0,0.07142857142857142,0.0,0.9285714285714286,2.000000000612623e-06,0.47537296394032935
plone__buildout.coredev__2020-06-14_08-01-34,Python,1487615919.0,1513017519.0,3096.0,2174.0,109626.33333333333,10217.166666666666,43.0,6.0,3.0,0.0,6,6,1363.0,3.0,0.16666666666666669,0.0,0.8333333333333334,2.0000000000575113e-06,0.18708063079835474
plone__buildout.coredev__2020-06-14_08-01-34,Python,1513017519.0,1538419119.0,1159.6666666666667,741.6666666666666,44926.666666666664,1722.0,8.0,4.666666666666667,2.3333333333333335,23040.12548550635,3,3,1456.0,2.0,0.3333333333333333,0.0,0.6666666666666666,1.999999999946489e-06,0.5357768790023593
pocoproject__poco__2020-06-13_12-06-23,C,1175461135.0,1200862735.0,9567.0,5374.6,230205.6,36611.6,1026.6,462.6,27.4,74706763.43023153,5,5,351.0,2.0,0.25,0.4666666666666666,1.0,0.005156006547814007,0.011780408604522294
pocoproject__poco__2020-06-13_12-06-23,C,1200862735.0,1226264335.0,6068.5,2915.0,158083.66666666666,19382.166666666668,541.3333333333334,247.5,48.5,22646149.699448097,6,8,921.0,3.0,0.25,0.45535714285714285,1.75,0.0948278916893791,0.03768595505779007
pocoproject__poco__2020-06-13_12-06-23,C,1226264335.0,1251665935.0,6662.0,2460.25,119965.0,17133.0,353.25,211.0,30.25,31548646.60674187,4,7,1484.0,3.0,0.30952380952380953,0.39999999999999997,1.8571428571428572,0.07473815209028001,0.08532846231532419
pocoproject__poco__2020-06-13_12-06-23,C,1251665935.0,1277067535.0,1388.0,319.6666666666667,46514.333333333336,3946.3333333333335,55.0,11.666666666666666,6.666666666666667,35482159.09786784,3,5,1691.0,2.0,0.3,0.4333333333333334,1.2,0.0010297575308724216,0.16736300607268348
pocoproject__poco__2020-06-13_12-06-23,C,1327870735.0,1353272335.0,8118.875,2096.75,139676.375,14670.75,438.625,148.375,32.5,17241280.05259999,8,10,19276.0,3.0,0.18888888888888888,0.31,1.7,0.19265034540008408,0.3726370769128869
pocoproject__poco__2020-06-13_12-06-23,C,1353272335.0,1378673935.0,1433.0,701.44,33368.04,4490.36,120.32,55.84,13.24,12993058.272302877,25,25,3500.0,3.0,0.05666666666666667,0.23428571428571432,1.36,0.23084520635600225,0.16650195948134391
pocoproject__poco__2020-06-13_12-06-23,C,1378673935.0,1404075535.0,325.1904761904762,194.52380952380952,8523.952380952382,1424.142857142857,69.38095238095238,15.19047619047619,7.619047619047619,1991308.379554134,21,26,329.0,3.0,0.041538461538461545,0.15000704423781347,1.0384615384615385,0.056861962681823086,0.34124555718417515
pocoproject__poco__2020-06-13_12-06-23,C,1404075535.0,1429477135.0,397.90909090909093,202.6969696969697,10341.181818181818,1487.4848484848485,47.36363636363637,18.424242424242426,6.96969696969697,4725438.431911237,33,39,857.0,4.0,0.02766531713900135,0.13441966530201824,1.0512820512820513,0.04916037190149536,0.1599210035834412
pocoproject__poco__2020-06-13_12-06-23,C,1429477135.0,1454878735.0,313.6666666666667,161.83333333333334,9932.333333333334,867.3333333333334,25.0,3.8333333333333335,9.5,1119490.8781011782,6,11,154.0,2.0,0.09090909090909091,0.19696969696969696,0.9090909090909091,0.1615267155198954,0.33415261498773074
pocoproject__poco__2020-06-13_12-06-23,C,1454878735.0,1480280335.0,699.7,222.6,17403.4,1430.9,42.3,7.1,13.9,183491846.13368306,10,18,353.0,1.0,0.042483660130718956,0.11195286195286196,0.7222222222222222,0.003819879251673486,0.010388190056615076
pocoproject__poco__2020-06-13_12-06-23,C,1480280335.0,1505681935.0,1611.5,549.5,40958.25,3667.625,99.75,43.0,11.375,12078061.747777695,8,21,1187.0,2.0,0.047619047619047616,0.09563492063492063,0.9523809523809523,0.0077533419319461006,0.3932411143858185
pocoproject__poco__2020-06-13_12-06-23,C,1505681935.0,1531083535.0,6018.866666666667,1690.2,76915.6,10906.866666666667,299.3333333333333,99.8,19.466666666666665,24298102.558588274,15,43,10758.0,3.0,0.039313399778516056,0.3725243340910416,1.6511627906976745,0.1481599917074864,0.20935940563690505
pocoproject__poco__2020-06-13_12-06-23,C,1531083535.0,1556485135.0,556.1111111111111,276.0,12405.333333333334,1801.111111111111,43.111111111111114,21.77777777777778,11.333333333333334,3153110.296485968,9,13,82.0,4.0,0.08333333333333333,0.0,1.0,1.9999999992803552e-06,0.23934805641521759
pocoproject__poco__2020-06-13_12-06-23,C,1556485135.0,1581886735.0,1989.9285714285713,647.5714285714286,43124.28571428572,4692.142857142857,106.5,50.142857142857146,17.285714285714285,502935605.5940124,14,34,1758.0,4.0,0.04278074866310161,0.19081854964207906,1.411764705882353,0.05653671837422958,0.26053559294011863
prebid__prebid-server__2020-06-11_13-15-48,Go,1496287826.0,1521689426.0,1170.7142857142858,842.6666666666666,33812.80952380953,5565.380952380952,134.85714285714286,36.476190476190474,7.523809523809524,1770610.8790371248,21,25,2873.0,4.0,0.19833333333333333,0.649283764544634,4.76,0.19380778792692166,0.21163660389343728
prebid__prebid-server__2020-06-11_13-15-48,Go,1521689426.0,1547091026.0,912.5,641.4,26503.033333333333,4400.466666666666,95.7,36.5,6.933333333333334,1334269.8154578249,30,45,3617.0,5.0,0.06565656565656565,0.5006276596163077,2.888888888888889,0.13177032116302212,0.18991165573068405
prebid__prebid-server__2020-06-11_13-15-48,Go,1547091026.0,1572492626.0,375.5098039215686,240.90196078431373,11883.43137254902,1604.686274509804,33.294117647058826,10.529411764705882,3.0588235294117645,547888.4069037839,51,76,2304.0,7.0,0.026842105263157893,0.3021699644323582,2.013157894736842,0.022276404298255836,0.17819969128463928
prebid__Prebid.js__2020-06-14_00-22-44,JavaScript,1449638732.0,1475040332.0,301.8358208955224,230.2537313432836,9339.65671641791,1510.2835820895523,41.04477611940298,21.44776119402985,3.716417910447761,620945.4312921684,67,73,2685.0,6.0,0.023211567732115676,0.27201082445221364,1.6712328767123288,0.04762099999999858,0.1345146295228683
prebid__Prebid.js__2020-06-14_00-22-44,JavaScript,1475040332.0,1500441932.0,329.14159292035396,210.2920353982301,9754.053097345133,1468.283185840708,36.230088495575224,21.893805309734514,2.938053097345133,380006.8491537949,113,143,3171.0,6.0,0.01231163202994189,0.2508515991467019,1.7482517482517483,0.029218302701220278,0.16598015930642132
prebid__Prebid.js__2020-06-14_00-22-44,JavaScript,1500441932.0,1525843532.0,406.5376344086022,249.13978494623655,12282.043010752688,1671.8978494623657,39.806451612903224,23.182795698924732,3.032258064516129,484864.5940556329,186,242,7188.0,6.0,0.007630053839031583,0.3074130303757705,1.8388429752066116,0.009956618863891542,0.10913164243351031
prebid__Prebid.js__2020-06-14_00-22-44,JavaScript,1525843532.0,1551245132.0,270.4086956521739,185.7826086956522,8072.326086956522,1260.5652173913043,27.630434782608695,15.07391304347826,2.4608695652173913,491152.98707613157,230,315,5912.0,6.0,0.005186533212010919,0.26353205714774425,1.6285714285714286,0.008203880446946865,0.1298640548885939
prebid__Prebid.js__2020-06-14_00-22-44,JavaScript,1551245132.0,1576646732.0,314.9347826086956,227.30869565217392,9747.660869565218,1527.8565217391304,33.23478260869565,19.252173913043478,2.6478260869565218,628997.7848495367,230,324,4690.0,8.0,0.0038221916446890647,0.16002622915982706,1.2345679012345678,0.0026052105951188675,0.14571444850122067
projectceladon__hardware-intel-kernelflinger__2020-06-10_11-29-07,C,1410426686.0,1435828286.0,1000.25,539.4375,25137.6875,3168.5625,122.0,28.125,16.0,4328010.769934243,16,16,1054.0,3.0,0.14166666666666666,0.4330357142857143,2.125,0.1774410397256324,0.20838268394595386
projectceladon__hardware-intel-kernelflinger__2020-06-10_11-29-07,C,1435828286.0,1461229886.0,564.5714285714286,296.2857142857143,15167.92857142857,1745.2142857142858,67.71428571428571,13.642857142857142,9.285714285714286,2645527.9552665567,14,21,1474.0,3.0,0.07380952380952381,0.29784580498866214,1.4761904761904763,0.29494378131382915,0.2839430331129003
projectceladon__hardware-intel-kernelflinger__2020-06-10_11-29-07,C,1461229886.0,1486631486.0,270.15,134.25,6945.5,821.1,28.75,5.05,6.55,1322189.035297464,20,26,670.0,3.0,0.06923076923076923,0.3739541160593792,1.7307692307692308,0.06448841290471852,0.23979711291162722
projectceladon__hardware-intel-kernelflinger__2020-06-10_11-29-07,C,1486631486.0,1512033086.0,351.8,210.48,9497.76,1278.56,48.0,9.36,4.28,2226984.4961677566,25,34,550.0,5.0,0.0659536541889483,0.31358886211827386,2.176470588235294,0.10075275450255172,0.21305308274834062
projectceladon__hardware-intel-kernelflinger__2020-06-10_11-29-07,C,1512033086.0,1537434686.0,371.55555555555554,192.14814814814815,10391.296296296296,1070.4444444444443,43.111111111111114,7.0,5.222222222222222,2199421.4425764345,27,40,1052.0,5.0,0.075,0.3961568830430723,2.925,0.24107446958557754,0.2784166832861086
projectceladon__hardware-intel-kernelflinger__2020-06-10_11-29-07,C,1537434686.0,1562836286.0,309.30434782608694,196.43478260869566,8444.434782608696,1174.304347826087,40.56521739130435,7.043478260869565,6.043478260869565,1831009.3185395547,23,40,815.0,8.0,0.057692307692307696,0.2706005106005106,2.25,0.0192817409657402,0.23200891765903967
puppetlabs__packaging__2020-06-13_20-17-47,Ruby,1365211516.0,1390613116.0,229.0,107.28571428571429,6422.428571428572,585.2857142857143,18.428571428571427,8.571428571428571,12.428571428571429,296817.4539284672,7,8,53.0,3.0,0.17857142857142858,0.2583333333333333,1.25,0.025529414862335176,0.4054277490423529
puppetlabs__packaging__2020-06-13_20-17-47,Ruby,1390613116.0,1416014716.0,308.3333333333333,197.44444444444446,10942.444444444445,1396.6666666666667,29.666666666666668,17.88888888888889,10.88888888888889,387466.5142093421,9,9,191.0,3.0,0.19444444444444445,0.44814814814814813,1.5555555555555556,0.1899161306474838,0.23472989203786412
puppetlabs__packaging__2020-06-13_20-17-47,Ruby,1416014716.0,1441416316.0,104.57142857142857,68.42857142857143,3725.714285714286,391.57142857142856,11.714285714285714,5.142857142857143,4.857142857142857,119363.35224771954,7,10,88.0,3.0,0.1,0.0,0.9,1.999999998836266e-06,0.2746536524489212
puppetlabs__packaging__2020-06-13_20-17-47,Ruby,1441416316.0,1466817916.0,148.69230769230768,78.15384615384616,5544.307692307692,445.84615384615387,15.76923076923077,8.538461538461538,7.923076923076923,174573.2249753373,13,18,273.0,4.0,0.08823529411764706,0.22843915343915341,1.5,0.035460189377575224,0.19667124184416226
puppetlabs__packaging__2020-06-13_20-17-47,Ruby,1466817916.0,1492219516.0,127.83333333333333,50.666666666666664,4731.0,348.3333333333333,7.5,2.6666666666666665,7.166666666666667,249239.85284592005,6,14,205.0,2.0,0.0934065934065934,0.26746031746031745,1.2142857142857142,0.15519095513387593,0.25191679829250335
puppetlabs__packaging__2020-06-13_20-17-47,Ruby,1492219516.0,1517621116.0,462.8333333333333,227.0,19164.0,1698.5,53.333333333333336,20.5,24.0,1039867.2063736739,6,14,469.0,3.0,0.15384615384615385,0.4508503401360544,2.0,0.21478591468713504,0.16348775287954553
puppetlabs__packaging__2020-06-13_20-17-47,Ruby,1517621116.0,1543022716.0,213.22222222222223,131.88888888888889,8556.444444444445,963.1111111111111,21.555555555555557,10.88888888888889,9.88888888888889,419453.28752201016,9,17,355.0,3.0,0.07720588235294118,0.13202614379084968,1.2352941176470589,0.02282600892946718,0.33077961967746133
puppetlabs__packaging__2020-06-13_20-17-47,Ruby,1543022716.0,1568424316.0,172.375,92.375,7753.25,467.0,9.0,4.0,7.375,264928.9654603422,8,11,156.0,3.0,0.1181818181818182,0.46969696969696967,1.1818181818181819,0.28386461312103506,0.10651798611619344
PX4__NuttX__2020-06-12_19-32-40,C,1345085525.0,1370487125.0,100291.5,25034.0,2627605.0,132949.5,4348.0,971.5,610.5,115930668.62387118,2,2,4024.0,1.0,0.5,,0.5,2.0000000000575113e-06,0.045627721335268503
PX4__NuttX__2020-06-12_19-32-40,C,1370487125.0,1395888725.0,137104.0,35863.5,3734939.5,194639.5,5954.0,1484.0,909.5,248304740.42971236,2,3,11547.0,1.0,0.5,1.0,1.0,0.0001579087865205553,0.1877020057445906
PX4__NuttX__2020-06-12_19-32-40,C,1395888725.0,1421290325.0,57838.0,14591.75,1599167.0,73962.5,2554.0,629.75,584.5,70172165.70652547,4,5,14572.0,1.0,0.3,0.6,1.2,0.00016214991954000002,0.7157047341744851
PX4__NuttX__2020-06-12_19-32-40,C,1421290325.0,1446691925.0,8873.033333333333,2229.0333333333333,230609.83333333334,11391.266666666666,422.53333333333336,87.73333333333333,74.3,16494217.575724918,30,31,17264.0,3.0,0.06129032258064516,0.4109747545582047,1.8387096774193548,0.024556809149537617,0.21729631323699136
PX4__NuttX__2020-06-12_19-32-40,C,1446691925.0,1472093525.0,4131.473684210527,1025.9122807017543,102242.40350877192,5460.649122807017,187.98245614035088,44.3859649122807,33.0,5328819.571361196,57,67,26410.0,3.0,0.03437358661239258,0.45281058063028434,2.2686567164179103,0.08486311575562289,0.23439399143002318
PX4__NuttX__2020-06-12_19-32-40,C,1472093525.0,1497495125.0,2890.15873015873,825.7936507936508,80403.90476190476,4271.126984126984,148.11111111111111,37.714285714285715,26.58730158730159,4785256.9679230675,63,85,15136.0,4.0,0.029831932773109242,0.500344678251799,2.5058823529411764,0.22572109119806705,0.3365151659561339
PX4__NuttX__2020-06-12_19-32-40,C,1497495125.0,1522896725.0,2976.0793650793653,925.968253968254,77918.8253968254,4918.190476190476,164.9206349206349,31.714285714285715,22.50793650793651,6349754.791115445,63,104,11938.0,4.0,0.020164301717699777,0.3548912936337932,2.076923076923077,0.11667570433001984,0.22663001748891956
PX4__NuttX__2020-06-12_19-32-40,C,1522896725.0,1548298325.0,1782.9178082191781,532.5890410958904,48117.46575342466,2676.3698630136987,97.35616438356165,20.80821917808219,16.698630136986303,2699674.507075143,73,126,9821.0,4.0,0.018476190476190476,0.4309820771157537,2.3095238095238093,0.13390517044616013,0.19703479967856427
PX4__NuttX__2020-06-12_19-32-40,C,1548298325.0,1573699925.0,1726.4137931034484,505.37931034482756,44959.97701149425,2516.655172413793,85.01149425287356,18.74712643678161,13.528735632183908,2722369.8729838887,87,166,19802.0,5.0,0.016173786053304124,0.4380047633321387,2.6686746987951806,0.32404892143335784,0.22022145457031445
Pyomo__pyomo__2020-06-12_19-25-48,Python,1413476248.0,1438877848.0,7759.2,2728.0,265215.6,21009.8,656.2,167.6,178.2,134583826.4000476,5,5,1684.0,2.0,0.85,0.9,3.4,0.1636984026877989,0.07059504031813804
Pyomo__pyomo__2020-06-12_19-25-48,Python,1438877848.0,1464279448.0,4859.0,2136.0,172071.2,14410.8,414.6,108.8,109.6,50355290.53084315,5,5,818.0,2.0,0.75,0.9,3.0,0.19786966436109144,0.07069999835766788
Pyomo__pyomo__2020-06-12_19-25-48,Python,1464279448.0,1489681048.0,4317.833333333333,1884.75,133017.16666666666,16346.416666666666,326.0833333333333,126.91666666666667,67.33333333333333,96131972.59052043,12,12,1216.0,3.0,0.1590909090909091,0.4305555555555555,1.75,0.2808886961943192,0.1205301069247483
Pyomo__pyomo__2020-06-12_19-25-48,Python,1489681048.0,1515082648.0,5526.533333333334,2303.133333333333,180542.13333333333,18809.266666666666,451.26666666666665,143.8,85.33333333333333,233380826.3550628,15,18,4441.0,4.0,0.14379084967320263,0.44351851851851853,2.4444444444444446,0.18330840343481924,0.14149145239807248
Pyomo__pyomo__2020-06-12_19-25-48,Python,1515082648.0,1540484248.0,3120.304347826087,1357.391304347826,102996.47826086957,10976.565217391304,261.0869565217391,82.1304347826087,65.47826086956522,129001617.25503954,23,27,5931.0,5.0,0.09116809116809116,0.3682634238189794,2.3703703703703702,0.19031473394768073,0.0678073478961391
Pyomo__pyomo__2020-06-12_19-25-48,Python,1540484248.0,1565885848.0,2195.6,1056.88,73662.28,9214.56,177.28,63.6,37.56,94854015.80385408,25,29,3578.0,4.0,0.06157635467980295,0.2683924144370392,1.7241379310344827,0.030669506670901292,0.06482912396605248
Pyomo__pyomo__2020-06-12_19-25-48,Python,1565885848.0,1591287448.0,2172.92,954.76,73809.64,8013.76,169.76,68.04,41.96,71682777.4181552,25,33,4275.0,4.0,0.07765151515151515,0.44071282253100436,2.484848484848485,0.14151485182217105,0.16784438833314133
pytest-dev__pytest__2020-06-14_09-39-01,Python,1226771646.0,1252173246.0,3569.3333333333335,1806.5,101571.83333333333,11216.333333333334,402.3333333333333,206.66666666666666,80.5,16358297.374057861,6,6,1267.0,3.0,0.4,0.6333333333333333,2.0,0.051912560503920346,0.3426641972396282
pytest-dev__pytest__2020-06-14_09-39-01,Python,1252173246.0,1277574846.0,1714.0,954.1428571428571,50542.857142857145,5678.857142857143,195.85714285714286,84.28571428571429,46.42857142857143,8419656.56712764,7,8,796.0,2.0,0.21428571428571427,0.34523809523809523,1.5,0.052329975598939815,0.24149792727988809
pytest-dev__pytest__2020-06-14_09-39-01,Python,1277574846.0,1302976446.0,1842.5714285714287,809.8571428571429,42847.57142857143,4494.142857142857,163.42857142857142,79.71428571428571,40.0,9365339.213041788,7,12,532.0,2.0,0.1590909090909091,0.42424242424242425,1.75,0.03345323847486348,0.16063759047747675
pytest-dev__pytest__2020-06-14_09-39-01,Python,1302976446.0,1328378046.0,406.22222222222223,227.22222222222223,12562.222222222223,1413.3333333333333,53.888888888888886,20.77777777777778,25.22222222222222,2763907.2493636543,9,10,360.0,3.0,0.17777777777777778,0.26071428571428573,1.6,0.10397908429066272,0.2979747587947584
pytest-dev__pytest__2020-06-14_09-39-01,Python,1328378046.0,1353779646.0,1026.1666666666667,500.1666666666667,29859.0,1859.6666666666667,71.66666666666667,36.0,35.0,20805663.433150876,6,8,212.0,3.0,0.25,0.39285714285714285,1.75,0.09518768177576697,0.30396151901235985
pytest-dev__pytest__2020-06-14_09-39-01,Python,1353779646.0,1379181246.0,159.16666666666666,98.95833333333333,4875.791666666667,452.375,15.833333333333334,7.375,6.125,1598737.399345237,24,24,391.0,4.0,0.07971014492753623,0.39101921470342527,1.8333333333333333,0.08124278510074445,0.13982027784636217
pytest-dev__pytest__2020-06-14_09-39-01,Python,1379181246.0,1404582846.0,270.88461538461536,119.73076923076923,7804.115384615385,650.9230769230769,23.153846153846153,10.461538461538462,11.26923076923077,2859065.995476315,26,36,539.0,4.0,0.05,0.27727148330596607,1.75,0.04599737276161009,0.24007533592211072
pytest-dev__pytest__2020-06-14_09-39-01,Python,1404582846.0,1429984446.0,227.8,93.46666666666667,6926.833333333333,472.6666666666667,20.466666666666665,10.233333333333333,6.966666666666667,2212298.500400969,30,38,483.0,4.0,0.03911806543385491,0.2923083400200105,1.4473684210526316,0.1745926317703147,0.1623839288629584
pytest-dev__pytest__2020-06-14_09-39-01,Python,1429984446.0,1455386046.0,170.3653846153846,80.25,5116.153846153846,410.88461538461536,11.942307692307692,6.3076923076923075,6.8076923076923075,1607176.1097446913,52,78,991.0,5.0,0.023310023310023312,0.30212475122262133,1.794871794871795,0.20525535682738483,0.15880381463769783
pytest-dev__pytest__2020-06-14_09-39-01,Python,1455386046.0,1480787646.0,124.58441558441558,69.49350649350649,3844.974025974026,323.2597402597403,10.636363636363637,4.805194805194805,4.571428571428571,1792345.0282491252,77,108,1578.0,5.0,0.016960886119764627,0.2989745686849706,1.8148148148148149,0.06056403232039076,0.24860811064497815
pytest-dev__pytest__2020-06-14_09-39-01,Python,1480787646.0,1506189246.0,104.17142857142858,42.18571428571428,2765.8571428571427,231.2,7.628571428571429,3.8857142857142857,4.7,874252.1212566842,70,153,1715.0,7.0,0.012297901616787066,0.3064387067913039,1.869281045751634,0.04882732182063898,0.21728814651955816
pytest-dev__pytest__2020-06-14_09-39-01,Python,1506189246.0,1531590846.0,159.48648648648648,79.37837837837837,4746.364864864865,391.8378378378378,13.77027027027027,5.72972972972973,6.986486486486487,1616504.5923833456,74,154,2058.0,6.0,0.01218062982768865,0.3611055088877162,1.8636363636363635,0.12971706050450538,0.24015781402920575
pytest-dev__pytest__2020-06-14_09-39-01,Python,1531590846.0,1556992446.0,250.02631578947367,124.96052631578948,7632.881578947368,633.6447368421053,18.67105263157895,8.75,10.723684210526315,2807208.4262360157,76,184,2784.0,5.0,0.009681634592539796,0.3501632301688764,1.7717391304347827,0.1560123280519562,0.22453034391879417
pytest-dev__pytest__2020-06-14_09-39-01,Python,1556992446.0,1582394046.0,245.5897435897436,130.30769230769232,7220.653846153846,599.9615384615385,18.05128205128205,7.3076923076923075,8.884615384615385,2596234.9944018377,78,217,4189.0,5.0,0.009067246970472778,0.4053791546860844,1.9585253456221199,0.29193082968533013,0.2841221541901106
python__cpython__2020-06-11_06-27-42,Python,701409524.0,726811124.0,7967.666666666667,4656.333333333333,173077.66666666666,29577.333333333332,1170.3333333333333,270.3333333333333,118.0,31237461.385054093,3,3,256.0,2.0,0.5,0.0,1.0,1.999999999946489e-06,0.05411209074974887
python__cpython__2020-06-11_06-27-42,Python,726811124.0,752212724.0,5617.0,3110.6666666666665,125552.0,20782.333333333332,839.3333333333334,170.66666666666666,61.666666666666664,30647924.62900181,3,3,430.0,1.0,1.0,1.0,2.0,0.11632757745722622,0.06426790909154356
python__cpython__2020-06-11_06-27-42,Python,752212724.0,777614324.0,5816.666666666667,3315.0,132034.0,23706.333333333332,820.6666666666666,264.0,77.33333333333333,55487445.51421025,3,3,108.0,1.0,0.6666666666666666,1.0,1.3333333333333333,0.144646303006555,0.023280455779662743
python__cpython__2020-06-11_06-27-42,Python,777614324.0,803015924.0,10313.333333333334,5259.0,232654.0,31656.333333333332,1088.0,274.3333333333333,192.0,48345985.222454645,3,3,693.0,2.0,0.6666666666666666,0.0,1.3333333333333333,2.0000000000575113e-06,0.07719483620145288
python__cpython__2020-06-11_06-27-42,Python,803015924.0,828417524.0,8504.333333333334,5146.333333333333,199901.0,30678.0,1179.3333333333333,349.3333333333333,171.66666666666666,101992976.28969848,3,3,932.0,2.0,0.8333333333333334,1.0,1.6666666666666667,0.004105915770890478,0.03222193711269
python__cpython__2020-06-11_06-27-42,Python,828417524.0,853819124.0,8689.6,3366.4,178742.4,21725.8,770.6,205.4,174.8,63827404.58067224,5,6,6318.0,2.0,0.5,0.6944444444444445,2.5,0.15886317616695889,0.21984627690241665
python__cpython__2020-06-11_06-27-42,Python,853819124.0,879220724.0,6844.166666666667,3306.0,153791.0,19700.0,757.1666666666666,159.0,153.5,48842590.244534016,6,7,1354.0,2.0,0.2619047619047619,0.0,1.5714285714285714,2.0000000000575113e-06,0.1020160863516733
python__cpython__2020-06-11_06-27-42,Python,879220724.0,904622324.0,8317.333333333334,3666.8333333333335,191007.66666666666,26293.0,709.5,174.5,185.5,55129398.73648494,6,8,2540.0,2.0,0.2857142857142857,0.6041666666666667,2.0,0.016163352489244942,0.061130764628444016
python__cpython__2020-06-11_06-27-42,Python,904622324.0,930023924.0,4100.5,2080.625,112091.25,14996.25,459.75,119.5,131.0,21590847.36831713,8,10,757.0,4.0,0.23333333333333334,0.43047619047619046,2.1,0.03464609415784248,0.07729543992530467
python__cpython__2020-06-11_06-27-42,Python,930023924.0,955425524.0,4168.555555555556,2008.5555555555557,113234.88888888889,13680.888888888889,390.8888888888889,113.0,94.33333333333333,25371694.95778083,9,11,1752.0,4.0,0.2272727272727273,0.5378787878787878,2.272727272727273,0.08222505142158743,0.041513134974227824
python__cpython__2020-06-11_06-27-42,Python,955425524.0,980827124.0,3171.935483870968,1334.741935483871,75914.58064516129,8048.1612903225805,304.9032258064516,68.38709677419355,80.25806451612904,27344323.69147625,31,32,18170.0,4.0,0.2550403225806452,0.6569145154381222,7.90625,0.19930114461565318,0.19511615449435615
python__cpython__2020-06-11_06-27-42,Python,980827124.0,1006228724.0,3416.1666666666665,1672.4,91220.7,10365.266666666666,347.56666666666666,100.46666666666667,96.76666666666667,77542476.67870781,30,38,11077.0,4.0,0.18349928876244667,0.7211885077277458,6.7894736842105265,0.3687808998897545,0.12566511310910575
python__cpython__2020-06-11_06-27-42,Python,1006228724.0,1031630324.0,1967.888888888889,879.8611111111111,52563.055555555555,6314.888888888889,170.75,46.083333333333336,65.27777777777777,26580222.873066254,36,46,11499.0,3.0,0.17053140096618358,0.6534058809708251,7.673913043478261,0.44989157301430427,0.22376003686473117
python__cpython__2020-06-11_06-27-42,Python,1031630324.0,1057031924.0,2252.425,1028.425,63448.1,7540.175,259.425,64.075,70.475,38742152.820885375,40,50,12378.0,4.0,0.1526530612244898,0.7196429925948451,7.48,0.02816170748627378,0.15217106885099896
python__cpython__2020-06-11_06-27-42,Python,1057031924.0,1082433524.0,806.1025641025641,391.05128205128204,21774.358974358973,2812.6153846153848,78.43589743589743,21.82051282051282,27.17948717948718,14216591.07749118,39,53,5353.0,4.0,0.12119013062409288,0.5763950540385638,6.30188679245283,0.14170305825114105,0.192661846603909
python__cpython__2020-06-11_06-27-42,Python,1082433524.0,1107835124.0,954.7777777777778,473.4222222222222,28676.28888888889,3767.6222222222223,79.11111111111111,23.133333333333333,33.644444444444446,14327920.193596043,45,60,5830.0,5.0,0.10056497175141244,0.6083244809250379,5.933333333333334,0.07509979107667752,0.12557683815615794
python__cpython__2020-06-11_06-27-42,Python,1107835124.0,1133236724.0,481.75,264.6666666666667,12905.944444444445,3018.0833333333335,48.888888888888886,16.63888888888889,18.88888888888889,8410063.935769375,36,47,2297.0,5.0,0.10730804810360776,0.43395209039628707,4.9361702127659575,0.10318873092873337,0.22587608148022537
python__cpython__2020-06-11_06-27-42,Python,1133236724.0,1158638324.0,1518.4583333333333,663.2916666666666,39431.375,4833.958333333333,135.22916666666666,35.3125,49.479166666666664,29975840.061489496,48,67,13400.0,4.0,0.12143826322930801,0.7122264781243912,8.014925373134329,0.4999797909014785,0.13495978044812773
python__cpython__2020-06-11_06-27-42,Python,1158638324.0,1184039924.0,1395.4102564102564,606.8205128205128,35613.05128205128,4820.384615384615,128.5897435897436,40.69230769230769,41.94871794871795,26822858.50917206,39,71,11996.0,5.0,0.0778672032193159,0.5953575906910419,5.450704225352113,0.42716910921137086,0.20353936754948385
python__cpython__2020-06-11_06-27-42,Python,1184039924.0,1209441524.0,2390.2448979591836,1079.734693877551,62095.489795918365,7614.65306122449,225.3877551020408,72.20408163265306,61.02040816326531,42595064.79081983,49,90,22516.0,4.0,0.09001248439450686,0.7082822124845797,8.011111111111111,0.5069692365514685,0.21701987153744123
python__cpython__2020-06-11_06-27-42,Python,1209441524.0,1234843124.0,2244.0416666666665,1077.125,62812.8125,7439.583333333333,257.1041666666667,81.625,59.354166666666664,43264249.26174637,48,85,17874.0,4.0,0.10112044817927171,0.6889885652858103,8.494117647058824,0.4329221029029712,0.16355426406836826
python__cpython__2020-06-11_06-27-42,Python,1234843124.0,1260244724.0,2017.2115384615386,865.9230769230769,58366.07692307692,6209.9807692307695,177.6153846153846,61.73076923076923,61.32692307692308,36059548.1559037,52,92,14535.0,4.0,0.08014811275680842,0.568718985273101,7.293478260869565,0.19401216722596937,0.16481503057694158
python__cpython__2020-06-11_06-27-42,Python,1260244724.0,1285646324.0,2834.235294117647,1302.5882352941176,82292.50980392157,8706.64705882353,288.5882352941176,96.03921568627452,85.98039215686275,61913199.62170582,51,108,21009.0,4.0,0.0746798200069228,0.6150603126118839,7.9907407407407405,0.27251637318092636,0.10912190588578076
python__cpython__2020-06-11_06-27-42,Python,1285646324.0,1311047924.0,1669.5,731.2931034482758,48551.775862068964,5364.672413793103,153.1206896551724,55.293103448275865,57.91379310344828,44738217.40984045,58,119,15454.0,5.0,0.05597493234581968,0.531094694190949,6.605042016806722,0.32423050733374803,0.13867790710344713
python__cpython__2020-06-11_06-27-42,Python,1311047924.0,1336449524.0,1537.7735849056603,736.566037735849,46512.16981132075,4987.735849056604,155.9433962264151,46.62264150943396,52.509433962264154,74585726.0433733,53,108,9741.0,5.0,0.05823814468674282,0.4972157178565314,6.231481481481482,0.3111077740999315,0.13716107704448138
python__cpython__2020-06-11_06-27-42,Python,1336449524.0,1361851124.0,1157.1475409836066,554.7377049180328,36942.770491803276,3894.1147540983607,117.81967213114754,40.60655737704918,39.34426229508197,38818145.5518919,61,124,8480.0,6.0,0.056910569105691054,0.48506973109865187,7.0,0.3562121919407957,0.15645592735196376
python__cpython__2020-06-11_06-27-42,Python,1361851124.0,1387252724.0,1342.2545454545455,616.7818181818182,40836.12727272727,4127.945454545455,123.43636363636364,46.018181818181816,45.054545454545455,40669525.97314623,55,109,8966.0,5.0,0.06260618416581719,0.563421748089388,6.761467889908257,0.25776472891980173,0.15304441628666327
python__cpython__2020-06-11_06-27-42,Python,1387252724.0,1412654324.0,1036.8909090909092,509.2181818181818,33259.29090909091,3586.8727272727274,129.76363636363635,46.58181818181818,31.4,36357194.51259617,55,109,7366.0,5.0,0.04884471627590893,0.47491801901638886,5.275229357798165,0.1177755383512521,0.1627858910973707
python__cpython__2020-06-11_06-27-42,Python,1412654324.0,1438055924.0,1161.063829787234,565.2978723404256,36333.85106382979,4095.340425531915,117.61702127659575,42.212765957446805,32.340425531914896,40667021.93098756,47,111,7052.0,5.0,0.03923013923013923,0.4837834708745536,4.315315315315315,0.3074606051805533,0.12164150178036003
python__cpython__2020-06-11_06-27-42,Python,1438055924.0,1463457524.0,1218.675,557.475,37956.875,4129.6,104.925,37.875,37.05,43507008.3814143,40,110,5318.0,6.0,0.03469557964970809,0.5013164659734387,3.7818181818181817,0.14799262615585596,0.11480701127767483
python__cpython__2020-06-11_06-27-42,Python,1463457524.0,1488859124.0,976.2753623188406,459.57971014492756,28473.1884057971,3113.086956521739,86.89855072463769,32.2463768115942,27.82608695652174,47526791.33256651,69,144,9385.0,5.0,0.03656759906759907,0.4848555396337722,5.229166666666667,0.2503583321834124,0.24012402404490993
python__cpython__2020-06-11_06-27-42,Python,1488859124.0,1514260724.0,278.08620689655174,123.375,8211.077586206897,792.2284482758621,25.512931034482758,8.543103448275861,5.831896551724138,9123384.86630912,232,318,10512.0,6.0,0.008670118842132413,0.2999327147911031,2.748427672955975,0.07664311405278901,0.2404327416327141
python__cpython__2020-06-11_06-27-42,Python,1514260724.0,1539662324.0,211.24696356275302,102.47368421052632,6495.765182186235,676.7854251012146,19.838056680161944,7.2105263157894735,5.109311740890688,9609839.581300894,247,346,6417.0,7.0,0.007648487894780933,0.21458219439630888,2.638728323699422,0.0567576656207569,0.2449973648258963
python__cpython__2020-06-11_06-27-42,Python,1539662324.0,1565063924.0,267.3029315960912,122.29315960912052,8073.846905537459,853.7361563517916,23.055374592833875,8.013029315960912,5.690553745928339,10889069.747271646,307,448,11996.0,7.0,0.006067233940556089,0.21897207716764178,2.7120535714285716,0.10547540915803089,0.2270560409510344
python__cpython__2020-06-11_06-27-42,Python,1565063924.0,1590465524.0,226.20165745856355,99.79558011049724,6621.806629834254,662.0828729281768,18.464088397790054,6.207182320441989,5.179558011049724,10329604.568173401,362,521,11652.0,7.0,0.004791082238299129,0.19925894562957766,2.491362763915547,0.11917226120241153,0.24533842990311672
python-caldav__caldav__2020-06-13_05-26-42,Python,1285900223.0,1311301823.0,79.5,38.5,2210.5,345.0,7.0,1.0,4.0,791032.6431541028,2,2,2.0,1.0,1.0,,1.0,2.0000000000575113e-06,0.05794790005316321
python-caldav__caldav__2020-06-13_05-26-42,Python,1336703423.0,1362105023.0,5.5,4.0,227.5,29.0,0.5,0.0,1.0,17492.912472161843,2,2,0.0,0.0,0.0,,0.0,,0.0
python-caldav__caldav__2020-06-13_05-26-42,Python,1362105023.0,1387506623.0,259.6666666666667,129.66666666666666,9707.333333333334,986.0,36.666666666666664,13.0,10.0,1234439.3023275991,3,4,6.0,1.0,0.25,0.0,0.75,2.0000000009456897e-06,0.0019860973187686196
python-caldav__caldav__2020-06-13_05-26-42,Python,1387506623.0,1412908223.0,165.0,94.0,5625.0,793.0,17.0,5.5,8.5,1262396.584617552,2,2,3.0,1.0,1.0,,1.0,2.0000000000575113e-06,0.01576178915618333
python-caldav__caldav__2020-06-13_05-26-42,Python,1412908223.0,1438309823.0,332.5,138.0,12010.5,961.0,30.5,6.5,20.5,2032041.8570317128,2,2,5.0,1.0,1.0,,1.0,2.0000000000575113e-06,0.5011261261261262
python-caldav__caldav__2020-06-13_05-26-42,Python,1438309823.0,1463711423.0,9.75,6.25,353.0,48.25,1.75,0.25,2.25,138035.14461200056,4,4,6.0,1.0,0.08333333333333333,0.0,0.25,2.0000000000575113e-06,0.05357142857142857
python-caldav__caldav__2020-06-13_05-26-42,Python,1463711423.0,1489113023.0,61.0,29.0,2405.0,247.5,5.5,0.5,5.5,713659.2715644431,2,3,26.0,2.0,0.3333333333333333,0.0,0.6666666666666666,1.999999999946489e-06,0.12449712643678162
python-caldav__caldav__2020-06-13_05-26-42,Python,1489113023.0,1514514623.0,28.2,7.0,1028.6,50.0,0.8,0.4,2.8,25035.596815523117,5,6,2.0,1.0,0.06666666666666667,0.0,0.3333333333333333,2.0000000000575113e-06,0.02850877192982456
python-caldav__caldav__2020-06-13_05-26-42,Python,1514514623.0,1539916223.0,6.0,4.0,123.0,27.0,1.0,0.0,1.5,170083.63346765575,2,3,1.0,1.0,0.16666666666666666,0.0,0.3333333333333333,2.0000000000575113e-06,0.125
python-caldav__caldav__2020-06-13_05-26-42,Python,1539916223.0,1565317823.0,109.0,42.25,4003.0,329.5,11.25,3.0,7.0,749025.7627169,4,7,64.0,2.0,0.14285714285714285,0.0,0.8571428571428571,2.0000000000575113e-06,0.11921188630490956
qemu__qemu__2020-06-12_23-19-38,C,1134358909.0,1159760509.0,7794.0,3951.0,202119.5,24881.0,867.0,182.5,167.0,191586826.7200324,2,2,257.0,1.0,1.0,,1.0,2.0000000000575113e-06,0.03582837596726373
qemu__qemu__2020-06-12_23-19-38,C,1159760509.0,1185162109.0,5122.166666666667,2657.5,128546.66666666667,16284.0,632.1666666666666,117.5,113.5,125989112.28518994,6,6,1989.0,2.0,0.7333333333333333,0.9333333333333335,3.6666666666666665,0.1972939568934119,0.06415182426843655
qemu__qemu__2020-06-12_23-19-38,C,1185162109.0,1210563709.0,6498.444444444444,2542.0,149575.88888888888,17028.88888888889,510.0,135.88888888888889,115.11111111111111,185700856.8131501,9,9,4737.0,2.0,0.6111111111111112,0.8359788359788359,4.888888888888889,0.35983373925614426,0.07666863136353384
qemu__qemu__2020-06-12_23-19-38,C,1210563709.0,1235965309.0,6456.333333333333,2977.3333333333335,165532.5,20403.0,632.75,185.41666666666666,153.83333333333334,219660283.94591108,12,13,6642.0,2.0,0.4615384615384615,0.7247863247863248,5.538461538461538,0.2909544941853044,0.13834072706632114
qemu__qemu__2020-06-12_23-19-38,C,1235965309.0,1261366909.0,935.9666666666667,402.48333333333335,23984.983333333334,2572.3333333333335,94.01666666666667,21.566666666666666,23.891666666666666,20747968.185448773,120,125,18797.0,6.0,0.0387741935483871,0.44421013455694386,4.808,0.427900414365187,0.21110063263131348
qemu__qemu__2020-06-12_23-19-38,C,1261366909.0,1286768509.0,465.09722222222223,228.06944444444446,11958.770833333334,1377.8958333333333,57.31944444444444,11.833333333333334,15.32638888888889,12267485.1135665,144,173,11525.0,6.0,0.026145987363892995,0.38318702151080014,4.497109826589595,0.2605564958439224,0.22037756175186665
qemu__qemu__2020-06-12_23-19-38,C,1286768509.0,1312170109.0,606.3949044585987,298.0127388535032,16196.59872611465,1814.0,55.45859872611465,16.0,16.063694267515924,12740825.399504853,157,210,15035.0,6.0,0.021257689678742312,0.3416063617459721,4.442857142857143,0.15413992986636416,0.2060748162684788
qemu__qemu__2020-06-12_23-19-38,C,1312170109.0,1337571709.0,640.3366336633663,301.5693069306931,16786.88613861386,1843.8564356435643,54.7970297029703,15.544554455445544,18.133663366336634,10347598.837834185,202,293,24764.0,6.0,0.014762260975267661,0.41225799926839307,4.310580204778157,0.16826354565102442,0.20549280895418565
qemu__qemu__2020-06-12_23-19-38,C,1337571709.0,1362973309.0,722.7014218009479,324.13270142180096,19141.270142180096,2039.1232227488151,61.07109004739336,16.578199052132703,19.09004739336493,16251279.694505885,211,342,28635.0,6.0,0.01413969919912195,0.4753771960546647,4.821637426900585,0.16781766840655543,0.22068767860120458
qemu__qemu__2020-06-12_23-19-38,C,1362973309.0,1388374909.0,610.64,283.68,16503.71111111111,1775.9466666666667,49.58222222222222,13.431111111111111,18.124444444444446,11369852.146885527,225,378,24069.0,7.0,0.01126268367647678,0.3535166277927755,4.246031746031746,0.10249146186650415,0.2244311072190744
qemu__qemu__2020-06-12_23-19-38,C,1388374909.0,1413776509.0,526.6691729323309,269.5112781954887,15075.45112781955,1696.0601503759399,52.078947368421055,11.936090225563909,16.048872180451127,16413094.00035755,266,439,23047.0,8.0,0.00991252431324825,0.3206433016038628,4.341685649202733,0.07014650496045627,0.2450841040561393
qemu__qemu__2020-06-12_23-19-38,C,1413776509.0,1439178109.0,443.9277566539924,218.79847908745248,12518.593155893535,1370.3307984790874,37.47148288973384,10.889733840304183,14.391634980988593,13906842.904800568,263,457,22338.0,7.0,0.00906944604399401,0.2933181779403421,4.135667396061269,0.021698225025336804,0.23269640758604657
qemu__qemu__2020-06-12_23-19-38,C,1439178109.0,1464579709.0,600.7016129032259,296.241935483871,16681.53629032258,1748.6370967741937,49.87903225806452,13.318548387096774,17.233870967741936,14767189.797597274,248,498,30969.0,7.0,0.009325026464004913,0.3149696719666417,4.634538152610442,0.1476178325003702,0.24870068574063042
qemu__qemu__2020-06-12_23-19-38,C,1464579709.0,1489981309.0,566.4155405405405,277.7905405405405,16171.378378378378,1743.7601351351352,48.6554054054054,13.39864864864865,15.986486486486486,13505848.07992288,296,567,32154.0,7.0,0.007871071475311757,0.3093136959327356,4.455026455026455,0.10062885622923079,0.2052204610285992
qemu__qemu__2020-06-12_23-19-38,C,1489981309.0,1515382909.0,542.705223880597,257.7574626865672,15507.0,1569.7201492537313,48.09701492537314,11.626865671641792,16.809701492537314,13050574.099485971,268,550,30816.0,7.0,0.007941712204007287,0.3070134040129018,4.36,0.07410952248397251,0.2769623287782619
qemu__qemu__2020-06-12_23-19-38,C,1515382909.0,1540784509.0,644.421768707483,321.05102040816325,18656.404761904763,2012.5884353741496,55.54081632653061,16.35374149659864,17.034013605442176,17739851.751766413,294,628,37501.0,8.0,0.006003718038582269,0.31232274923192105,3.7643312101910826,0.06159195350017144,0.22974524359253123
qemu__qemu__2020-06-12_23-19-38,C,1540784509.0,1566186109.0,568.3818770226537,281.2394822006473,16107.362459546926,1776.0388349514562,50.92556634304207,14.022653721682849,15.080906148867314,17714945.249049958,309,663,32604.0,6.0,0.005657247793377169,0.29448226337966277,3.7450980392156863,0.14231091575340626,0.24465342105225432
qemu__qemu__2020-06-12_23-19-38,C,1566186109.0,1591587709.0,452.9415584415584,211.80194805194805,13507.162337662337,1376.9188311688313,39.03896103896104,11.12012987012987,13.720779220779221,23934724.13585067,308,662,30966.0,7.0,0.005345283855368823,0.2909080087974576,3.5332326283987916,0.060268250295669845,0.26665229808144497
qmk__qmk_firmware__2020-06-11_05-23-27,C,1341523751.0,1366925351.0,6342.333333333333,2231.0,201385.66666666666,14640.666666666666,526.0,137.0,64.0,14211370.582487946,3,3,119.0,2.0,0.3333333333333333,0.0,0.6666666666666666,2.0000000000575113e-06,0.2626017643290221
qmk__qmk_firmware__2020-06-11_05-23-27,C,1366925351.0,1392326951.0,1247.4285714285713,580.0,36236.142857142855,3619.285714285714,112.85714285714286,43.0,14.0,1657605.7676835905,7,7,272.0,1.0,0.09523809523809523,0.0,0.5714285714285714,2.0000000001685336e-06,0.3341801837013875
qmk__qmk_firmware__2020-06-11_05-23-27,C,1392326951.0,1417728551.0,1073.4285714285713,543.7142857142857,31360.0,3399.0,161.0,41.57142857142857,13.857142857142858,1691012.8408150226,7,9,37.0,2.0,0.125,0.2275132275132275,1.0,0.039642264002720196,0.1883017444648037
qmk__qmk_firmware__2020-06-11_05-23-27,C,1417728551.0,1443130151.0,705.6875,410.625,22475.5625,3443.3125,81.625,22.5,9.125,1324858.5060926992,16,18,373.0,3.0,0.0392156862745098,0.11666666666666667,0.6666666666666666,0.004297734433344469,0.11755095991357284
qmk__qmk_firmware__2020-06-11_05-23-27,C,1443130151.0,1468531751.0,573.0526315789474,268.0210526315789,22072.852631578946,2058.694736842105,46.68421052631579,11.621052631578948,7.652631578947369,777472.6858512097,95,100,1913.0,5.0,0.01585858585858586,0.22446410673736253,1.57,0.01062703425235545,0.09860358460582187
qmk__qmk_firmware__2020-06-11_05-23-27,C,1468531751.0,1493933351.0,489.86842105263156,232.8684210526316,17985.66447368421,1877.2631578947369,41.36184210526316,10.164473684210526,6.927631578947368,1023796.2453636797,152,170,2322.0,5.0,0.004698920988513749,0.1344548588666236,0.7941176470588235,0.012335204798018973,0.10176304574202999
qmk__qmk_firmware__2020-06-11_05-23-27,C,1493933351.0,1519334951.0,373.86580086580085,191.3160173160173,13117.995670995671,1503.82683982684,35.83549783549783,10.077922077922079,3.341991341991342,707118.5529567029,231,274,3846.0,7.0,0.003636266409989038,0.14314599185773152,0.9927007299270073,0.011795840692994108,0.11241706167725124
qmk__qmk_firmware__2020-06-11_05-23-27,C,1519334951.0,1544736551.0,427.6012084592145,202.36253776435046,15195.537764350453,1534.5740181268882,40.26586102719033,11.350453172205437,3.0604229607250755,667850.1014269742,331,474,11833.0,10.0,0.002426383350728361,0.17850186956031083,1.1476793248945147,0.005980232716251477,0.10620008347062462
qmk__qmk_firmware__2020-06-11_05-23-27,C,1544736551.0,1570138151.0,350.190031152648,172.7601246105919,12009.071651090342,1328.4080996884736,32.993769470404985,11.25233644859813,3.2242990654205608,503871.60236208356,321,633,10193.0,7.0,0.0019022336872837802,0.14978736142044397,1.202211690363349,0.004592742181214637,0.1314017826990363
qt__qtbase__2020-06-13_17-39-48,C++,1261580615.0,1286982215.0,21.0,10.142857142857142,745.8571428571429,80.42857142857143,1.4285714285714286,0.42857142857142855,1.1428571428571428,171702.80339873343,7,7,0.0,0.0,0.0,0.0,0.0,,0.0
qt__qtbase__2020-06-13_17-39-48,C++,1286982215.0,1312383815.0,537.6464646464647,239.14141414141415,15581.373737373737,1769.909090909091,52.535353535353536,17.292929292929294,11.535353535353535,10789270.6975077,99,99,1063.0,8.0,0.012162440733869304,0.14747827929646112,1.1919191919191918,0.007585572434796517,0.04273142419371548
qt__qtbase__2020-06-13_17-39-48,C++,1312383815.0,1337785415.0,978.1756756756756,406.6936936936937,28317.675675675677,3201.572072072072,94.34684684684684,28.954954954954953,21.256756756756758,22058509.48474951,222,236,10061.0,6.0,0.01846375766318067,0.3197307480034319,4.338983050847458,0.013588559328627015,0.08092535598523073
qt__qtbase__2020-06-13_17-39-48,C++,1337785415.0,1363187015.0,611.6900826446281,266.55785123966945,18636.413223140495,2011.504132231405,66.9297520661157,18.487603305785125,16.94214876033058,17450553.375353344,242,303,10962.0,6.0,0.015004480580508382,0.30627828812219166,4.531353135313531,0.188878868184151,0.12074892121286593
qt__qtbase__2020-06-13_17-39-48,C++,1363187015.0,1388588615.0,409.47679324894517,174.40928270042195,12824.274261603376,1321.902953586498,43.76371308016878,11.527426160337553,12.49367088607595,8607258.280905018,237,317,7861.0,6.0,0.011450305474583717,0.24575084379079662,3.6182965299684544,0.13123427912170726,0.11686346714585223
qt__qtbase__2020-06-13_17-39-48,C++,1388588615.0,1413990215.0,505.4356846473029,228.33195020746888,17176.684647302904,1801.6016597510372,53.47302904564315,14.755186721991702,14.62655601659751,13884545.652627015,241,360,10245.0,8.0,0.009981429897864439,0.25880102271263067,3.5833333333333335,0.1384199843117685,0.12474421162830084
qt__qtbase__2020-06-13_17-39-48,C++,1413990215.0,1439391815.0,510.9054054054054,219.3783783783784,16445.166666666668,1731.900900900901,52.027027027027025,16.11261261261261,15.256756756756756,13544884.875268225,222,376,11942.0,7.0,0.010113475177304964,0.2654626362004498,3.7925531914893615,0.12597107589677925,0.15089227817282333
qt__qtbase__2020-06-13_17-39-48,C++,1439391815.0,1464793415.0,420.2544642857143,181.57142857142858,13894.91517857143,1443.236607142857,42.267857142857146,11.96875,12.933035714285714,10646930.51358043,224,406,12259.0,7.0,0.00835613939062215,0.2710803098744059,3.3842364532019706,0.12904909374446694,0.15401696133116727
qt__qtbase__2020-06-13_17-39-48,C++,1464793415.0,1490195015.0,478.47222222222223,190.49444444444444,14994.272222222222,1439.111111111111,41.166666666666664,11.9,14.105555555555556,12926278.32812089,180,361,12584.0,6.0,0.010957217605417052,0.3401981158568744,3.9445983379501386,0.0786063069334777,0.16824232858382093
qt__qtbase__2020-06-13_17-39-48,C++,1490195015.0,1515596615.0,506.30857142857144,213.12,16873.82857142857,1673.0742857142857,58.44571428571429,14.154285714285715,13.262857142857143,12923977.169295698,175,341,13860.0,6.0,0.010729687769535966,0.3187918513240488,3.6480938416422286,0.06862159330292161,0.1702420851757947
qt__qtbase__2020-06-13_17-39-48,C++,1515596615.0,1540998215.0,413.5925925925926,165.6984126984127,13653.05291005291,1280.1798941798943,39.17460317460318,9.814814814814815,11.677248677248677,11094504.840650663,189,366,10753.0,6.0,0.00863088554532525,0.22456341376558733,3.150273224043716,0.061783046640489614,0.1600406277984135
qt__qtbase__2020-06-13_17-39-48,C++,1540998215.0,1566399815.0,526.7374301675977,240.44692737430168,16702.63687150838,1807.6648044692738,49.78212290502793,15.17877094972067,14.547486033519553,12406990.544067271,179,380,14939.0,6.0,0.009894459102902375,0.32094404218086053,3.75,0.08237445426238743,0.18080449219155925
qt__qtbase__2020-06-13_17-39-48,C++,1566399815.0,1591801415.0,778.3375,302.05,23685.26875,2409.44375,67.325,21.66875,17.6,25250155.11889942,160,404,21771.0,6.0,0.010005405007001941,0.3529549202935034,4.032178217821782,0.11766998660019501,0.21972278736547807
rabbitmq__rabbitmq-website__2020-06-13_10-06-34,JavaScript,1439192375.0,1464593975.0,464.8333333333333,369.1666666666667,13917.5,1085.5,7.666666666666667,4.0,6.166666666666667,65230.746230224,6,6,114.0,2.0,0.2,0.27777777777777773,1.0,0.11671115644025154,0.08644061724459975
rabbitmq__rabbitmq-website__2020-06-13_10-06-34,JavaScript,1464593975.0,1489995575.0,188.0,156.57142857142858,5636.714285714285,1324.142857142857,1.0,1.0,4.714285714285714,644041.3329232073,7,9,54.0,3.0,0.08333333333333333,0.0,0.6666666666666666,1.999999998503199e-06,0.1973234202858964
rabbitmq__rabbitmq-website__2020-06-13_10-06-34,JavaScript,1489995575.0,1515397175.0,328.14285714285717,113.57142857142857,5581.357142857143,933.2857142857143,4.5,3.142857142857143,4.5,928251.5629008893,14,18,2191.0,2.0,0.06535947712418301,0.20655270655270655,1.1111111111111112,0.11114013381411891,0.45805868785583254
rabbitmq__rabbitmq-website__2020-06-13_10-06-34,JavaScript,1515397175.0,1540798775.0,318.5,128.1,10834.2,2741.9,7.0,4.3,9.1,669134.0326419474,10,13,487.0,2.0,0.10256410256410257,0.2094017094017094,1.2307692307692308,0.05816517663018039,0.38510857997474046
rabbitmq__rabbitmq-website__2020-06-13_10-06-34,JavaScript,1540798775.0,1566200375.0,66.5909090909091,69.22727272727273,1885.0,456.59090909090907,1.2272727272727273,0.9545454545454546,3.1818181818181817,275265.0359174689,22,30,284.0,4.0,0.047126436781609195,0.18618736383442264,1.3666666666666667,0.05911743215617671,0.5780859527197028
rabbitmq__rabbitmq-website__2020-06-13_10-06-34,JavaScript,1566200375.0,1591601975.0,46.266666666666666,18.866666666666667,1429.5333333333333,181.46666666666667,0.8666666666666667,0.8666666666666667,3.533333333333333,239086.07548536462,15,17,143.0,4.0,0.08455882352941177,0.2841354723707665,1.3529411764705883,0.020433603709366865,0.5515409036802987
rails__rails__2020-06-13_10-52-43,Ruby,1107308556.0,1132710156.0,3046.5833333333335,1542.3333333333333,98712.58333333333,9562.333333333334,348.25,187.5,137.25,17505789.067972057,12,12,2475.0,3.0,0.3484848484848485,0.7746873496873498,3.8333333333333335,0.3098044489008567,0.09459028412961248
rails__rails__2020-06-13_10-52-43,Ruby,1132710156.0,1158111756.0,2210.230769230769,1051.076923076923,70987.23076923077,6332.307692307692,230.46153846153845,128.69230769230768,93.07692307692308,15912859.968517277,13,14,3947.0,2.0,0.47802197802197804,0.864598100312386,6.214285714285714,0.4061023998144979,0.13088952559360673
rails__rails__2020-06-13_10-52-43,Ruby,1158111756.0,1183513356.0,2067.75,1012.5,66429.08333333333,6047.166666666667,208.16666666666666,125.16666666666667,82.41666666666667,20097284.331238944,12,14,3706.0,3.0,0.3626373626373626,0.7866367759224903,4.714285714285714,0.1994605509674523,0.11034006233575974
rails__rails__2020-06-13_10-52-43,Ruby,1183513356.0,1208914956.0,1232.96875,598.625,37772.0625,3619.03125,125.25,78.0,44.25,14426620.14969071,32,36,5749.0,4.0,0.0873015873015873,0.5280012394821476,3.0555555555555554,0.4233223136041314,0.1833219874437849
rails__rails__2020-06-13_10-52-43,Ruby,1208914956.0,1234316556.0,162.5638629283489,73.09968847352025,4949.009345794392,403.1059190031153,15.713395638629283,9.644859813084112,6.922118380062305,1221189.2830885833,321,329,10608.0,7.0,0.008710801393728223,0.42897553578407316,2.857142857142857,0.13797422297833284,0.19930507846520676
rails__rails__2020-06-13_10-52-43,Ruby,1234316556.0,1259718156.0,263.78846153846155,123.32692307692308,7654.092307692307,654.0076923076923,23.611538461538462,14.142307692307693,8.515384615384615,1675111.7396194164,260,355,11869.0,7.0,0.007280973979470041,0.3448864199933571,2.5774647887323945,0.21682399250745454,0.19063835406101115
rails__rails__2020-06-13_10-52-43,Ruby,1259718156.0,1285119756.0,292.0943396226415,139.67295597484278,8656.106918238993,767.3584905660377,29.147798742138363,16.80188679245283,12.581761006289309,1937136.2847389511,318,492,19558.0,6.0,0.0065818886294769265,0.36724174122447356,3.231707317073171,0.18334655328023464,0.287611233911662
rails__rails__2020-06-13_10-52-43,Ruby,1285119756.0,1310521356.0,178.936,88.34133333333334,5253.805333333334,487.4053333333333,18.074666666666666,10.877333333333333,10.056,1269907.450910053,375,611,14185.0,7.0,0.004588017493493601,0.34658569585586646,2.7986906710310966,0.07502484195808767,0.2909311999356526
rails__rails__2020-06-13_10-52-43,Ruby,1310521356.0,1335922956.0,121.71370143149284,61.67280163599182,3675.329243353783,343.0184049079755,12.063394683026585,7.179959100204499,6.49079754601227,1462137.8843692718,489,794,13847.0,8.0,0.003422579815196572,0.2726565205772272,2.7141057934508814,0.0580168332590123,0.302629714362059
rails__rails__2020-06-13_10-52-43,Ruby,1335922956.0,1361324556.0,131.46428571428572,56.92857142857143,3715.546218487395,313.66386554621846,10.338235294117647,6.739495798319328,6.32563025210084,1081789.8569944152,476,871,15942.0,7.0,0.003477308418121594,0.30182323731710126,3.0252583237657866,0.10221264178202638,0.2936961889747539
rails__rails__2020-06-13_10-52-43,Ruby,1361324556.0,1386726156.0,101.96846846846847,50.322072072072075,2983.4144144144143,282.6981981981982,9.326576576576576,6.038288288288288,6.542792792792793,994545.7416289108,444,808,11874.0,8.0,0.003329468634595801,0.21647149872582458,2.6868811881188117,0.09464631863645567,0.3337145072821241
rails__rails__2020-06-13_10-52-43,Ruby,1386726156.0,1412127756.0,137.27529411764706,69.44705882352942,3985.8517647058825,372.55058823529413,13.423529411764706,8.225882352941177,7.2447058823529416,1500366.544594556,425,858,14080.0,7.0,0.003102109869904502,0.22698568429215552,2.6585081585081585,0.10400832961456763,0.320962422296855
rails__rails__2020-06-13_10-52-43,Ruby,1412127756.0,1437529356.0,115.93679458239278,59.83295711060948,3393.4966139954854,319.83295711060947,10.968397291196387,6.711060948081264,5.821670428893905,835838.2000971877,443,922,13516.0,8.0,0.0029535000388618425,0.20362002603300464,2.720173535791757,0.10809786254759812,0.3656192041153202
rails__rails__2020-06-13_10-52-43,Ruby,1437529356.0,1462930956.0,114.14511873350924,55.1688654353562,3261.258575197889,287.4854881266491,10.804749340369392,6.649076517150395,6.627968337730871,795547.2740402126,379,847,10572.0,7.0,0.003078589152090119,0.208467640738725,2.604486422668241,0.11978764328312397,0.35764387576374135
rails__rails__2020-06-13_10-52-43,Ruby,1462930956.0,1488332556.0,156.72784810126583,53.65506329113924,3303.3544303797466,350.09493670886076,10.810126582278482,6.917721518987341,5.537974683544304,1719639.7747056638,316,1111,19565.0,6.0,0.00195992572230196,0.3006517230816668,2.1755175517551755,0.07802442516915953,0.2855419833352657
rails__rails__2020-06-13_10-52-43,Ruby,1488332556.0,1513734156.0,120.46006389776358,57.61661341853035,3454.354632587859,347.5271565495208,10.255591054313099,6.453674121405751,6.178913738019169,1439991.1798723687,313,734,8547.0,8.0,0.003100244971395222,0.17935364209321875,2.2724795640326976,0.04472830218933943,0.31243854108831104
rails__rails__2020-06-13_10-52-43,Ruby,1513734156.0,1539135756.0,105.90851735015772,52.08201892744479,3018.470031545741,324.9211356466877,9.173501577287066,5.867507886435331,4.9116719242902205,1187963.2284215782,317,730,7916.0,7.0,0.0030291072401676155,0.15317783241309765,2.208219178082192,0.07297713018712826,0.3076711459417719
rails__rails__2020-06-13_10-52-43,Ruby,1539135756.0,1564537356.0,109.35922330097087,59.93851132686084,3335.453074433657,343.0744336569579,10.43042071197411,6.116504854368932,5.3042071197411005,1068878.6439383142,309,671,7356.0,7.0,0.003323175478790845,0.19393661688341027,2.226527570789866,0.07401963777170761,0.262388285871628
rails__rails__2020-06-13_10-52-43,Ruby,1564537356.0,1589938956.0,117.51923076923077,58.89230769230769,3403.003846153846,349.8,10.215384615384615,5.680769230769231,5.376923076923077,1143497.1016067704,260,692,8117.0,7.0,0.0030909379888408354,0.16299455494577866,2.1358381502890174,0.05696555151321059,0.33488782113159987
randombit__botan__2020-06-11_01-56-01,C++,1362807414.0,1388209014.0,7035.0,3059.5,185340.0,23221.5,602.0,259.5,119.5,11970061.894905273,2,2,0.0,0.0,0.0,,0.0,,0.0
randombit__botan__2020-06-11_01-56-01,C++,1413610614.0,1439012214.0,1434.4615384615386,610.9230769230769,36948.230769230766,4767.846153846154,122.0,42.92307692307692,28.76923076923077,4847904.9291988965,13,14,1917.0,4.0,0.09890109890109891,0.3603174603174603,1.2857142857142858,0.010833428999461714,0.2984293873192626
randombit__botan__2020-06-11_01-56-01,C++,1439012214.0,1464413814.0,1240.388888888889,440.05555555555554,31624.222222222223,3228.5555555555557,79.0,31.38888888888889,20.11111111111111,3569017.0681672674,18,20,3823.0,3.0,0.1236842105263158,0.4989377289377289,2.35,0.10236141742805527,0.2385203062694036
randombit__botan__2020-06-11_01-56-01,C++,1464413814.0,1489815414.0,1172.8333333333333,499.0833333333333,35408.125,3840.9166666666665,107.66666666666667,43.125,28.5,4487779.387088097,24,33,1954.0,3.0,0.06439393939393939,0.4046206879540213,2.0606060606060606,0.13896708348103692,0.19204847825228297
randombit__botan__2020-06-11_01-56-01,C++,1489815414.0,1515217014.0,1353.3529411764705,569.7058823529412,40225.529411764706,4363.911764705882,115.82352941176471,52.411764705882355,32.0,11541276.00433112,34,54,4832.0,4.0,0.039832285115303984,0.40633217626606893,2.111111111111111,0.11353816209977685,0.1636570592110593
randombit__botan__2020-06-11_01-56-01,C++,1515217014.0,1540618614.0,1961.0,885.578947368421,56702.89473684211,6947.368421052632,177.57894736842104,66.89473684210526,44.89473684210526,7926127.465396801,19,45,1586.0,3.0,0.03232323232323232,0.22777777777777777,1.4222222222222223,0.02726377626868215,0.17487340766443832
randombit__botan__2020-06-11_01-56-01,C++,1540618614.0,1566020214.0,1253.695652173913,504.17391304347825,36028.69565217391,3616.3478260869565,93.1304347826087,33.73913043478261,27.695652173913043,6470931.964288158,23,41,1887.0,2.0,0.03597560975609756,0.22486848397895745,1.4390243902439024,0.06053794584854566,0.21150883361478656
randombit__botan__2020-06-11_01-56-01,C++,1566020214.0,1591421814.0,614.05,226.8,18190.45,1821.05,48.2,11.7,17.15,4167254.4550188617,20,36,635.0,3.0,0.03968253968253968,0.1716383871556285,1.3888888888888888,0.03912036027377741,0.2526815291896396
Ray-Tracing-Systems__HydraCore__2020-06-12_19-23-03,C++,1539364980.0,1564766580.0,1994.0,811.6666666666666,68526.33333333333,7995.0,176.66666666666666,23.666666666666668,63.0,18357961.93990496,3,4,106.0,2.0,0.3333333333333333,0.0,1.0,2.0000000000575113e-06,0.22277886389993737
Ray-Tracing-Systems__HydraCore__2020-06-12_19-23-03,C++,1564766580.0,1590168180.0,2264.5,978.5,76444.0,11620.5,160.0,69.0,63.0,119165868.77254449,2,3,184.0,2.0,0.5,0.0,1.0,1.999999999946489e-06,0.09089262631571472
ReactiveX__RxJavaFX__2020-06-11_00-34-15,Java,1444278250.0,1469679850.0,1323.0,763.6666666666666,45889.0,6024.333333333333,110.0,61.0,34.666666666666664,2379256.5210596784,3,4,11.0,2.0,0.25,0.0,0.75,1.999999999946489e-06,0.3341296384774646
ReactiveX__RxJavaFX__2020-06-11_00-34-15,Java,1469679850.0,1495081450.0,1111.5,411.5,34067.0,2979.5,56.5,36.0,26.5,1201257.6647331845,2,2,25.0,1.0,1.0,,1.0,2.0000000000575113e-06,0.09182686722204378
ReactiveX__RxJavaFX__2020-06-11_00-34-15,Java,1495081450.0,1520483050.0,51.5,27.5,1608.0,216.75,2.75,2.0,4.75,59517.31831271807,4,4,2.0,1.0,0.16666666666666666,0.0,0.5,1.999999999946489e-06,0.5
ReactiveX__RxJavaFX__2020-06-11_00-34-15,Java,1545884650.0,1571286250.0,14.0,8.666666666666666,318.3333333333333,36.0,1.3333333333333333,0.6666666666666666,2.0,27587.880747733812,3,4,15.0,1.0,0.25,0.0,0.75,1.9999999997244444e-06,0.4243827160493827
reactjs__es.reactjs.org__2020-06-13_12-14-58,JavaScript,1379481049.0,1404882649.0,37.25925925925926,19.85185185185185,1133.851851851852,180.59259259259258,1.7407407407407407,1.2962962962962963,3.6296296296296298,30599.763679054387,27,29,132.0,4.0,0.03940886699507389,0.13804050355774494,1.103448275862069,0.28035120659395574,0.2546819171563652
reactjs__es.reactjs.org__2020-06-13_12-14-58,JavaScript,1404882649.0,1430284249.0,69.34939759036145,43.602409638554214,2080.4578313253014,402.4578313253012,2.6144578313253013,1.7108433734939759,2.036144578313253,36246.68032776571,83,94,412.0,4.0,0.011782200869366278,0.1644081707879596,1.0957446808510638,0.0271801017363974,0.4635450937307571
reactjs__es.reactjs.org__2020-06-13_12-14-58,JavaScript,1430284249.0,1455685849.0,64.33333333333333,34.57692307692308,1957.6538461538462,298.1923076923077,2.3205128205128207,1.6923076923076923,2.0256410256410255,23842.61936954985,78,112,701.0,7.0,0.011019948519948522,0.11415107709750567,1.2232142857142858,0.016988095890419497,0.4016722616427596
reactjs__es.reactjs.org__2020-06-13_12-14-58,JavaScript,1455685849.0,1481087449.0,39.93939393939394,16.333333333333332,1019.10101010101,121.43434343434343,1.3737373737373737,0.898989898989899,1.4141414141414141,47879.74499407202,99,133,384.0,6.0,0.006151742993848256,0.08535274985960523,0.8120300751879699,0.07612391393798412,0.24779878668469177
reactjs__es.reactjs.org__2020-06-13_12-14-58,JavaScript,1481087449.0,1506489049.0,23.12621359223301,14.883495145631068,857.6601941747573,116.97087378640776,0.7766990291262136,0.5533980582524272,1.3689320388349515,14988.580876237269,103,117,169.0,7.0,0.004936634246979074,0.0738494195015934,0.5726495726495726,0.09327254254671824,0.22062703403934258
reactjs__es.reactjs.org__2020-06-13_12-14-58,JavaScript,1506489049.0,1531890649.0,82.86666666666666,46.515151515151516,2598.460606060606,324.45454545454544,5.0,3.9393939393939394,3.775757575757576,21233.62869914439,165,204,1429.0,6.0,0.0053607649956534335,0.14670794497094583,1.088235294117647,0.017501276883684524,0.33539189259954344
reactjs__es.reactjs.org__2020-06-13_12-14-58,JavaScript,1531890649.0,1557292249.0,73.85483870967742,39.28225806451613,3714.5080645161293,702.3629032258065,5.580645161290323,3.9838709677419355,4.887096774193548,25919.36396828233,124,256,2587.0,5.0,0.007460171568627451,0.20009458372757502,1.90234375,0.0822530454620849,0.4798535678077257
reactjs__es.reactjs.org__2020-06-13_12-14-58,JavaScript,1557292249.0,1582693849.0,15.084507042253522,19.922535211267604,899.112676056338,351.6267605633803,1.204225352112676,0.7746478873239436,1.7746478873239437,7955.307668355976,142,194,675.0,4.0,0.006757117675337856,0.19442436398198298,1.3041237113402062,0.07459409207186607,0.47961840019896346
RedHatOfficial__miq-Utilities__2020-06-11_01-55-38,Ruby,1501211778.0,1526613378.0,1303.8,692.8,50342.8,5473.4,132.6,35.2,17.8,1567490.8659041778,5,5,120.0,2.0,0.25,0.4666666666666666,1.0,0.011231119483940732,0.030076074192675897
RedHatOfficial__miq-Utilities__2020-06-11_01-55-38,Ruby,1526613378.0,1552014978.0,712.1666666666666,255.83333333333334,28574.333333333332,1911.8333333333333,75.66666666666667,17.5,7.0,713992.1536135576,6,7,431.0,3.0,0.2857142857142857,0.5142857142857143,1.7142857142857142,0.0213227588853504,0.30962727932255285
RedHatOfficial__miq-Utilities__2020-06-11_01-55-38,Ruby,1552014978.0,1577416578.0,970.5,256.0,44674.0,1963.5,76.5,19.5,3.0,1158857.708024579,2,5,648.0,2.0,0.3,0.4333333333333333,1.2,0.06056429523845508,0.319621530320922
riboseinc__rnp__2020-06-13_21-39-18,C++,1490287199.0,1515688799.0,4729.666666666667,2357.25,125058.08333333333,14915.5,505.75,99.08333333333333,62.25,48256344.20006307,12,13,6385.0,4.0,0.4166666666666667,0.8580586080586081,5.0,0.37802995245195825,0.2052026891529242
riboseinc__rnp__2020-06-13_21-39-18,C++,1515688799.0,1541090399.0,9716.75,5100.75,290130.75,34608.25,1009.0,176.0,108.25,161770838.37226954,4,10,5600.0,2.0,0.2888888888888889,0.6496031746031746,2.6,0.1801305221812417,0.13785771841783334
riboseinc__rnp__2020-06-13_21-39-18,C++,1541090399.0,1566491999.0,5308.333333333333,3259.3333333333335,167265.33333333334,21734.666666666668,605.3333333333334,118.0,69.0,234573458.89448023,3,11,1218.0,3.0,0.16363636363636364,0.4606060606060606,1.6363636363636365,0.038266583783968855,0.12624316373757347
riboseinc__rnp__2020-06-13_21-39-18,C++,1566491999.0,1591893599.0,2758.8571428571427,1410.857142857143,86541.71428571429,9629.285714285714,249.57142857142858,46.42857142857143,47.42857142857143,68174068.96068843,7,12,1934.0,3.0,0.23484848484848486,0.6634199134199134,2.5833333333333335,0.27161422438515537,0.19464072732844603
rubberduck-vba__Rubberduck__2020-06-11_07-00-07,C#,1427959733.0,1453361333.0,12726.5,5929.2,375454.1,40956.4,724.8,298.6,116.4,99690792.7316679,10,10,18376.0,2.0,0.3222222222222222,0.6583333333333334,2.9,0.1299556218048955,0.3161687857702148
rubberduck-vba__Rubberduck__2020-06-11_07-00-07,C#,1453361333.0,1478762933.0,17342.75,6833.916666666667,499324.1666666667,46721.333333333336,852.4166666666666,339.0833333333333,132.33333333333334,234313980.96503556,12,15,28021.0,3.0,0.28095238095238095,0.7750793650793651,3.933333333333333,0.42190863650446897,0.399103651564079
rubberduck-vba__Rubberduck__2020-06-11_07-00-07,C#,1478762933.0,1504164533.0,9806.923076923076,4815.615384615385,322320.53846153844,30489.69230769231,582.0769230769231,259.53846153846155,86.53846153846153,116482511.28331873,13,21,15929.0,3.0,0.18571428571428572,0.5112899005756149,3.7142857142857144,0.4617725020185559,0.21219015918577694
rubberduck-vba__Rubberduck__2020-06-11_07-00-07,C#,1504164533.0,1529566133.0,6085.888888888889,3252.6666666666665,213414.11111111112,18336.444444444445,342.3888888888889,166.94444444444446,66.0,56468248.86674955,18,23,18834.0,4.0,0.29446640316205536,0.768894149328932,6.478260869565218,0.45894538845208466,0.23416947388538828
rubberduck-vba__Rubberduck__2020-06-11_07-00-07,C#,1529566133.0,1554967733.0,5538.545454545455,3239.681818181818,202646.86363636365,18902.954545454544,380.3636363636364,175.36363636363637,56.45454545454545,30431994.12930173,22,29,16852.0,4.0,0.17610837438423646,0.6500252040286203,4.931034482758621,0.36910239808000533,0.20394793765241903
rubberduck-vba__Rubberduck__2020-06-11_07-00-07,C#,1554967733.0,1580369333.0,8275.583333333334,4283.333333333333,311721.4166666667,23713.916666666668,409.25,219.41666666666666,70.0,39753096.648126535,12,24,12618.0,3.0,0.16847826086956522,0.5121528934028934,3.875,0.3552462134501505,0.25098314044151626
ruby__spec__2020-06-13_23-54-42,Ruby,1210614576.0,1236016176.0,685.2857142857143,468.3392857142857,18906.410714285714,2775.839285714286,75.76785714285714,68.26785714285714,22.035714285714285,986737.7639090561,56,56,2105.0,5.0,0.041883116883116876,0.4086586596361033,2.3035714285714284,0.32942590690747187,0.08605995638969051
ruby__spec__2020-06-13_23-54-42,Ruby,1236016176.0,1261417776.0,735.78,484.0,20973.26,3004.64,82.74,76.78,28.52,1111110.1072241687,50,70,3485.0,4.0,0.0391304347826087,0.39951739709956197,2.7,0.12919528991694307,0.1850761558622248
ruby__spec__2020-06-13_23-54-42,Ruby,1261417776.0,1286819376.0,392.03921568627453,232.64705882352942,10523.235294117647,1355.8431372549019,41.490196078431374,36.07843137254902,15.627450980392156,532461.3135057616,51,81,3360.0,5.0,0.03194444444444444,0.3699628422962289,2.5555555555555554,0.33347530635511413,0.10889773293221831
ruby__spec__2020-06-13_23-54-42,Ruby,1286819376.0,1312220976.0,239.52272727272728,148.02272727272728,6651.795454545455,865.25,26.818181818181817,24.272727272727273,8.75,488183.49324529024,44,72,1925.0,3.0,0.02112676056338028,0.18562144892341076,1.5,0.22746414518796643,0.12833566193827356
ruby__spec__2020-06-13_23-54-42,Ruby,1312220976.0,1337622576.0,247.890243902439,150.52439024390245,6914.085365853659,881.7439024390244,29.390243902439025,26.902439024390244,9.512195121951219,328017.98412746505,82,114,3632.0,4.0,0.015836050302748022,0.24016558704564295,1.7894736842105263,0.288278456611451,0.13309988197240147
ruby__spec__2020-06-13_23-54-42,Ruby,1337622576.0,1363024176.0,217.6,134.6,5852.166666666667,707.3,24.8,22.333333333333332,7.5,364459.7818870574,60,92,1736.0,5.0,0.016244624940277112,0.17660899847600614,1.4782608695652173,0.1973432906106004,0.09868302257823969
ruby__spec__2020-06-13_23-54-42,Ruby,1363024176.0,1388425776.0,203.67164179104478,135.08955223880596,5648.9701492537315,772.5074626865671,24.671641791044777,21.47761194029851,10.08955223880597,325165.49328537605,67,116,1790.0,5.0,0.011694152923538231,0.1653440859212973,1.3448275862068966,0.1781796550433633,0.19445246797826135
ruby__spec__2020-06-13_23-54-42,Ruby,1388425776.0,1413827376.0,247.2941176470588,122.6470588235294,6296.588235294118,673.2352941176471,19.91176470588235,18.147058823529413,7.176470588235294,413417.9107091082,34,72,3154.0,4.0,0.017018779342723004,0.2283892290599044,1.2083333333333333,0.03933200804541481,0.1293208312229718
ruby__spec__2020-06-13_23-54-42,Ruby,1413827376.0,1439228976.0,323.2888888888889,162.6,7885.644444444444,927.3777777777777,27.533333333333335,23.466666666666665,13.88888888888889,498670.2290073122,45,98,3781.0,5.0,0.01914580265095729,0.28998818348982297,1.8571428571428572,0.13997981939457582,0.13901246016517282
ruby__spec__2020-06-13_23-54-42,Ruby,1439228976.0,1464630576.0,249.84782608695653,130.7391304347826,6378.260869565217,665.4130434782609,22.0,18.67391304347826,12.41304347826087,316525.3359715547,46,101,3030.0,4.0,0.016336633663366337,0.28567241966249474,1.6336633663366336,0.11961902051969808,0.10279102551389295
ruby__spec__2020-06-13_23-54-42,Ruby,1464630576.0,1490032176.0,210.86486486486487,122.43243243243244,5426.621621621622,705.5675675675676,19.89189189189189,15.783783783783784,12.81081081081081,405385.3483924467,37,84,1307.0,5.0,0.021227768215720023,0.29002017221488313,1.7619047619047619,0.007693901703022754,0.12183520503457872
ruby__spec__2020-06-13_23-54-42,Ruby,1490032176.0,1515433776.0,245.3,145.04285714285714,6265.5142857142855,803.2428571428571,23.37142857142857,18.785714285714285,11.4,362063.697538952,70,137,2359.0,4.0,0.013417775869471876,0.24791868645610668,1.8248175182481752,0.05706752523918113,0.14288016963589312
ruby__spec__2020-06-13_23-54-42,Ruby,1515433776.0,1540835376.0,230.47826086956522,127.1086956521739,6316.760869565217,688.2608695652174,19.32608695652174,16.282608695652176,11.347826086956522,412402.8545428571,46,97,1817.0,5.0,0.019974226804123713,0.24275642848880327,1.9175257731958764,0.18698314246903658,0.2039425390290052
ruby__spec__2020-06-13_23-54-42,Ruby,1540835376.0,1566236976.0,225.6140350877193,126.98245614035088,6266.298245614035,754.0175438596491,19.666666666666668,17.649122807017545,10.87719298245614,420829.4660643063,57,115,2585.0,5.0,0.017009916094584285,0.2759050160317228,1.9391304347826086,0.1037236837329869,0.2072958215469917
ruby__spec__2020-06-13_23-54-42,Ruby,1566236976.0,1591638576.0,270.7391304347826,159.2391304347826,7050.391304347826,1014.3913043478261,27.152173913043477,22.652173913043477,13.978260869565217,737535.923017299,46,100,2198.0,5.0,0.01818181818181818,0.2608994934277192,1.8,0.2330410878698277,0.17162000935332278
rust-lang__rust__2020-06-14_10-03-01,Rust,1301695183.0,1327096783.0,6773.714285714285,2684.1428571428573,163419.08571428573,20800.485714285714,617.8285714285714,221.02857142857144,130.28571428571428,236267164.82699138,35,44,42142.0,4.0,0.19873150105708245,0.7556829827965136,8.545454545454545,0.5598504668512436,0.14211698420587254
rust-lang__rust__2020-06-14_10-03-01,Rust,1327096783.0,1352498383.0,4297.633802816901,1775.3661971830986,99489.43661971831,13593.014084507042,312.2535211267606,148.7887323943662,68.40845070422536,780011157.2760528,71,88,61835.0,4.0,0.09352142110762801,0.7039978999766003,8.136363636363637,0.48703170935374196,0.22574319949059665
rust-lang__rust__2020-06-14_10-03-01,Rust,1352498383.0,1377899983.0,2256.3374233128834,895.4171779141104,53601.38036809816,7582.085889570552,213.25766871165644,114.46625766871166,32.1840490797546,44019856.67579304,163,197,95946.0,4.0,0.06018854242204496,0.7033746910758137,11.796954314720812,0.3830338462714391,0.30813528831448717
rust-lang__rust__2020-06-14_10-03-01,Rust,1377899983.0,1403301583.0,1152.875,452.55743243243245,27796.58108108108,4054.1182432432433,96.65878378378379,49.141891891891895,15.672297297297296,19963508.397369377,296,392,99650.0,5.0,0.02465551437966491,0.6044547875267763,9.64030612244898,0.13383689046837643,0.30753255236777693
rust-lang__rust__2020-06-14_10-03-01,Rust,1403301583.0,1428703183.0,802.2736842105263,357.5810526315789,21060.423157894737,3111.88,77.78947368421052,36.90736842105263,12.957894736842105,14236320.228865847,475,651,89893.0,5.0,0.012421127259836937,0.5594524752189669,8.073732718894009,0.2469018595101823,0.34266539484450065
rust-lang__rust__2020-06-14_10-03-01,Rust,1428703183.0,1454104783.0,478.7531380753138,238.94769874476987,14566.518828451883,2035.520920502092,47.57531380753138,20.242677824267783,9.673640167364017,6675223.724441834,478,682,42125.0,7.0,0.007723246390292007,0.35329152427229216,5.2595307917888565,0.05173785650677387,0.281845440321173
rust-lang__rust__2020-06-14_10-03-01,Rust,1454104783.0,1479506383.0,633.281007751938,308.31201550387595,19772.25,2757.7713178294575,70.82170542635659,27.18798449612403,12.170542635658915,7809076.802432258,516,796,63318.0,8.0,0.006346196390758826,0.40015529835569386,5.045226130653266,0.05367909011262839,0.2693652890544426
rust-lang__rust__2020-06-14_10-03-01,Rust,1479506383.0,1504907983.0,593.8029350104822,305.1341719077568,18828.4821802935,2698.278825995807,68.60587002096436,25.91194968553459,12.358490566037736,8297749.1213882,477,831,52519.0,7.0,0.005810969509808186,0.35074266216177497,4.823104693140794,0.061395987607126945,0.2746905685761375
rust-lang__rust__2020-06-14_10-03-01,Rust,1504907983.0,1530309583.0,613.051376146789,293.04036697247705,19268.28623853211,2317.1082568807337,55.43853211009174,20.256880733944953,13.458715596330276,8443452.342687562,545,937,60780.0,7.0,0.005819628018133888,0.34973086670986026,5.447171824973319,0.07125051041405894,0.252128043093975
rust-lang__rust__2020-06-14_10-03-01,Rust,1530309583.0,1555711183.0,660.9475587703436,350.5858951175407,19623.083182640145,3192.1392405063293,91.45569620253164,33.67088607594937,15.285714285714286,8455081.241844196,553,1081,82712.0,7.0,0.005797957994997773,0.4340376456049914,6.261794634597595,0.015788179459786278,0.2820828874779395
rust-lang__rust__2020-06-14_10-03-01,Rust,1555711183.0,1581112783.0,698.9219858156029,362.6808510638298,20945.375886524824,3504.0567375886526,112.8209219858156,34.12943262411348,16.416666666666668,9943162.41374605,564,1207,93766.0,7.0,0.004716819107994961,0.388624752188756,5.688483844241922,0.08307779908160573,0.2849561060464865
scalacenter__scalafix__2020-06-10_11-29-24,Scala,1485851597.0,1511253197.0,1118.388888888889,575.5555555555555,33127.11111111111,3934.0555555555557,102.72222222222223,44.611111111111114,20.666666666666668,1160158.4046149722,18,18,549.0,3.0,0.08823529411764706,0.3363858363858364,1.5,0.04721557531295972,0.15204661414431747
scalacenter__scalafix__2020-06-10_11-29-24,Scala,1511253197.0,1536654797.0,1517.4375,817.75,42614.9375,5491.6875,133.6875,54.375,26.375,2961255.43930438,16,25,1933.0,4.0,0.09000000000000001,0.596550927333536,2.16,0.172959523191477,0.29164503981079515
scalacenter__scalafix__2020-06-10_11-29-24,Scala,1536654797.0,1562056397.0,413.2857142857143,212.14285714285714,10901.857142857143,1147.857142857143,36.42857142857143,11.857142857142858,8.714285714285714,498018.500253771,7,12,305.0,3.0,0.1590909090909091,0.4113756613756614,1.75,0.2579478552589717,0.13378592032463357
scalacenter__scalafix__2020-06-10_11-29-24,Scala,1562056397.0,1587457997.0,230.66666666666666,127.91666666666667,6695.333333333333,813.8333333333334,26.75,8.583333333333334,6.166666666666667,370897.69974337256,12,17,107.0,3.0,0.06985294117647059,0.1182934712346477,1.1176470588235294,0.028442772631066093,0.2855477865200468
scikit-learn__scikit-learn__2020-06-11_01-38-33,Python,1285173039.0,1310574639.0,2213.6041666666665,648.0625,57301.333333333336,4985.3125,101.125,30.625,37.3125,21091607.237391718,48,50,14939.0,4.0,0.09755102040816327,0.5744960890031231,4.78,0.0162596508199766,0.2688126675199125
scikit-learn__scikit-learn__2020-06-11_01-38-33,Python,1310574639.0,1335976239.0,2697.1451612903224,628.483870967742,69676.79032258065,4634.0161290322585,91.40322580645162,24.56451612903226,45.53225806451613,30160064.42410666,62,79,24492.0,4.0,0.08779617007465108,0.7156276211521173,6.848101265822785,0.3647038793203402,0.263682033153991
scikit-learn__scikit-learn__2020-06-11_01-38-33,Python,1335976239.0,1361377839.0,1552.8117647058823,362.2,35414.14117647059,2871.1882352941175,85.24705882352941,14.929411764705883,26.88235294117647,42087446.47457036,85,116,26545.0,5.0,0.04452773613193403,0.6167856146825296,5.120689655172414,0.04664772658650085,0.3047337330433771
scikit-learn__scikit-learn__2020-06-11_01-38-33,Python,1361377839.0,1386779439.0,1903.9574468085107,302.82978723404256,32762.63829787234,2428.1382978723404,45.148936170212764,12.797872340425531,20.840425531914892,42729235.063443996,94,157,21584.0,5.0,0.03286787522456312,0.5335528169146918,5.127388535031847,0.20331610947526135,0.39098884240446863
scikit-learn__scikit-learn__2020-06-11_01-38-33,Python,1386779439.0,1412181039.0,1043.5373134328358,147.71641791044777,17388.694029850747,1172.7910447761194,25.761194029850746,7.373134328358209,10.007462686567164,13071800.537907965,134,219,19727.0,6.0,0.01631686984206778,0.3707489390568436,3.557077625570776,0.08608332436826494,0.4129344472289148
scikit-learn__scikit-learn__2020-06-11_01-38-33,Python,1412181039.0,1437582639.0,406.8333333333333,116.82051282051282,10612.128205128205,873.5320512820513,15.237179487179487,5.378205128205129,7.269230769230769,4030350.6117564836,156,276,13172.0,5.0,0.011225296442687747,0.41210824328278856,3.0869565217391304,0.04255192402436203,0.34483705649504315
scikit-learn__scikit-learn__2020-06-11_01-38-33,Python,1437582639.0,1462984239.0,234.3435582822086,60.60122699386503,5679.699386503067,405.1226993865031,8.607361963190185,2.8282208588957056,4.588957055214724,2249713.0087142712,163,295,5235.0,7.0,0.00930473884469042,0.23433736676762257,2.7355932203389832,0.053310071176772444,0.39986836547205
scikit-learn__scikit-learn__2020-06-11_01-38-33,Python,1462984239.0,1488385839.0,112.46231155778895,48.266331658291456,3786.929648241206,362.56281407035175,7.1457286432160805,2.507537688442211,2.708542713567839,828976.4865069081,199,363,4637.0,7.0,0.006856612331248193,0.22269089577717444,2.482093663911846,0.12701582452438154,0.39736777943843005
scikit-learn__scikit-learn__2020-06-11_01-38-33,Python,1488385839.0,1513787439.0,113.22641509433963,53.25471698113208,3916.3349056603774,427.25471698113205,6.231132075471698,2.19811320754717,2.6367924528301887,1017814.1825194372,212,423,6443.0,7.0,0.005887757274265291,0.18810151628235872,2.4846335697399526,0.06653955907530862,0.40506170160650273
scikit-learn__scikit-learn__2020-06-11_01-38-33,Python,1513787439.0,1539189039.0,161.57142857142858,75.63333333333334,5651.1,493.3666666666667,8.60952380952381,3.052380952380952,2.8523809523809525,1563321.6100722728,210,484,9365.0,6.0,0.005248703865304656,0.1958110382421362,2.5351239669421486,0.015185174956628078,0.38770534385636796
scikit-learn__scikit-learn__2020-06-11_01-38-33,Python,1539189039.0,1564590639.0,187.93305439330544,78.54811715481172,6457.794979079498,610.8577405857741,9.694560669456067,3.690376569037657,2.98326359832636,1946614.2944150614,239,629,15069.0,6.0,0.004668212611262442,0.2906220595504032,2.931637519872814,0.06633084177231352,0.370841263144166
scikit-learn__scikit-learn__2020-06-11_01-38-33,Python,1564590639.0,1589992239.0,173.58653846153845,71.8301282051282,5733.576923076923,482.83012820512823,8.887820512820513,3.7596153846153846,3.0064102564102564,1557345.2222179133,312,785,17089.0,7.0,0.0036900428961393473,0.28404180883360297,2.8929936305732484,0.0858349974323861,0.4178161907168513
sebastianbergmann__phpunit__2020-06-14_03-38-39,PHP,1160265621.0,1185667221.0,6006.5,2314.0,157232.5,11144.5,365.0,131.0,159.0,16542610.04113419,2,2,2.0,1.0,0.5,,0.5,2.0000000000575113e-06,8.685833405715279e-05
sebastianbergmann__phpunit__2020-06-14_03-38-39,PHP,1185667221.0,1211068821.0,13371.0,4557.5,349944.5,26065.5,733.5,315.5,296.5,43854221.82124142,2,2,1010.0,1.0,1.0,,1.0,2.0000000000575113e-06,0.05731582283495761
sebastianbergmann__phpunit__2020-06-14_03-38-39,PHP,1211068821.0,1236470421.0,11959.5,4106.0,327342.5,22802.5,984.5,497.0,216.5,33766435.63935949,2,2,122.0,1.0,1.0,,1.0,2.0000000000575113e-06,0.011118200111526727
sebastianbergmann__phpunit__2020-06-14_03-38-39,PHP,1236470421.0,1261872021.0,7163.0,2617.5,197446.0,15155.0,630.5,229.5,217.5,63185689.4407686,2,3,31.0,1.0,0.3333333333333333,0.0,0.6666666666666666,1.9999999992803552e-06,0.003638740476391957
sebastianbergmann__phpunit__2020-06-14_03-38-39,PHP,1261872021.0,1287273621.0,469.4782608695652,154.52173913043478,10303.521739130434,625.0869565217391,29.26086956521739,22.0,9.0,1442309.3550121188,23,25,448.0,2.0,0.04666666666666667,0.16046783625730995,1.12,0.012548067318064793,0.17498762124031947
sebastianbergmann__phpunit__2020-06-14_03-38-39,PHP,1287273621.0,1312675221.0,285.1923076923077,102.65384615384616,8523.923076923076,476.2692307692308,24.692307692307693,14.615384615384615,7.346153846153846,1984092.3559801334,26,31,664.0,3.0,0.03655913978494623,0.12923076923076923,1.096774193548387,0.0065571942182920395,0.31352469297528984
sebastianbergmann__phpunit__2020-06-14_03-38-39,PHP,1312675221.0,1338076821.0,184.5142857142857,68.57142857142857,4887.457142857143,327.1142857142857,13.571428571428571,7.542857142857143,7.0,1063366.662340743,35,48,910.0,3.0,0.030141843971631208,0.32202380952380955,1.4166666666666667,0.11928875215954482,0.2772698661520214
sebastianbergmann__phpunit__2020-06-14_03-38-39,PHP,1338076821.0,1363478421.0,178.67857142857142,73.35714285714286,4783.785714285715,362.89285714285717,14.607142857142858,6.25,7.428571428571429,1238616.1073066795,28,45,622.0,4.0,0.028282828282828285,0.18559008041766664,1.2444444444444445,0.08777197196511843,0.28998909039787385
sebastianbergmann__phpunit__2020-06-14_03-38-39,PHP,1363478421.0,1388880021.0,178.36,73.2,5252.28,351.24,12.32,8.12,5.16,2224673.228021973,25,39,361.0,4.0,0.022267206477732792,0.06696807466038236,0.8461538461538461,0.09683125424616978,0.21428283247467228
sebastianbergmann__phpunit__2020-06-14_03-38-39,PHP,1388880021.0,1414281621.0,257.1,87.475,6156.075,448.6,18.15,11.45,8.975,1451678.7742454305,40,82,1030.0,5.0,0.016862390846130684,0.2076106581128102,1.3658536585365855,0.1349587054705056,0.24462268463679113
sebastianbergmann__phpunit__2020-06-14_03-38-39,PHP,1414281621.0,1439683221.0,238.25,54.5625,4519.71875,238.15625,20.09375,13.59375,6.21875,1007090.0054817238,32,79,1361.0,4.0,0.01736449204803635,0.2415884984088271,1.3544303797468353,0.07488830810129565,0.4233521951872167
sebastianbergmann__phpunit__2020-06-14_03-38-39,PHP,1439683221.0,1465084821.0,205.46153846153845,102.64102564102564,4377.051282051282,546.0769230769231,22.46153846153846,13.0,7.743589743589744,726193.6205808735,39,71,841.0,3.0,0.017303822937625755,0.15266173311052755,1.2112676056338028,0.038059045307420214,0.2664041509955218
sebastianbergmann__phpunit__2020-06-14_03-38-39,PHP,1465084821.0,1490486421.0,268.90697674418607,89.53488372093024,5723.139534883721,492.95348837209303,12.674418604651162,7.023255813953488,10.581395348837209,1905987.6893003874,43,131,1688.0,4.0,0.010334703464474458,0.20639720243123771,1.3435114503816794,0.060009662171950806,0.24795059261233632
sebastianbergmann__phpunit__2020-06-14_03-38-39,PHP,1490486421.0,1515888021.0,285.38461538461536,116.48076923076923,6266.596153846154,563.0769230769231,48.57692307692308,28.884615384615383,8.01923076923077,2257424.7125695487,52,168,2880.0,4.0,0.008803820929569434,0.27408788807920825,1.4702380952380953,0.12674850806683136,0.34662675926887554
sebastianbergmann__phpunit__2020-06-14_03-38-39,PHP,1515888021.0,1541289621.0,347.7,152.375,8593.525,850.325,45.125,32.55,10.45,1576622.6560296046,40,127,2012.0,4.0,0.011811023622047244,0.22917688625269947,1.4881889763779528,0.06829341970537428,0.24305380570444793
sebastianbergmann__phpunit__2020-06-14_03-38-39,PHP,1541289621.0,1566691221.0,404.6470588235294,173.05882352941177,11254.735294117647,856.8823529411765,19.470588235294116,14.676470588235293,15.735294117647058,7010248.084497244,34,113,1336.0,4.0,0.010824905183312264,0.11877643433373108,1.2123893805309736,0.10605937547607758,0.19772136155206152
sebastianbergmann__phpunit__2020-06-14_03-38-39,PHP,1566691221.0,1592092821.0,270.780487804878,109.63414634146342,7464.341463414634,569.6829268292682,10.560975609756097,5.829268292682927,9.902439024390244,1716192.1893675115,41,99,1433.0,4.0,0.013914656771799629,0.14391500755137118,1.3636363636363635,0.0901938400721618,0.4193065420273881
sharkdp__bat__2020-06-13_17-39-48,Rust,1540383339.0,1565784939.0,75.16666666666667,37.94444444444444,2182.0,240.94444444444446,6.166666666666667,1.8333333333333333,4.722222222222222,191183.97175486837,18,23,275.0,4.0,0.06324110671936758,0.3653726708074534,1.391304347826087,0.05197019991751717,0.25222421268320155
sharkdp__bat__2020-06-13_17-39-48,Rust,1565784939.0,1591186539.0,375.05,209.1,10681.75,1184.7,27.2,11.4,12.05,1630396.0669487086,20,43,1138.0,4.0,0.04928017718715393,0.3072492107375828,2.0697674418604652,0.19510040611707313,0.2779641039351448
ShieldBattery__shieldbattery__2020-06-12_23-41-08,JavaScript,1387384834.0,1412786434.0,4085.0,2250.0,123740.5,16668.5,536.0,261.0,37.0,9316537.019874996,2,2,1035.0,1.0,1.0,,1.0,2.0000000000575113e-06,0.15407520680200396
ShieldBattery__shieldbattery__2020-06-12_23-41-08,JavaScript,1412786434.0,1438188034.0,2458.0,1111.0,86577.33333333333,7212.666666666667,215.66666666666666,115.0,23.0,73880095.89648244,3,3,912.0,1.0,1.0,1.0,2.0,0.013681105419416362,0.20641492265696088
ShieldBattery__shieldbattery__2020-06-12_23-41-08,JavaScript,1438188034.0,1463589634.0,4426.666666666667,2396.3333333333335,122908.66666666667,15204.333333333334,442.0,248.0,75.66666666666667,7933697.667623743,3,4,1271.0,2.0,0.5833333333333334,0.8333333333333333,1.75,0.02780503290216707,0.25543175728733536
ShieldBattery__shieldbattery__2020-06-12_23-41-08,JavaScript,1463589634.0,1488991234.0,5360.333333333333,3226.3333333333335,165907.0,21206.333333333332,675.3333333333334,342.0,65.0,10796151.98580656,3,4,2152.0,2.0,0.5833333333333334,0.5833333333333333,1.75,0.06467047730693964,0.21548469575423762
ShieldBattery__shieldbattery__2020-06-12_23-41-08,JavaScript,1488991234.0,1514392834.0,2560.25,1362.25,71249.0,7032.75,229.0,122.25,17.75,2258103.1283053076,4,5,2055.0,3.0,0.4,0.3333333333333333,1.6,0.05831250146216016,0.36261190507605223
ShieldBattery__shieldbattery__2020-06-12_23-41-08,JavaScript,1514392834.0,1539794434.0,609.5,404.5,18666.0,2587.0,68.0,35.5,11.0,1211732.9444524373,2,3,119.0,2.0,0.5,0.0,1.0,1.999999999946489e-06,0.10171690517270543
ShieldBattery__shieldbattery__2020-06-12_23-41-08,JavaScript,1539794434.0,1565196034.0,152.0,78.5,3796.5,267.0,8.0,5.0,4.5,22054.41718074776,2,3,41.0,1.0,0.5,1.0,1.0,0.1362512873155476,0.36354515050167224
ShieldBattery__shieldbattery__2020-06-12_23-41-08,JavaScript,1565196034.0,1590597634.0,2402.6666666666665,1066.6666666666667,72051.66666666667,6265.0,204.33333333333334,102.0,32.0,3721424.144500314,3,3,810.0,1.0,1.0,1.0,2.0,0.0585701580093092,0.13263182434584422
sigmavirus24__github3.py__2020-06-13_12-06-02,Python,1339553075.0,1364954675.0,1477.642857142857,667.1428571428571,44061.78571428572,5652.857142857143,159.21428571428572,111.71428571428571,43.0,19587969.399749555,14,14,416.0,3.0,0.10989010989010989,0.14393939393939395,1.4285714285714286,0.015565564031237322,0.2557027205404274
sigmavirus24__github3.py__2020-06-13_12-06-02,Python,1364954675.0,1390356275.0,423.625,193.0625,13172.0,1320.75,31.1875,20.375,18.75,4323995.910489761,16,17,1144.0,4.0,0.09926470588235294,0.4336898395721925,1.588235294117647,0.021011781279315467,0.26390880106624914
sigmavirus24__github3.py__2020-06-13_12-06-02,Python,1390356275.0,1415757875.0,672.15,316.55,21380.1,2335.9,49.85,37.5,29.8,6684954.925496574,20,35,1093.0,4.0,0.047058823529411764,0.3099601219798264,1.6,0.046305331113197123,0.4178523528443358
sigmavirus24__github3.py__2020-06-13_12-06-02,Python,1415757875.0,1441159475.0,76.45833333333333,35.416666666666664,2676.9166666666665,268.5416666666667,7.458333333333333,3.375,3.875,988174.9108373495,24,31,266.0,3.0,0.03118279569892473,0.10790938841429726,0.9354838709677419,0.01712115793024116,0.41380613141173195
sigmavirus24__github3.py__2020-06-13_12-06-02,Python,1441159475.0,1466561075.0,340.1818181818182,188.54545454545453,11215.772727272728,1343.8181818181818,28.136363636363637,24.454545454545453,9.090909090909092,4780578.759311364,22,38,1435.0,4.0,0.03769559032716927,0.21796186269870485,1.394736842105263,0.026685009189041264,0.15650306833585315
sigmavirus24__github3.py__2020-06-13_12-06-02,Python,1466561075.0,1491962675.0,118.84210526315789,58.78947368421053,3713.9473684210525,338.7368421052632,8.736842105263158,5.684210526315789,4.2105263157894735,1230448.4180607998,19,28,211.0,3.0,0.03571428571428571,0.0,0.9642857142857143,2.0000000005016005e-06,0.2289230134371077
sigmavirus24__github3.py__2020-06-13_12-06-02,Python,1491962675.0,1517364275.0,204.27272727272728,80.9090909090909,6010.636363636364,292.90909090909093,4.2727272727272725,3.4545454545454546,5.7272727272727275,1074000.866793709,11,36,432.0,3.0,0.031746031746031744,0.1269648480174796,1.1111111111111112,0.024505622819851247,0.26864441933373606
sigmavirus24__github3.py__2020-06-13_12-06-02,Python,1517364275.0,1542765875.0,387.8125,197.25,12225.4375,673.375,15.75,10.1875,7.1875,2753394.009963073,16,42,470.0,3.0,0.0313588850174216,0.20480525543550754,1.2857142857142858,0.07565657006077364,0.2819718308257515
sigmavirus24__github3.py__2020-06-13_12-06-02,Python,1542765875.0,1568167475.0,110.6923076923077,67.15384615384616,3329.230769230769,332.2307692307692,6.846153846153846,5.153846153846154,3.0,1179855.2573462913,13,17,206.0,1.0,0.04779411764705882,0.06750700280112044,0.7647058823529411,0.0051688863910529514,0.20153613020727093
sofa-framework__sofa__2020-06-13_15-35-15,C++,1142365637.0,1167767237.0,2243.5384615384614,1202.3076923076924,62557.846153846156,9212.846153846154,215.6153846153846,113.92307692307692,22.615384615384617,5394836.646485372,13,13,1679.0,3.0,0.22435897435897437,0.6785159285159286,2.6923076923076925,0.04218221633209018,0.09704295016960472
sofa-framework__sofa__2020-06-13_15-35-15,C++,1167767237.0,1193168837.0,3209.733333333333,1519.0666666666666,103280.86666666667,13259.866666666667,310.53333333333336,108.93333333333334,31.333333333333332,15907814.13649034,15,18,2017.0,4.0,0.18627450980392157,0.5496993746993747,3.1666666666666665,0.27859920274789374,0.12456990157823218
sofa-framework__sofa__2020-06-13_15-35-15,C++,1193168837.0,1218570437.0,3257.1153846153848,1559.7692307692307,103383.15384615384,13103.615384615385,307.96153846153845,123.5,34.53846153846154,15306677.976962915,26,27,8675.0,3.0,0.21367521367521367,0.6404387793276682,5.555555555555555,0.4032617921011913,0.125269264321669
sofa-framework__sofa__2020-06-13_15-35-15,C++,1218570437.0,1243972037.0,2507.296296296296,1161.6296296296296,82652.81481481482,9702.962962962964,224.22222222222223,83.37037037037037,33.666666666666664,14297609.676408136,27,34,5986.0,4.0,0.17290552584670232,0.6363646122277837,5.705882352941177,0.32694648860908637,0.18611962281233066
sofa-framework__sofa__2020-06-13_15-35-15,C++,1243972037.0,1269373637.0,2452.969696969697,1222.030303030303,81292.78787878787,9962.757575757576,239.63636363636363,84.18181818181819,32.57575757575758,9818003.858026445,33,44,6687.0,4.0,0.12526427061310783,0.5994667096023402,5.386363636363637,0.378882204955562,0.15209198380472946
sofa-framework__sofa__2020-06-13_15-35-15,C++,1269373637.0,1294775237.0,2361.5588235294117,1137.6176470588234,79669.4705882353,9298.323529411764,194.91176470588235,94.05882352941177,35.0,11867711.809118744,34,45,9361.0,4.0,0.13585858585858587,0.6548970298013022,5.977777777777778,0.09469666419110445,0.1168651610518158
sofa-framework__sofa__2020-06-13_15-35-15,C++,1294775237.0,1320176837.0,2219.8275862068967,1029.2413793103449,73864.75862068965,8521.586206896553,183.93103448275863,72.72413793103448,29.82758620689655,9435641.364641484,29,52,11214.0,4.0,0.11463046757164404,0.6029018505137375,5.846153846153846,0.3871459294763042,0.22056230998469473
sofa-framework__sofa__2020-06-13_15-35-15,C++,1320176837.0,1345578437.0,1916.0294117647059,957.0294117647059,67588.17647058824,8353.323529411764,182.0,66.32352941176471,18.823529411764707,11766692.934661876,34,57,4879.0,4.0,0.06704260651629072,0.5287520500074699,3.754385964912281,0.26290934260385534,0.09648667657536558
sofa-framework__sofa__2020-06-13_15-35-15,C++,1345578437.0,1370980037.0,1676.90625,690.3125,59379.25,6874.875,133.90625,53.6875,18.3125,13885076.579729792,32,52,4389.0,5.0,0.09464555052790347,0.4241465804333586,4.826923076923077,0.16557604374699364,0.15937444361211076
sofa-framework__sofa__2020-06-13_15-35-15,C++,1370980037.0,1396381637.0,1845.4130434782608,723.5,50268.34782608696,6458.95652173913,125.1304347826087,52.630434782608695,20.32608695652174,6726669.63470298,46,67,11789.0,5.0,0.07191316146540028,0.4307780702992253,4.746268656716418,0.2639424096300702,0.14173456234480897
sofa-framework__sofa__2020-06-13_15-35-15,C++,1396381637.0,1421783237.0,1720.3090909090909,695.5818181818182,50867.90909090909,6011.8,110.69090909090909,46.54545454545455,25.10909090909091,5072715.165804384,55,88,13436.0,5.0,0.0770637408568443,0.517356701164193,6.704545454545454,0.38679985224855085,0.161000691691634
sofa-framework__sofa__2020-06-13_15-35-15,C++,1421783237.0,1447184837.0,2201.2702702702704,946.3513513513514,69010.45945945945,7529.621621621622,167.0,67.29729729729729,41.91891891891892,7335877.811411292,37,90,10930.0,5.0,0.0449438202247191,0.5629324706173787,4.0,0.28829802262724635,0.1604282948643545
sofa-framework__sofa__2020-06-13_15-35-15,C++,1447184837.0,1472586437.0,1593.75,690.1428571428571,47538.92857142857,5802.714285714285,110.92857142857143,47.5,31.928571428571427,6246462.667201276,28,85,7462.0,4.0,0.03865546218487395,0.5199037202741477,3.2470588235294118,0.2670385902965662,0.20228846880538362
sofa-framework__sofa__2020-06-13_15-35-15,C++,1472586437.0,1497988037.0,1605.0,670.6046511627907,51687.348837209305,5290.46511627907,118.95348837209302,50.13953488372093,23.558139534883722,4657467.820679175,43,102,15555.0,4.0,0.0364977674238012,0.6140162780060985,3.6862745098039214,0.28535400271403477,0.2563257210256139
sofa-framework__sofa__2020-06-13_15-35-15,C++,1497988037.0,1523389637.0,1182.2777777777778,478.8611111111111,35088.13888888889,3448.1944444444443,83.22222222222223,33.638888888888886,20.97222222222222,2657216.905274799,36,110,10145.0,5.0,0.031776480400333616,0.5307186256048934,3.463636363636364,0.19663632134890852,0.3168601608672579
sofa-framework__sofa__2020-06-13_15-35-15,C++,1523389637.0,1548791237.0,1757.2962962962963,702.1111111111111,56272.2962962963,5306.0,135.96296296296296,54.592592592592595,28.444444444444443,5868528.8171140775,27,106,16084.0,4.0,0.03602875112309075,0.5850550884182733,3.7830188679245285,0.14992711806661196,0.3783452786412262
sofa-framework__sofa__2020-06-13_15-35-15,C++,1548791237.0,1574192837.0,1781.0,592.1739130434783,49083.260869565216,4557.347826086957,124.26086956521739,52.0,35.78260869565217,4511977.812833083,23,101,9660.0,4.0,0.04108910891089109,0.5941188685607297,4.108910891089109,0.29235867327103193,0.28943522416994893
SoftwareHeritage__swh-web__2020-06-14_03-37-31,Python,1464968646.0,1490370246.0,3043.0,1613.0,98891.6,8885.2,156.6,84.0,51.8,33740482.458067164,5,5,3424.0,2.0,0.6,0.8666666666666666,2.4,0.10878638931027029,0.5117392188486649
SoftwareHeritage__swh-web__2020-06-14_03-37-31,Python,1490370246.0,1515771846.0,1443.4,637.0,45574.0,4260.6,73.2,28.2,23.4,2190682.7058643834,5,6,954.0,3.0,0.4333333333333333,0.6666666666666666,2.1666666666666665,0.04555086465007907,0.32335373230124403
SoftwareHeritage__swh-web__2020-06-14_03-37-31,Python,1515771846.0,1541173446.0,1613.4285714285713,702.2857142857143,50890.857142857145,4626.571428571428,108.0,35.714285714285715,30.857142857142858,2838768.7410965837,7,8,480.0,4.0,0.23214285714285715,0.32916666666666666,1.625,0.1526009766318993,0.2649291848210672
SoftwareHeritage__swh-web__2020-06-14_03-37-31,Python,1541173446.0,1566575046.0,2028.625,858.75,64304.25,5274.375,124.125,68.25,32.875,3741783.385250745,8,12,1921.0,3.0,0.20454545454545456,0.7657407407407407,2.25,0.1883095710030216,0.15135170316203117
SoftwareHeritage__swh-web__2020-06-14_03-37-31,Python,1566575046.0,1591976646.0,1306.0,683.7,40977.2,4123.9,77.3,34.1,20.7,4819333.217642457,10,14,823.0,2.0,0.14835164835164835,0.4896103896103896,1.9285714285714286,0.06387005642828159,0.18779241801913668
SparkDevNetwork__Rock__2020-06-10_14-24-56,C#,1312272100.0,1337673700.0,9517.8,4477.6,310555.6,30664.6,567.6,220.2,47.0,20783285.081114776,5,5,664.0,2.0,0.45,0.6,1.8,0.07808192493875876,0.014338112956742855
SparkDevNetwork__Rock__2020-06-10_14-24-56,C#,1337673700.0,1363075300.0,19764.625,9314.0,633129.375,53810.0,1071.75,479.625,106.75,21078809.138284743,8,8,7303.0,2.0,0.4642857142857143,0.7910714285714285,3.25,0.10486353927947933,0.027379285078382484
SparkDevNetwork__Rock__2020-06-10_14-24-56,C#,1363075300.0,1388476900.0,32111.25,14673.375,1184773.75,95297.0,1825.125,646.875,257.75,287390541.02716714,8,10,21319.0,2.0,0.4222222222222222,0.6904761904761905,3.8,0.2657175524428712,0.11638798036414665
SparkDevNetwork__Rock__2020-06-10_14-24-56,C#,1388476900.0,1413878500.0,31677.625,14942.125,1234317.75,83355.125,1770.875,532.625,315.0,151747245.50316304,8,11,17881.0,3.0,0.33636363636363636,0.7358585858585859,3.3636363636363638,0.30649542065407354,0.16882184101353723
SparkDevNetwork__Rock__2020-06-10_14-24-56,C#,1413878500.0,1439280100.0,17289.666666666668,8190.5,653892.5,47177.833333333336,957.3333333333334,251.33333333333334,202.0,297391803.79352003,12,18,15770.0,3.0,0.20588235294117646,0.6332436082436081,3.5,0.15890102031993225,0.1554229734774595
SparkDevNetwork__Rock__2020-06-10_14-24-56,C#,1439280100.0,1464681700.0,5678.809523809524,2705.2380952380954,231559.52380952382,17881.761904761905,443.3333333333333,100.28571428571429,94.47619047619048,38051014.252970956,21,26,10252.0,3.0,0.12923076923076923,0.5403478057889823,3.230769230769231,0.26779769655244867,0.16148364053514985
SparkDevNetwork__Rock__2020-06-10_14-24-56,C#,1464681700.0,1490083300.0,4505.913043478261,2386.304347826087,188588.69565217392,14013.95652173913,303.3478260869565,76.04347826086956,55.52173913043478,9403021.762179859,23,30,7167.0,4.0,0.14367816091954025,0.6426344589388068,4.166666666666667,0.38416256856975484,0.17307621882859844
SparkDevNetwork__Rock__2020-06-10_14-24-56,C#,1490083300.0,1515484900.0,7290.526315789473,3503.3684210526317,316003.1052631579,22222.42105263158,478.57894736842104,126.05263157894737,88.05263157894737,17689045.828152765,19,31,10194.0,4.0,0.12795698924731183,0.6394233162816613,3.838709677419355,0.3396540027452456,0.21979331967805396
SparkDevNetwork__Rock__2020-06-10_14-24-56,C#,1515484900.0,1540886500.0,7569.090909090909,3215.090909090909,299776.2727272727,19887.18181818182,449.90909090909093,140.13636363636363,105.31818181818181,21238429.55300208,22,32,29765.0,4.0,0.21068548387096775,0.7433612407833786,6.53125,0.43805065791583697,0.21389820961120476
SparkDevNetwork__Rock__2020-06-10_14-24-56,C#,1540886500.0,1566288100.0,3902.90625,1745.5625,157937.6875,9750.625,209.6875,69.8125,53.78125,9549606.503638983,32,42,15022.0,4.0,0.1254355400696864,0.4889100862311907,5.142857142857143,0.42877817395376494,0.19363439732762788
SparkDevNetwork__Rock__2020-06-10_14-24-56,C#,1566288100.0,1591689700.0,6424.208333333333,3007.1666666666665,273294.0416666667,18914.166666666668,408.9166666666667,135.5,77.5,18184846.173696686,24,48,12823.0,5.0,0.11480496453900708,0.6485958244238856,5.395833333333333,0.48652331064162513,0.1859884937011176
sphinx-doc__sphinx__2020-06-13_10-43-06,Python,1210502420.0,1235904020.0,1058.7272727272727,505.45454545454544,34583.818181818184,3179.0,131.27272727272728,35.18181818181818,41.72727272727273,8100559.47816895,11,11,347.0,2.0,0.16363636363636364,0.24646464646464647,1.6363636363636365,0.016719469869695303,0.2110009653032277
sphinx-doc__sphinx__2020-06-13_10-43-06,Python,1235904020.0,1261305620.0,483.5,180.0,15247.5,1128.0833333333333,43.166666666666664,12.916666666666666,23.583333333333332,2368280.1616409733,12,15,421.0,2.0,0.07619047619047618,0.0,1.0666666666666667,1.999999999946489e-06,0.22753704138879458
sphinx-doc__sphinx__2020-06-13_10-43-06,Python,1261305620.0,1286707220.0,673.304347826087,310.69565217391306,20629.956521739132,2052.478260869565,67.3913043478261,23.47826086956522,33.43478260869565,3363468.7674227823,23,30,997.0,3.0,0.05172413793103448,0.24083820662768032,1.5,0.17578253104990427,0.10571064939684463
sphinx-doc__sphinx__2020-06-13_10-43-06,Python,1286707220.0,1312108820.0,204.875,79.875,6373.083333333333,523.7083333333334,21.5,5.958333333333333,11.125,2047730.6933623862,24,31,568.0,3.0,0.04408602150537634,0.15199540991967359,1.3225806451612903,0.037497822421744376,0.18258386325325865
sphinx-doc__sphinx__2020-06-13_10-43-06,Python,1312108820.0,1337510420.0,84.14285714285714,37.0,2506.1785714285716,244.0,10.25,2.107142857142857,6.785714285714286,856422.7566285392,28,40,257.0,4.0,0.03397435897435897,0.1759589947089947,1.325,0.1015030061876585,0.33521795010793976
sphinx-doc__sphinx__2020-06-13_10-43-06,Python,1337510420.0,1362912020.0,160.125,92.95833333333333,5152.875,594.1666666666666,20.125,6.583333333333333,9.166666666666666,1707177.3635662748,24,39,395.0,4.0,0.0398110661268556,0.30195637695637695,1.5128205128205128,0.16650842597522764,0.24301490938642145
sphinx-doc__sphinx__2020-06-13_10-43-06,Python,1362912020.0,1388313620.0,99.35714285714286,49.07142857142857,3207.214285714286,321.17857142857144,11.25,3.142857142857143,6.142857142857143,687597.3902267775,28,41,351.0,4.0,0.025,0.152307042550945,1.0,0.05429085595783145,0.18617090496948793
sphinx-doc__sphinx__2020-06-13_10-43-06,Python,1388313620.0,1413715220.0,303.28125,116.03125,8454.8125,732.84375,26.03125,7.5625,12.15625,1899179.4125883244,32,73,1638.0,4.0,0.0243531202435312,0.4460457242257633,1.7534246575342465,0.17330288819073503,0.314673451583225
sphinx-doc__sphinx__2020-06-13_10-43-06,Python,1413715220.0,1439116820.0,217.5581395348837,108.44186046511628,5657.023255813953,461.69767441860466,16.302325581395348,4.837209302325581,7.395348837209302,1619120.7070197351,43,80,838.0,4.0,0.02088607594936709,0.3234291073749599,1.65,0.1329039841310189,0.27225602342150745
sphinx-doc__sphinx__2020-06-13_10-43-06,Python,1439116820.0,1464518420.0,177.19298245614036,87.59649122807018,5868.3859649122805,556.1228070175439,18.263157894736842,6.12280701754386,8.859649122807017,2640544.675885208,57,96,1748.0,5.0,0.017763157894736842,0.24536486353226158,1.6875,0.07396706923433793,0.3290131524818031
sphinx-doc__sphinx__2020-06-13_10-43-06,Python,1464518420.0,1489920020.0,336.05,149.83333333333334,10927.666666666666,975.75,29.95,10.516666666666667,13.25,3201286.328539721,60,131,4156.0,4.0,0.012977099236641221,0.3087063406839969,1.6870229007633588,0.06448787875155637,0.30967893313733147
sphinx-doc__sphinx__2020-06-13_10-43-06,Python,1489920020.0,1515321620.0,185.68571428571428,83.8,5920.471428571429,554.4142857142857,17.485714285714284,5.985714285714286,8.657142857142857,2522399.0933657475,70,119,2095.0,5.0,0.012961116650049849,0.25077334867144463,1.5294117647058822,0.08685515963992263,0.3412086701009887
sphinx-doc__sphinx__2020-06-13_10-43-06,Python,1515321620.0,1540723220.0,280.1818181818182,131.13636363636363,8871.666666666666,909.5,26.0,9.530303030303031,11.969696969696969,4101487.15816429,66,150,2955.0,4.0,0.009798657718120805,0.16442157302064422,1.46,0.10571236271913265,0.3242540549848411
sphinx-doc__sphinx__2020-06-13_10-43-06,Python,1540723220.0,1566124820.0,678.85,264.175,19813.9,1847.0,50.75,16.65,21.375,5234525.663007933,40,149,4383.0,4.0,0.009749682568474515,0.27160099408421556,1.4429530201342282,0.18036604753321606,0.32209686678263477
sphinx-doc__sphinx__2020-06-13_10-43-06,Python,1566124820.0,1591526420.0,344.66037735849056,172.49056603773585,10805.867924528302,1148.2641509433963,31.0,10.981132075471699,12.11320754716981,7205805.521653943,53,123,1926.0,4.0,0.011928561908569906,0.1934238171171969,1.4552845528455285,0.11583784321650237,0.3919789489985956
spotify__folsom__2020-06-13_23-51-20,Java,1435578311.0,1460979911.0,47.5,32.5,1553.5,255.0,4.0,3.0,1.0,200501.13459822556,2,4,8.0,1.0,0.25,0.0,0.75,2.000000000279556e-06,0.06798245614035087
spotify__folsom__2020-06-13_23-51-20,Java,1486381511.0,1511783111.0,290.5,171.5,8684.0,995.0,38.0,9.5,6.0,954725.1319820131,2,5,41.0,2.0,0.25,0.4333333333333334,1.0,0.03671505760323346,0.04870687013544157
spotify__folsom__2020-06-13_23-51-20,Java,1511783111.0,1537184711.0,251.6,116.2,8545.0,943.6,15.6,8.6,2.6,333581.9624378535,5,8,34.0,3.0,0.19642857142857142,0.39285714285714285,1.375,0.13505766736835811,0.117570708020124
spotify__folsom__2020-06-13_23-51-20,Java,1537184711.0,1562586311.0,574.6666666666666,305.0,18095.0,2266.8333333333335,54.333333333333336,31.0,9.666666666666666,1285776.9904175063,6,10,344.0,3.0,0.23333333333333334,0.5583333333333333,2.1,0.1264958410189132,0.14444926462470323
spotify__folsom__2020-06-13_23-51-20,Java,1562586311.0,1587987911.0,396.6666666666667,187.0,12401.0,1377.6666666666667,28.0,19.333333333333332,4.333333333333333,884809.9041956672,3,5,116.0,2.0,0.2,0.0,0.8,2.0000000008346674e-06,0.046540066177528414
spring-projects__spring-framework__2020-06-13_21-52-54,Java,1236308324.0,1261709924.0,6468.9473684210525,3048.4210526315787,212918.7894736842,24615.894736842107,475.5263157894737,266.42105263157896,76.42105263157895,23179862.257981587,19,19,7015.0,3.0,0.2807017543859649,0.6335226177331441,5.052631578947368,0.2354712395825974,0.055013598572733226
spring-projects__spring-framework__2020-06-13_21-52-54,Java,1261709924.0,1287111524.0,2497.3529411764707,1333.4117647058824,85548.0,10061.235294117647,198.64705882352942,97.70588235294117,45.470588235294116,15866086.167670941,17,20,4100.0,4.0,0.19473684210526318,0.6066059757236228,3.7,0.14600036773735703,0.10047074807235075
spring-projects__spring-framework__2020-06-13_21-52-54,Java,1287111524.0,1312513124.0,3922.625,1751.5,135541.625,13296.5,272.5625,156.625,44.0625,13905102.019586071,16,20,4493.0,3.0,0.20789473684210527,0.6096772671772672,3.95,0.16500067343010982,0.10811190678467429
spring-projects__spring-framework__2020-06-13_21-52-54,Java,1312513124.0,1337914724.0,2357.9545454545455,1029.1363636363637,77740.5,8298.636363636364,161.54545454545453,95.4090909090909,28.227272727272727,6990081.232764116,22,31,3529.0,3.0,0.1032258064516129,0.5100018876559373,3.096774193548387,0.2860993021953355,0.14526785887395258
spring-projects__spring-framework__2020-06-13_21-52-54,Java,1337914724.0,1363316324.0,2074.823529411765,785.6176470588235,56836.17647058824,5754.0,119.11764705882354,68.97058823529412,25.441176470588236,6863681.20536793,34,51,10514.0,4.0,0.061960784313725495,0.5259217090099443,3.0980392156862746,0.3351971668249998,0.20269233270063738
spring-projects__spring-framework__2020-06-13_21-52-54,Java,1363316324.0,1388717924.0,2801.9714285714285,1185.8285714285714,88663.71428571429,8593.657142857142,198.6,117.02857142857142,27.228571428571428,10450023.74452874,35,56,8526.0,5.0,0.04220779220779221,0.3856702054683421,2.3214285714285716,0.2871749979106616,0.12646622379495423
spring-projects__spring-framework__2020-06-13_21-52-54,Java,1388717924.0,1414119524.0,3212.1666666666665,1246.611111111111,102980.97222222222,9012.444444444445,196.02777777777777,111.97222222222223,39.25,14770020.050212346,36,70,15628.0,4.0,0.03975155279503106,0.41178756832457025,2.742857142857143,0.3031250531411894,0.24055072243290535
spring-projects__spring-framework__2020-06-13_21-52-54,Java,1414119524.0,1439521124.0,2449.2571428571428,991.7714285714286,78590.2,7389.085714285714,156.28571428571428,91.0,33.142857142857146,15350111.954848351,35,62,10554.0,4.0,0.04257006874669487,0.46386258246348083,2.596774193548387,0.418631822571647,0.24036321758519116
spring-projects__spring-framework__2020-06-13_21-52-54,Java,1439521124.0,1464922724.0,2085.3541666666665,811.125,63735.916666666664,5928.208333333333,132.0625,78.25,28.5,10094756.497222776,48,86,13562.0,5.0,0.030642954856361152,0.3903347643088116,2.604651162790698,0.35620365781854924,0.20288303234181707
spring-projects__spring-framework__2020-06-13_21-52-54,Java,1464922724.0,1490324324.0,2542.3818181818183,1057.7272727272727,79025.3090909091,8014.709090909091,171.27272727272728,105.16363636363636,28.01818181818182,10716088.066452533,55,94,19636.0,4.0,0.026767330130404943,0.3783936130619485,2.4893617021276597,0.31365753550655306,0.35040086061728126
spring-projects__spring-framework__2020-06-13_21-52-54,Java,1490324324.0,1515725924.0,1392.4354838709678,563.1129032258065,43673.48387096774,4345.822580645161,88.90322580645162,51.693548387096776,18.822580645161292,6156280.384951506,62,103,12375.0,4.0,0.024176660955644393,0.3488000919780197,2.466019417475728,0.3815826136336711,0.21118243588042346
spring-projects__spring-framework__2020-06-13_21-52-54,Java,1515725924.0,1541127524.0,1255.6811594202898,441.27536231884056,37724.608695652176,3333.246376811594,75.17391304347827,41.927536231884055,18.81159420289855,5777893.704921523,69,136,15438.0,4.0,0.017320261437908498,0.3852603849459135,2.338235294117647,0.1833142338391398,0.3921746716432783
spring-projects__spring-framework__2020-06-13_21-52-54,Java,1541127524.0,1566529124.0,1230.8395061728395,426.01234567901236,32681.41975308642,3176.358024691358,65.67901234567901,42.44444444444444,16.54320987654321,6230299.45850548,81,158,18641.0,4.0,0.016447633637023302,0.4537506729560885,2.5822784810126582,0.48871092199537325,0.27986471062001333
spring-projects__spring-framework__2020-06-13_21-52-54,Java,1566529124.0,1591930724.0,638.5238095238095,248.04761904761904,19375.77380952381,1924.904761904762,37.25,21.928571428571427,14.035714285714286,3388594.7481861506,84,144,8793.0,4.0,0.017482517482517484,0.35937172960976144,2.5,0.2796790990051222,0.30748992756827176
spryker-shop__checkout-page__2020-06-13_01-13-37,PHP,1515695163.0,1541096763.0,86.91666666666667,35.75,2796.4166666666665,198.20833333333334,2.75,1.625,4.25,43693.051634869866,24,24,296.0,5.0,0.06521739130434782,0.36640211640211645,1.5,0.056033270228426524,0.17990050391603768
spryker-shop__checkout-page__2020-06-13_01-13-37,PHP,1541096763.0,1566498363.0,344.9166666666667,122.41666666666667,12906.5,757.8333333333334,13.375,8.25,12.708333333333334,248145.52653332814,24,30,1148.0,5.0,0.08390804597701149,0.4390468790468791,2.433333333333333,0.26162826073012635,0.33935583828056926
spryker-shop__checkout-page__2020-06-13_01-13-37,PHP,1566498363.0,1591899963.0,160.95454545454547,55.77272727272727,6096.181818181818,345.04545454545456,5.0,3.5454545454545454,8.181818181818182,179432.9094793196,22,35,519.0,6.0,0.05378151260504201,0.24592534449677309,1.8285714285714285,0.0759221501021975,0.33025692330244266
stardot__b-em__2020-06-13_23-29-43,C,1465079852.0,1490481452.0,5394.0,2099.3333333333335,145249.33333333334,14843.333333333334,483.6666666666667,111.0,48.0,79592876.30670302,3,3,271.0,2.0,0.6666666666666666,0.0,1.3333333333333333,2.0000000001685336e-06,0.05376795121500018
stardot__b-em__2020-06-13_23-29-43,C,1490481452.0,1515883052.0,3973.3333333333335,1527.6666666666667,118285.66666666667,9911.0,403.0,89.0,60.333333333333336,33104083.115237087,3,3,138.0,2.0,0.5,0.0,1.0,1.999999999946489e-06,0.007107073220467912
stardot__b-em__2020-06-13_23-29-43,C,1515883052.0,1541284652.0,8830.333333333334,3506.3333333333335,237532.33333333334,20912.333333333332,720.0,140.66666666666666,86.0,216621662.32938293,3,5,388.0,2.0,0.2,0.0,0.8,1.9999999998354667e-06,0.18666735368038975
stardot__b-em__2020-06-13_23-29-43,C,1566686252.0,1592087852.0,203.33333333333334,111.0,6051.333333333333,645.0,25.0,3.6666666666666665,8.0,923519.9466103906,3,4,7.0,2.0,0.25,0.0,0.75,1.999999999946489e-06,0.1153184165232358
strasdat__Sophus__2020-06-11_13-13-04,C++,1330627512.0,1356029112.0,3018.5,1277.5,73700.5,9895.5,151.5,90.5,15.5,5584714.727860482,2,2,894.0,1.0,1.0,,1.0,2.0000000000575113e-06,0.13866523484306126
strasdat__Sophus__2020-06-11_13-13-04,C++,1356029112.0,1381430712.0,2860.0,969.5,72728.5,7688.5,156.5,37.5,24.0,6548257.010679932,2,2,84.0,1.0,1.0,,1.0,2.0000000000575113e-06,0.06162981268690151
strasdat__Sophus__2020-06-11_13-13-04,C++,1381430712.0,1406832312.0,28.0,3.0,849.0,78.0,0.0,0.0,2.0,34412.63267077101,2,3,34.0,1.0,0.16666666666666666,0.0,0.3333333333333333,2.0000000000575113e-06,0.3090909090909091
strasdat__Sophus__2020-06-11_13-13-04,C++,1432233912.0,1457635512.0,63.5,6.5,1773.5,82.0,1.0,1.0,3.0,256760.66536642867,2,3,100.0,1.0,0.5,1.0,1.0,0.018091370582845823,0.6927939317319849
strasdat__Sophus__2020-06-11_13-13-04,C++,1457635512.0,1483037112.0,844.0,293.6666666666667,23044.0,2443.3333333333335,35.0,18.0,11.666666666666666,2067803.7856584948,3,4,69.0,2.0,0.4166666666666667,0.0,1.25,1.9999999998354667e-06,0.2636564851704294
strasdat__Sophus__2020-06-11_13-13-04,C++,1483037112.0,1508438712.0,595.8888888888889,213.44444444444446,18038.88888888889,2201.4444444444443,23.444444444444443,16.333333333333332,4.888888888888889,1687242.3149231998,9,10,25.0,2.0,0.07777777777777778,0.0,0.7,1.999999999946489e-06,0.5558122125975832
strasdat__Sophus__2020-06-11_13-13-04,C++,1508438712.0,1533840312.0,1354.3333333333333,732.0,38777.666666666664,7652.666666666667,105.66666666666667,74.0,6.0,9334300.714161366,3,6,13.0,2.0,0.16666666666666669,0.0,0.8333333333333334,2.000000000279556e-06,0.11209657551120965
strasdat__Sophus__2020-06-11_13-13-04,C++,1533840312.0,1559241912.0,660.6,82.4,9115.0,723.4,3.8,3.8,2.2,722365.3721352478,5,8,241.0,2.0,0.16071428571428573,0.2583333333333333,1.125,0.01627070244810014,0.26299031838440706
strasdat__Sophus__2020-06-11_13-13-04,C++,1559241912.0,1584643512.0,51.625,29.5,1622.75,266.625,2.875,1.625,1.125,170252.60271599184,8,11,122.0,1.0,0.08181818181818182,0.0,0.8181818181818182,1.999999999169333e-06,0.3575486823365266
Strech__sidekiq-prometheus-exporter__2020-06-13_20-17-34,Ruby,1539030649.0,1564432249.0,272.5,188.0,7672.0,993.5,20.0,19.0,7.0,99031.9655203326,2,2,0.0,0.0,0.0,,0.0,,0.0
swaggo__swag__2020-06-13_23-31-10,Go,1514182780.0,1539584380.0,211.42857142857142,131.38095238095238,5897.0,595.6190476190476,12.714285714285714,3.761904761904762,4.0476190476190474,167775.61646199503,21,25,429.0,4.0,0.06666666666666667,0.2706060606060606,1.6,0.22520065875456863,0.26617028625971295
swaggo__swag__2020-06-13_23-31-10,Go,1539584380.0,1564985980.0,137.21875,80.28125,3774.15625,573.75,20.1875,4.0625,2.65625,237722.87687778097,32,44,683.0,5.0,0.0507399577167019,0.45208847476634034,2.1818181818181817,0.23455900235772653,0.20926718265798314
swaggo__swag__2020-06-13_23-31-10,Go,1564985980.0,1590387580.0,126.5,74.64285714285714,3489.4285714285716,419.7142857142857,5.678571428571429,4.035714285714286,2.392857142857143,178398.4195510039,28,47,645.0,4.0,0.030064754856614247,0.22115141919173273,1.3829787234042554,0.15457995208830233,0.21924636230829175
swaywm__wlroots__2020-06-11_20-10-09,C,1515601084.0,1541002684.0,759.9387755102041,362.44897959183675,20014.755102040817,2354.061224489796,64.10204081632654,18.510204081632654,19.163265306122447,5633438.437727264,49,58,5608.0,5.0,0.053236539624924376,0.42143221652669716,3.0344827586206895,0.24462332784727492,0.27023060736527704
swaywm__wlroots__2020-06-11_20-10-09,C,1541002684.0,1566404284.0,236.19148936170214,111.06382978723404,6355.595744680851,689.9787234042553,23.893617021276597,5.085106382978723,7.191489361702128,1486223.6396160852,47,64,1797.0,4.0,0.03273809523809524,0.40296177504761627,2.0625,0.18498869363432235,0.2727340157352601
swaywm__wlroots__2020-06-11_20-10-09,C,1566404284.0,1591805884.0,194.02564102564102,96.94871794871794,5499.4358974358975,616.7948717948718,19.897435897435898,4.948717948717949,6.384615384615385,1145354.0459924375,39,62,725.0,4.0,0.021417239555790585,0.1759830353482799,1.3064516129032258,0.06191710318843757,0.15131357789499117
SwitchbladeBot__switchblade__2020-06-11_13-13-19,JavaScript,1537622806.0,1563024406.0,877.578947368421,413.2105263157895,23573.21052631579,3422.0,106.47368421052632,61.0,36.26315789473684,689862.5376878761,19,22,4270.0,3.0,0.14935064935064934,0.5562228574190297,3.1363636363636362,0.23310458397051426,0.153415506166137
SwitchbladeBot__switchblade__2020-06-11_13-13-19,JavaScript,1563024406.0,1588426006.0,220.5,111.71428571428571,6090.214285714285,822.5,24.5,14.071428571428571,10.428571428571429,103825.43742382688,14,15,418.0,4.0,0.1380952380952381,0.2761904761904762,1.9333333333333333,0.170580573469303,0.2803662528899898
syberia-project__platform_packages_apps_DocumentsUI__2020-06-11_13-11-14,Java,1380869109.0,1406270709.0,133.2,76.8,4900.8,571.2,15.8,4.6,4.4,519643.7536194548,5,5,10.0,1.0,0.15,0.0,0.6,2.0000000001685336e-06,0.4095238095238095
syberia-project__platform_packages_apps_DocumentsUI__2020-06-11_13-11-14,Java,1406270709.0,1431672309.0,535.625,253.5,20358.125,1859.5,43.0,15.0,7.25,2048603.900390877,8,8,263.0,3.0,0.3392857142857143,0.6226190476190476,2.375,0.10182211202348812,0.30831244726281903
syberia-project__platform_packages_apps_DocumentsUI__2020-06-11_13-11-14,Java,1431672309.0,1457073909.0,2747.5454545454545,1277.0,95153.18181818182,8627.363636363636,242.45454545454547,116.27272727272727,27.90909090909091,11293539.726567661,11,12,4596.0,3.0,0.3106060606060606,0.6904761904761904,3.4166666666666665,0.29908530832506064,0.12437527721563289
syberia-project__platform_packages_apps_DocumentsUI__2020-06-11_13-11-14,Java,1457073909.0,1482475509.0,3894.133333333333,1971.2,134050.53333333333,13145.8,334.2,182.0,30.133333333333333,10396421.869992185,15,16,8438.0,3.0,0.2791666666666667,0.6229804917304917,4.1875,0.35816045103117355,0.21463150731281677
syberia-project__platform_packages_apps_DocumentsUI__2020-06-11_13-11-14,Java,1482475509.0,1507877109.0,2630.0,1447.2666666666667,91021.73333333334,9818.8,228.73333333333332,117.6,23.8,6029622.292958929,15,24,4886.0,4.0,0.12318840579710146,0.5262057387057387,2.8333333333333335,0.3594078415862315,0.2677009655965927
syberia-project__platform_packages_apps_DocumentsUI__2020-06-11_13-11-14,Java,1507877109.0,1533278709.0,352.7,181.5,12238.0,1262.15,33.05,14.35,4.0,634611.6699760983,20,31,1437.0,5.0,0.0967741935483871,0.347163831319429,2.903225806451613,0.04806996894908555,0.3793511315964337
syberia-project__platform_packages_apps_DocumentsUI__2020-06-11_13-11-14,Java,1533278709.0,1558680309.0,1266.5833333333333,754.0,45746.916666666664,5386.083333333333,112.08333333333333,55.5,12.5,2477812.8513210504,12,33,3550.0,5.0,0.1278409090909091,0.5826902531645003,4.090909090909091,0.11100397746792035,0.44076922049111694
Talend__tdi-studio-se__2020-06-13_01-14-06,Java,1335997929.0,1361399529.0,1732.1666666666667,1026.0833333333333,70022.25,7933.416666666667,255.36111111111111,38.02777777777778,42.166666666666664,10845780.133610453,36,40,5232.0,5.0,0.12948717948717947,0.5624964238547829,5.05,0.035616966080640466,0.08289536593250482
Talend__tdi-studio-se__2020-06-13_01-14-06,Java,1361399529.0,1386801129.0,1369.909090909091,838.939393939394,56477.454545454544,6395.939393939394,205.12121212121212,37.81818181818182,38.21212121212121,8802188.413294777,33,40,4263.0,5.0,0.12884615384615386,0.4628078120280133,5.025,0.13538459057228625,0.15037711527190561
Talend__tdi-studio-se__2020-06-13_01-14-06,Java,1386801129.0,1412202729.0,1093.0,599.3783783783783,37893.40540540541,4677.594594594595,142.2972972972973,25.027027027027028,23.513513513513512,5391827.206729619,37,47,3024.0,6.0,0.0906567992599445,0.3795049938966247,4.170212765957447,0.16103639659714186,0.0843854846831166
Talend__tdi-studio-se__2020-06-13_01-14-06,Java,1412202729.0,1437604329.0,1191.857142857143,602.9142857142857,44607.02857142857,4685.028571428571,130.77142857142857,30.62857142857143,20.65714285714286,5481796.578877975,35,54,5149.0,6.0,0.08036338225017471,0.44704009361532676,4.2592592592592595,0.06943487024703832,0.13540512555086795
Talend__tdi-studio-se__2020-06-13_01-14-06,Java,1437604329.0,1463005929.0,1411.0,754.6333333333333,56545.433333333334,5960.0,167.0,41.233333333333334,27.166666666666668,8476082.515141297,30,53,8009.0,4.0,0.08526850507982583,0.47955023542052444,4.433962264150943,0.022077616605361672,0.17444638858035083
Talend__tdi-studio-se__2020-06-13_01-14-06,Java,1463005929.0,1488407529.0,629.6052631578947,358.39473684210526,25902.973684210527,2895.5789473684213,69.57894736842105,19.105263157894736,13.18421052631579,2477894.679963655,38,61,3488.0,5.0,0.049180327868852465,0.39473911350529123,2.9508196721311477,0.05447788215132754,0.15598714254736232
Talend__tdi-studio-se__2020-06-13_01-14-06,Java,1488407529.0,1513809129.0,498.6829268292683,259.2926829268293,18021.975609756097,2059.7073170731705,51.97560975609756,12.853658536585366,9.146341463414634,2569442.4685695046,41,72,2425.0,6.0,0.041471048513302036,0.36046908495252816,2.9444444444444446,0.033090187470365184,0.13480114341806543
Talend__tdi-studio-se__2020-06-13_01-14-06,Java,1513809129.0,1539210729.0,638.7317073170732,316.1951219512195,23967.146341463416,2528.121951219512,59.073170731707314,16.951219512195124,10.658536585365853,2449518.1804394075,41,74,2887.0,5.0,0.04202147352832284,0.32299282419189035,3.0675675675675675,0.00800098876503108,0.1500533546016421
Talend__tdi-studio-se__2020-06-13_01-14-06,Java,1539210729.0,1564612329.0,557.4634146341464,248.14634146341464,16733.70731707317,2061.9756097560976,51.0,10.78048780487805,9.585365853658537,2332553.017433453,41,92,3692.0,6.0,0.027472527472527472,0.35704177290383243,2.5,0.13210168240269127,0.14293703350560563
Talend__tdi-studio-se__2020-06-13_01-14-06,Java,1564612329.0,1590013929.0,437.94871794871796,271.9230769230769,19375.05128205128,2192.948717948718,53.97435897435897,13.025641025641026,8.897435897435898,2634887.1996798045,39,76,1807.0,7.0,0.03631578947368421,0.30947774654422905,2.723684210526316,0.05875230723651925,0.14566586689363933
TeamNewPipe__NewPipe__2020-06-14_03-52-48,Java,1442158013.0,1467559613.0,599.5652173913044,304.4347826086956,22501.782608695652,2107.521739130435,51.391304347826086,18.695652173913043,11.869565217391305,1018066.5770278597,23,23,1889.0,4.0,0.11462450592885376,0.4209322859578614,2.5217391304347827,0.16909556106732693,0.22934461657861618
TeamNewPipe__NewPipe__2020-06-14_03-52-48,Java,1467559613.0,1492961213.0,845.0769230769231,417.7692307692308,30552.30769230769,2968.153846153846,74.23076923076923,28.307692307692307,11.461538461538462,1137087.256853105,13,24,808.0,4.0,0.07608695652173914,0.36993525480367584,1.75,0.07620571022800637,0.3180782122688206
TeamNewPipe__NewPipe__2020-06-14_03-52-48,Java,1492961213.0,1518362813.0,1520.1875,756.125,56421.8125,5650.5,156.0,60.0625,17.8125,4518801.790327017,16,24,1589.0,3.0,0.1068840579710145,0.40962301587301586,2.4583333333333335,0.14716665427017805,0.09122428682487449
TeamNewPipe__NewPipe__2020-06-14_03-52-48,Java,1518362813.0,1543764413.0,828.9285714285714,420.7857142857143,31601.5,3091.964285714286,85.03571428571429,30.321428571428573,12.357142857142858,2646939.2019877606,28,45,2396.0,3.0,0.062121212121212126,0.47417978859757964,2.7333333333333334,0.285020227018853,0.1932809549414672
TeamNewPipe__NewPipe__2020-06-14_03-52-48,Java,1543764413.0,1569166013.0,430.5,214.22222222222223,15759.0,1727.111111111111,48.77777777777778,12.555555555555555,8.555555555555555,1240331.1234321324,18,34,890.0,5.0,0.0659536541889483,0.2869243501596443,2.176470588235294,0.1364606283100086,0.14983657256825067
tensorflow__tensorflow__2020-06-13_06-54-28,C++,1464943802.0,1490345402.0,1625.6832917705735,828.5586034912718,57194.45386533666,6393.201995012469,109.68079800498754,51.057356608478806,16.194513715710723,20857214.937123336,401,405,61520.0,6.0,0.009821537709326488,0.33175962427916833,3.9679012345679014,0.006516428925585571,0.317531416628411
tensorflow__tensorflow__2020-06-13_06-54-28,C++,1490345402.0,1515747002.0,1524.8249027237355,804.035019455253,54915.731517509725,6285.710116731518,112.77431906614785,49.34630350194553,15.204280155642023,20642379.086630434,514,549,70303.0,8.0,0.0069868240862616835,0.2964658648306963,3.8287795992714027,0.002482743016063438,0.2733311348646405
tensorflow__tensorflow__2020-06-13_06-54-28,C++,1515747002.0,1541148602.0,1885.6937394247038,934.9424703891709,67277.42808798647,7132.749576988155,138.32148900169204,60.93739424703892,19.529610829103216,28612079.21503821,591,648,115301.0,7.0,0.008023737287003644,0.36240018622526166,5.191358024691358,0.022925181290318175,0.25917450481933946
tensorflow__tensorflow__2020-06-13_06-54-28,C++,1541148602.0,1566550202.0,2130.3292117465226,1019.8578052550232,76594.19474497682,7752.051004636785,153.60278207109738,66.5919629057187,24.865533230293664,29433916.12248904,647,795,199221.0,7.0,0.008404226668567718,0.3621541207315241,6.672955974842767,0.02311466900171022,0.2590371653382604
tensorflow__tensorflow__2020-06-13_06-54-28,C++,1566550202.0,1591951802.0,1825.9336419753085,894.875,65437.5725308642,6788.479938271605,134.90277777777777,53.050925925925924,24.243827160493826,28697835.37154208,648,890,194624.0,6.0,0.007887918504568952,0.3899300539367859,7.012359550561798,0.0497410511696722,0.2752999611447268
TheAlgorithms__Python__2020-06-13_10-17-19,Python,1490294169.0,1515695769.0,117.0,69.64285714285714,3060.0,497.5571428571429,17.728571428571428,5.8,2.1714285714285713,182279.64659132226,70,81,327.0,2.0,0.006481481481481481,0.04938271604938271,0.5185185185185185,0.0024186092742134457,0.14700081022388864
TheAlgorithms__Python__2020-06-13_10-17-19,Python,1515695769.0,1541097369.0,64.89285714285714,36.785714285714285,1481.3035714285713,242.76785714285714,8.803571428571429,3.125,2.517857142857143,55793.94148264489,56,89,426.0,5.0,0.009193054136874362,0.055338336237212654,0.8089887640449438,0.03102859461350249,0.2593588452222783
TheAlgorithms__Python__2020-06-13_10-17-19,Python,1541097369.0,1566498969.0,96.48181818181818,49.1,2453.181818181818,303.7,10.636363636363637,3.209090909090909,2.036363636363636,94103.237063971,110,147,1318.0,5.0,0.007874382629764235,0.19591276253554066,1.1496598639455782,0.0023209375041534086,0.20293418418678816
TheAlgorithms__Python__2020-06-13_10-17-19,Python,1566498969.0,1591900569.0,108.31958762886597,60.891752577319586,2862.020618556701,279.1340206185567,9.438144329896907,3.2783505154639174,1.8195876288659794,89905.47525146446,194,281,2424.0,7.0,0.004677173360447382,0.20348554915781336,1.309608540925267,0.04286354783855317,0.13749949492341312
timw4mail__HummingBirdAnimeClient__2020-06-14_03-36-21,PHP,1437385947.0,1462787547.0,9449.0,4615.5,201555.0,24695.5,1278.0,1024.0,73.5,12703142.435253806,2,2,101.0,1.0,1.0,,1.0,2.0000000000575113e-06,0.3731122745782432
TrustWallet__tokens__2020-06-11_01-43-34,JavaScript,1539190629.0,1564592229.0,95.5,73.5,2711.5,464.0,23.0,14.5,6.0,32816.15233872217,2,2,0.0,0.0,0.0,,0.0,,0.0
txteam__tx-parent__2020-06-13_09-29-31,Java,1352842604.0,1378244204.0,22244.5,8569.0,594034.5,57003.0,1591.0,984.0,61.0,20331076.899454705,2,2,1960.0,1.0,1.0,,1.0,2.0000000000575113e-06,0.04772417906667829
txteam__tx-parent__2020-06-13_09-29-31,Java,1378244204.0,1403645804.0,20241.0,8882.0,577481.0,61514.0,1463.0,793.5,52.0,31947937.972571433,2,2,3810.0,1.0,1.0,,1.0,2.0000000000575113e-06,0.08886757789433072
txteam__tx-parent__2020-06-13_09-29-31,Java,1403645804.0,1429047404.0,3098.5,1605.0,84472.5,11620.0,246.5,119.5,9.0,2153962.781071856,2,3,103.0,2.0,0.3333333333333333,0.0,0.6666666666666666,2.0000000001685336e-06,0.08975419309552135
txteam__tx-parent__2020-06-13_09-29-31,Java,1429047404.0,1454449004.0,3308.4,1301.6,86607.2,8913.0,257.2,152.2,15.0,2577959.303564922,5,6,2017.0,3.0,0.4333333333333333,0.7111111111111111,2.1666666666666665,0.08939665182739731,0.11228331824298285
txteam__tx-parent__2020-06-13_09-29-31,Java,1479850604.0,1505252204.0,5351.0,2242.0,155913.5,15574.5,396.5,177.0,32.5,8052203.968988031,2,6,493.0,2.0,0.23333333333333334,0.4777777777777778,1.1666666666666667,0.21495797921254978,0.25400691194196434
txteam__tx-parent__2020-06-13_09-29-31,Java,1505252204.0,1530653804.0,16251.333333333334,7191.666666666667,430323.3333333333,49092.0,1236.3333333333333,691.6666666666666,31.0,16497263.25472614,3,8,4695.0,2.0,0.17857142857142858,0.34523809523809523,1.25,0.0037481902669399547,0.18281926744680674
txteam__tx-parent__2020-06-13_09-29-31,Java,1530653804.0,1556055404.0,8448.5,3535.0,163787.5,24018.5,529.0,307.0,9.5,10680023.127596734,2,7,4132.0,1.0,0.14285714285714285,0.0,0.8571428571428571,1.9999999993913775e-06,0.12227746212121213
txteam__tx-parent__2020-06-13_09-29-31,Java,1556055404.0,1581457004.0,27120.0,11240.0,696380.0,76733.0,1734.0,940.5,37.5,31296297.89187674,2,6,578.0,1.0,0.16666666666666669,0.0,0.8333333333333334,2.0000000000575113e-06,0.0053315131166291555
VcDevel__Vc__2020-06-13_11-59-17,C++,1253620085.0,1279021685.0,2604.3333333333335,1246.3333333333333,78053.0,11256.333333333334,285.3333333333333,147.33333333333334,52.333333333333336,14940799.572526952,3,3,49.0,2.0,0.5,0.0,1.0,1.999999999946489e-06,0.01958219775303468
VcDevel__Vc__2020-06-13_11-59-17,C++,1380628085.0,1406029685.0,6456.5,3156.0,244076.0,28898.5,565.5,406.5,199.0,48818599.17216891,2,2,0.0,0.0,0.0,,0.0,,0.0
VcDevel__Vc__2020-06-13_11-59-17,C++,1406029685.0,1431431285.0,6234.5,2941.0,232129.5,30130.0,488.0,321.5,159.5,44906003.657802075,2,2,0.0,0.0,0.0,,0.0,,0.0
VcDevel__Vc__2020-06-13_11-59-17,C++,1431431285.0,1456832885.0,5764.666666666667,1854.6666666666667,191537.33333333334,20656.666666666668,461.3333333333333,273.0,143.33333333333334,38020538.29642051,3,3,174.0,2.0,0.5,0.0,1.0,1.999999999946489e-06,0.08981755828077106
VcDevel__Vc__2020-06-13_11-59-17,C++,1456832885.0,1482234485.0,2568.5,1247.5,91699.5,11077.0,209.0,174.5,79.5,23363653.689979646,2,2,14.0,1.0,0.5,,0.5,2.0000000000575113e-06,0.0013771394845563643
VcDevel__Vc__2020-06-13_11-59-17,C++,1482234485.0,1507636085.0,121.33333333333333,29.333333333333332,4519.666666666667,376.6666666666667,5.0,1.6666666666666667,7.0,1196066.8150545969,3,4,16.0,2.0,0.16666666666666666,0.0,0.5,1.999999999946489e-06,0.027409005420953644
VcDevel__Vc__2020-06-13_11-59-17,C++,1507636085.0,1533037685.0,113.33333333333333,48.666666666666664,4169.0,401.0,7.0,2.6666666666666665,5.666666666666667,4570696.19039195,3,4,4.0,2.0,0.16666666666666666,0.0,0.5,1.999999999946489e-06,0.16873065015479877
Vector35__binaryninja-api__2020-06-11_20-06-50,Python,1439233872.0,1464635472.0,1367.0,776.75,41273.25,5953.75,149.5,79.75,16.5,102981681.1269704,4,4,143.0,2.0,0.3333333333333333,0.0,1.0,1.999999999946489e-06,0.243935056410591
Vector35__binaryninja-api__2020-06-11_20-06-50,Python,1464635472.0,1490037072.0,1570.8333333333333,800.9166666666666,46522.0,6248.416666666667,186.5,103.0,14.166666666666666,186283179.0231832,12,12,638.0,4.0,0.13636363636363635,0.3,1.5,0.013206725269998776,0.20754151722740558
Vector35__binaryninja-api__2020-06-11_20-06-50,Python,1490037072.0,1515438672.0,853.3571428571429,502.5,26891.85714285714,4151.357142857143,125.78571428571429,57.714285714285715,11.5,65340616.96505111,14,14,306.0,3.0,0.0879120879120879,0.23979591836734696,1.1428571428571428,0.2090886505971089,0.1978024714584154
Vector35__binaryninja-api__2020-06-11_20-06-50,Python,1515438672.0,1540840272.0,1289.1538461538462,758.8461538461538,42139.692307692305,6130.076923076923,171.46153846153845,91.0,15.153846153846153,112152525.4591012,13,15,2862.0,3.0,0.18571428571428572,0.45777777777777773,2.6,0.1669847417347068,0.25591590829086924
Vector35__binaryninja-api__2020-06-11_20-06-50,Python,1540840272.0,1566241872.0,852.7368421052631,475.2631578947368,23406.63157894737,3567.0526315789475,127.26315789473684,66.47368421052632,14.578947368421053,49015036.998364024,19,25,1381.0,4.0,0.10666666666666667,0.39756376956376954,2.56,0.10512888549368804,0.22255893276360222
Vector35__binaryninja-api__2020-06-11_20-06-50,Python,1566241872.0,1591643472.0,490.625,272.5,16395.875,2472.125,86.125,40.125,13.3125,38376676.09934797,16,21,650.0,4.0,0.09285714285714286,0.28756957328385896,1.8571428571428572,0.2182902520666149,0.23330076089932636
videolan__vlc__2020-06-11_13-16-50,C,956496902.0,981898502.0,1162.2307692307693,350.6923076923077,34168.307692307695,1937.6153846153845,59.23076923076923,8.923076923076923,18.384615384615383,2918937.7632827493,13,16,1666.0,3.0,0.22916666666666666,0.731341575091575,3.4375,0.36222366026282604,0.13717268524958842
videolan__vlc__2020-06-11_13-16-50,C,981898502.0,1007300102.0,1505.15,532.7,42269.65,3098.9,79.45,9.25,19.85,4869745.408176989,20,25,2561.0,3.0,0.17500000000000002,0.6103770341622003,4.2,0.265375752928251,0.14325399555032023
videolan__vlc__2020-06-11_13-16-50,C,1007300102.0,1032701702.0,2584.15,941.65,77305.0,5540.1,174.9,29.1,37.05,7772890.19293147,20,27,3257.0,4.0,0.15527065527065528,0.5099747021315648,4.037037037037037,0.2589784301224619,0.08362047998719156
videolan__vlc__2020-06-11_13-16-50,C,1032701702.0,1058103302.0,3223.3703703703704,1287.9259259259259,89833.11111111111,8000.148148148148,235.7037037037037,33.81481481481482,58.74074074074074,13212391.681571577,27,33,7286.0,4.0,0.1903409090909091,0.699725734320076,6.090909090909091,0.25003734938548616,0.1322710737632618
videolan__vlc__2020-06-11_13-16-50,C,1058103302.0,1083504902.0,3727.9,1513.6,107971.1,9475.3,282.96666666666664,34.7,68.76666666666667,19344608.36429906,30,42,11216.0,4.0,0.17828106852497097,0.7010696827363202,7.309523809523809,0.4046650327646052,0.193443931177187
videolan__vlc__2020-06-11_13-16-50,C,1083504902.0,1108906502.0,2997.1153846153848,1278.0,89281.69230769231,8172.5,248.26923076923077,30.692307692307693,64.5,18309620.758201234,26,37,7995.0,3.0,0.1524024024024024,0.6386931542103955,5.486486486486487,0.3551387186367527,0.09964229709096079
videolan__vlc__2020-06-11_13-16-50,C,1108906502.0,1134308102.0,2676.3225806451615,1066.1612903225807,70018.12903225806,6950.096774193548,212.51612903225808,27.64516129032258,68.74193548387096,22993412.759643786,31,42,8157.0,4.0,0.19047619047619047,0.5899989455100147,7.809523809523809,0.32000391310004117,0.11913382956246535
videolan__vlc__2020-06-11_13-16-50,C,1134308102.0,1159709702.0,2885.1481481481483,1280.111111111111,84566.88888888889,8030.185185185185,240.0,49.407407407407405,71.33333333333333,12854441.01583719,27,44,10545.0,3.0,0.16331923890063424,0.7421732632848633,7.0227272727272725,0.2833214933386188,0.15450305626619323
videolan__vlc__2020-06-11_13-16-50,C,1159709702.0,1185111302.0,2307.09375,999.09375,69093.9375,6460.46875,194.90625,32.375,72.25,13207514.353968658,32,43,10939.0,4.0,0.17940199335548174,0.6161048822382705,7.534883720930233,0.46028311175446235,0.13458116010437035
videolan__vlc__2020-06-11_13-16-50,C,1185111302.0,1210512902.0,2444.591836734694,973.6530612244898,71558.77551020408,6213.163265306122,210.6734693877551,39.265306122448976,83.73469387755102,13503926.058994783,49,71,19159.0,4.0,0.08329979879275655,0.5891629896001465,5.830985915492958,0.3972432732597705,0.22863623559326876
videolan__vlc__2020-06-11_13-16-50,C,1210512902.0,1235914502.0,1871.7435897435898,729.4358974358975,53011.4358974359,4534.448717948718,148.84615384615384,26.28205128205128,66.61538461538461,12501360.93110313,78,111,29097.0,5.0,0.05110565110565111,0.5853373571813388,5.621621621621622,0.4463534890075883,0.21373906117768393
videolan__vlc__2020-06-11_13-16-50,C,1235914502.0,1261316102.0,1173.3510638297873,479.9148936170213,33890.54255319149,3038.5851063829787,95.69148936170212,17.925531914893618,45.37234042553192,6862072.916497091,94,143,23767.0,4.0,0.03284743425588496,0.5706411885036253,4.664335664335664,0.4466181168796959,0.30317494167803305
videolan__vlc__2020-06-11_13-16-50,C,1261316102.0,1286717702.0,849.5436893203884,355.71844660194176,24729.59223300971,2283.009708737864,70.71844660194175,15.310679611650485,34.43689320388349,4619840.565546038,103,168,18303.0,5.0,0.022954091816367265,0.4084477562440868,3.8333333333333335,0.3655844583678044,0.24903565996666313
videolan__vlc__2020-06-11_13-16-50,C,1286717702.0,1312119302.0,1026.7948717948718,418.34615384615387,29341.666666666668,2725.525641025641,78.74358974358974,15.974358974358974,33.69230769230769,5510891.212282034,78,162,13755.0,4.0,0.019016946553178437,0.4232144322130352,3.0617283950617282,0.3272058470021778,0.23525785209715633
videolan__vlc__2020-06-11_13-16-50,C,1312119302.0,1337520902.0,795.9514563106796,346.6019417475728,23846.776699029127,2237.242718446602,69.97087378640776,14.155339805825243,31.660194174757283,6877711.875427174,103,193,15790.0,5.0,0.016029792746113988,0.3512180322887722,3.077720207253886,0.2219676479115803,0.2856633823897698
videolan__vlc__2020-06-11_13-16-50,C,1337520902.0,1362922502.0,964.4567901234568,398.641975308642,29310.11111111111,2570.246913580247,84.69135802469135,16.48148148148148,31.308641975308642,8312713.240713921,81,177,13590.0,6.0,0.016242937853107344,0.41527252298755557,2.8587570621468927,0.14811729133432183,0.30903023129201546
videolan__vlc__2020-06-11_13-16-50,C,1362922502.0,1388324102.0,604.3658536585366,254.890243902439,18436.670731707316,1684.1829268292684,52.78048780487805,7.134146341463414,25.634146341463413,5648244.306235798,82,169,8711.0,5.0,0.01835023950408566,0.4174016813500713,3.0828402366863905,0.1629069118915748,0.24880632044060808
videolan__vlc__2020-06-11_13-16-50,C,1388324102.0,1413725702.0,720.8441558441558,329.38961038961037,21736.727272727272,2112.987012987013,69.92207792207792,10.103896103896103,31.4025974025974,8090092.609829624,77,166,9686.0,5.0,0.017123037604965315,0.3600878700493543,2.825301204819277,0.158120695436906,0.2677692823747247
videolan__vlc__2020-06-11_13-16-50,C,1413725702.0,1439127302.0,1097.7916666666667,457.875,31466.055555555555,2885.3611111111113,102.61111111111111,19.23611111111111,35.833333333333336,10377187.808356166,72,185,13897.0,5.0,0.012338425381903642,0.3216285242977324,2.27027027027027,0.05227166202735667,0.2709680859510072
videolan__vlc__2020-06-11_13-16-50,C,1439127302.0,1464528902.0,1266.6216216216217,586.5135135135135,37327.40540540541,3589.945945945946,124.5945945945946,24.405405405405407,38.527027027027025,8322119.400055724,74,187,11659.0,6.0,0.014231499051233396,0.34101148058944075,2.6470588235294117,0.2321781897664409,0.24677512797150147
videolan__vlc__2020-06-11_13-16-50,C,1464528902.0,1489930502.0,1630.8474576271187,674.6271186440678,49002.813559322036,4154.559322033899,148.15254237288136,24.677966101694917,58.016949152542374,12072571.478542536,59,202,15893.0,5.0,0.011698931087138565,0.33867147091227034,2.3514851485148514,0.054003467647607106,0.28233009265673603
videolan__vlc__2020-06-11_13-16-50,C,1489930502.0,1515332102.0,1566.0545454545454,678.8181818181819,48718.36363636364,4424.0,140.61818181818182,23.90909090909091,71.47272727272727,12556204.132427502,55,200,16337.0,5.0,0.013316582914572864,0.4251827767289605,2.65,0.14351996779060971,0.29847834753865593
videolan__vlc__2020-06-11_13-16-50,C,1515332102.0,1540733702.0,1573.5535714285713,638.4107142857143,45190.375,3976.8928571428573,127.66071428571429,27.071428571428573,67.96428571428571,13680950.840255002,56,189,18173.0,5.0,0.014775413711583923,0.4335389190718886,2.7777777777777777,0.4403090571125935,0.23829320345454766
videolan__vlc__2020-06-11_13-16-50,C,1540733702.0,1566135302.0,1622.079365079365,750.4761904761905,49101.079365079364,4605.841269841269,144.15873015873015,38.61904761904762,53.12698412698413,13605415.942011429,63,190,14742.0,5.0,0.012837649679754945,0.3690959153343121,2.4263157894736844,0.03087154093261124,0.2735189821710806
videolan__vlc__2020-06-11_13-16-50,C,1566135302.0,1591536902.0,1537.7391304347825,691.4130434782609,46863.67391304348,4320.891304347826,126.43478260869566,31.956521739130434,52.108695652173914,9736615.732483527,46,131,10841.0,4.0,0.01790957134468585,0.36232587295366037,2.3282442748091605,0.15098049868933794,0.2247297035143483
ViewTouch__viewtouch__2020-06-12_04-22-02,C++,1429145796.0,1454547396.0,2407.0,399.3333333333333,53487.333333333336,2760.3333333333335,85.33333333333333,8.666666666666666,19.333333333333332,13979096.337737596,3,3,127.0,1.0,0.3333333333333333,0.0,0.6666666666666666,1.9999999997244444e-06,0.0063563563563563555
ViewTouch__viewtouch__2020-06-12_04-22-02,C++,1454547396.0,1479948996.0,122.0,54.0,3567.5,450.5,8.0,0.5,4.5,1571500.557140428,2,3,11.0,2.0,0.3333333333333333,0.0,0.6666666666666666,1.999999999946489e-06,0.33551673944687044
ViewTouch__viewtouch__2020-06-12_04-22-02,C++,1479948996.0,1505350596.0,548.0,208.5,13687.5,1304.5,37.0,6.0,4.0,675995.297698932,2,4,34.0,1.0,0.16666666666666666,0.0,0.5,2.0000000000575113e-06,0.049018411148408096
ViewTouch__viewtouch__2020-06-12_04-22-02,C++,1505350596.0,1530752196.0,224.0,31.0,3236.5,232.5,4.0,0.0,5.0,1572544.8661242723,2,5,34.0,1.0,0.2,0.0,0.8,1.999999999613422e-06,0.5358744394618834
VOLTTRON__volttron__2020-06-13_15-34-49,Python,1421309826.0,1446711426.0,3344.9285714285716,1594.857142857143,117711.0,10788.285714285714,332.85714285714283,124.85714285714286,57.857142857142854,14187286.625765929,14,15,1443.0,3.0,0.15714285714285717,0.3777777777777777,2.2,0.11680732661578908,0.11868394224554879
VOLTTRON__volttron__2020-06-13_15-34-49,Python,1446711426.0,1472113026.0,7136.4375,2791.6875,239219.6875,18958.0625,477.0625,189.3125,66.875,27171764.03799455,16,21,8132.0,3.0,0.15952380952380954,0.651731205302634,3.1904761904761907,0.1483667668344989,0.19620329041158482
VOLTTRON__volttron__2020-06-13_15-34-49,Python,1472113026.0,1497514626.0,5344.277777777777,2038.0,184132.94444444444,13615.055555555555,394.55555555555554,145.33333333333334,52.833333333333336,26059744.307392426,18,23,3747.0,3.0,0.11264822134387352,0.4864548494983278,2.4782608695652173,0.3583380309531099,0.1604633670189634
VOLTTRON__volttron__2020-06-13_15-34-49,Python,1497514626.0,1522916226.0,2004.9285714285713,910.1428571428571,74761.78571428571,6494.214285714285,156.07142857142858,63.357142857142854,27.214285714285715,115537912.97173414,14,18,1543.0,4.0,0.13071895424836602,0.39647266313932983,2.2222222222222223,0.0060998871659573295,0.14016053967726524
VOLTTRON__volttron__2020-06-13_15-34-49,Python,1522916226.0,1548317826.0,2152.9411764705883,848.3529411764706,78729.94117647059,5393.294117647059,146.05882352941177,45.76470588235294,29.058823529411764,10669840.750306096,17,27,3565.0,3.0,0.09401709401709403,0.4115001307983764,2.4444444444444446,0.09436354055227492,0.14157349278254855
VOLTTRON__volttron__2020-06-13_15-34-49,Python,1548317826.0,1573719426.0,2937.1428571428573,1225.0,106679.0,8521.285714285714,205.42857142857142,71.28571428571429,58.285714285714285,12435545.107959975,7,16,1876.0,2.0,0.125,0.5464285714285715,1.875,0.13604423703014268,0.19254723463595538
weld__weld-junit__2020-06-12_04-26-30,Java,1503663560.0,1529065160.0,1191.5,597.0,43050.5,4102.25,67.5,45.0,9.25,1402204.1494476763,4,4,292.0,2.0,0.3333333333333333,0.75,1.0,0.004589139129140607,0.046377196290121984
weld__weld-junit__2020-06-12_04-26-30,Java,1529065160.0,1554466760.0,288.5,130.75,10160.25,955.75,10.75,9.0,1.75,79295.12229005434,4,5,53.0,2.0,0.2,0.0,0.8,1.9999999998354667e-06,0.1597842348540983
weld__weld-junit__2020-06-12_04-26-30,Java,1554466760.0,1579868360.0,342.0,199.0,11174.0,1385.0,21.5,18.5,3.5,233981.79699396668,2,3,8.0,1.0,0.16666666666666666,0.0,0.3333333333333333,2.0000000000575113e-06,0.007889546351084813
wikimedia__mediawiki-extensions-TemplateStyles__2020-06-14_08-00-16,PHP,1488965323.0,1514366923.0,25.666666666666668,12.0,804.5,69.83333333333333,2.1666666666666665,1.6666666666666667,2.0,38005.32198795335,6,6,1.0,1.0,0.03333333333333333,0.0,0.16666666666666666,2.0000000000575113e-06,0.001282051282051282
wikimedia__mediawiki-extensions-TemplateStyles__2020-06-14_08-00-16,PHP,1514366923.0,1539768523.0,50.857142857142854,26.714285714285715,1724.0,143.0,5.142857142857143,4.0,2.142857142857143,87612.0010102814,7,7,28.0,1.0,0.11904761904761905,0.0,0.7142857142857143,2.0000000000575113e-06,0.395185766614338
wikimedia__mediawiki-extensions-TemplateStyles__2020-06-14_08-00-16,PHP,1539768523.0,1565170123.0,10.8,5.0,299.6,18.0,2.4,2.2,1.2,6525.319220896679,5,8,12.0,1.0,0.05357142857142857,0.0,0.375,2.000000000279556e-06,0.4
wikimedia__mediawiki-extensions-TemplateStyles__2020-06-14_08-00-16,PHP,1565170123.0,1590571723.0,18.285714285714285,8.857142857142858,538.7142857142857,31.142857142857142,1.7142857142857142,1.7142857142857142,1.8571428571428572,37338.838845922364,7,8,14.0,2.0,0.08928571428571429,0.0,0.625,1.999999999946489e-06,0.19076327112041397
wix__detox__2020-06-11_07-08-50,JavaScript,1481484687.0,1506886287.0,1734.2857142857142,1046.9285714285713,53304.92857142857,7468.428571428572,215.78571428571428,135.57142857142858,30.642857142857142,2085801.7697378162,14,16,2283.0,4.0,0.20833333333333334,0.62135989010989,3.125,0.1494577710099334,0.0984865792783502
wix__detox__2020-06-11_07-08-50,JavaScript,1506886287.0,1532287887.0,390.61538461538464,226.96153846153845,11700.26923076923,1286.7307692307693,39.26923076923077,22.76923076923077,6.038461538461538,389454.57985326863,26,34,1006.0,4.0,0.058823529411764705,0.37431372549019615,1.9411764705882353,0.11716210505216551,0.32565764484754
wix__detox__2020-06-11_07-08-50,JavaScript,1532287887.0,1557689487.0,264.51428571428573,131.22857142857143,8073.057142857143,867.1142857142858,23.02857142857143,14.257142857142858,5.771428571428571,331786.2402020649,35,52,1284.0,5.0,0.032805429864253395,0.31465457619303777,1.6730769230769231,0.1824153849118496,0.3899581382031468
wix__detox__2020-06-11_07-08-50,JavaScript,1557689487.0,1583091087.0,604.3846153846154,339.2692307692308,19453.153846153848,2371.0384615384614,61.65384615384615,40.5,8.615384615384615,668123.2343989522,26,56,1782.0,4.0,0.03441558441558441,0.3498122978386136,1.8928571428571428,0.16431622039803173,0.3413901432773592
woocommerce__woocommerce__2020-06-13_10-35-05,PHP,1331918180.0,1357319780.0,840.0714285714286,213.73214285714286,21995.285714285714,1593.875,72.19642857142857,35.75,22.0,3037648.809975142,56,70,3574.0,4.0,0.032712215320910974,0.4811241743074041,2.257142857142857,0.08923739887242377,0.3678056420918551
woocommerce__woocommerce__2020-06-13_10-35-05,PHP,1357319780.0,1382721380.0,287.3157894736842,99.46315789473684,9139.357894736842,797.3894736842105,36.95789473684211,21.789473684210527,12.578947368421053,1010733.685828828,95,107,3166.0,4.0,0.01613472050784694,0.29105211286271976,1.7102803738317758,0.13733440422443743,0.28634681102464954
woocommerce__woocommerce__2020-06-13_10-35-05,PHP,1382721380.0,1408122980.0,394.79646017699116,133.2212389380531,11320.58407079646,980.7168141592921,36.991150442477874,19.61946902654867,18.902654867256636,1682772.051133843,113,146,6898.0,5.0,0.01606046291922532,0.3929894350319075,2.328767123287671,0.18321796707026117,0.3242221591071222
woocommerce__woocommerce__2020-06-13_10-35-05,PHP,1408122980.0,1433524580.0,434.9248120300752,139.5639097744361,12731.894736842105,1017.7293233082706,42.902255639097746,28.218045112781954,17.06766917293233,4972617.119957033,133,196,10923.0,5.0,0.01227106227106227,0.38861983314434945,2.392857142857143,0.3217322362769319,0.34098759895497105
woocommerce__woocommerce__2020-06-13_10-35-05,PHP,1433524580.0,1458926180.0,495.15503875968994,187.2170542635659,15394.837209302326,1466.2945736434108,63.91472868217054,41.3875968992248,17.976744186046513,4731360.726789506,129,187,8512.0,4.0,0.013915243516761544,0.40420941056525833,2.588235294117647,0.35040314254866556,0.4034303081731712
woocommerce__woocommerce__2020-06-13_10-35-05,PHP,1458926180.0,1484327780.0,506.27272727272725,170.2077922077922,13873.90909090909,1238.2467532467533,55.55844155844156,38.422077922077925,15.753246753246753,3756601.5180646335,154,234,12626.0,5.0,0.01019771835222479,0.3816833229027371,2.376068376068376,0.3125113178759943,0.40793523672383647
woocommerce__woocommerce__2020-06-13_10-35-05,PHP,1484327780.0,1509729380.0,393.5360824742268,155.38144329896906,11921.551546391753,1099.0670103092784,53.175257731958766,37.77319587628866,15.70103092783505,2458637.975099168,194,275,11123.0,4.0,0.009024552090245521,0.3586210828789395,2.4727272727272727,0.3069091855172399,0.3942357828314202
woocommerce__woocommerce__2020-06-13_10-35-05,PHP,1509729380.0,1535130980.0,406.3468208092485,132.61271676300578,11705.583815028902,800.1387283236994,39.456647398843934,27.55491329479769,15.705202312138729,2753796.8715602853,173,320,15748.0,5.0,0.007102272727272727,0.3621542068291416,2.265625,0.04038113548578992,0.406208264440572
woocommerce__woocommerce__2020-06-13_10-35-05,PHP,1535130980.0,1560532580.0,228.02762430939225,90.5303867403315,7213.629834254144,538.2541436464088,26.29281767955801,17.359116022099446,10.668508287292818,1386773.6090881277,181,269,7147.0,5.0,0.007587527048771015,0.29774915856866263,2.033457249070632,0.13388601763344088,0.38036039069480887
woocommerce__woocommerce__2020-06-13_10-35-05,PHP,1560532580.0,1585934180.0,151.8181818181818,64.36363636363636,4533.783216783217,421.5244755244755,14.237762237762238,9.55944055944056,8.118881118881118,1561105.7867491895,143,217,3834.0,6.0,0.00938726745178358,0.3105128511465511,2.0276497695852536,0.22505272134818977,0.40435198613791984
wp-media__rocket-lazy-load__2020-06-11_06-59-15,PHP,1502193761.0,1527595361.0,1243.6666666666667,707.6666666666666,50646.333333333336,8530.333333333334,378.6666666666667,144.66666666666666,32.0,3181761.426044114,3,3,134.0,1.0,0.6666666666666666,1.0,1.3333333333333333,0.051240826904522585,0.3653937591552886
xfce-mirror__thunar-archive-plugin__2020-06-13_21-40-31,C,1532518763.0,1557920363.0,22.5,9.0,798.5,34.0,1.5,0.0,1.0,35094.06862936355,2,3,5.0,1.0,0.5,1.0,1.0,0.33333499999999994,0.08492822966507177
xfce-mirror__xfce4-timer-plugin__2020-06-13_00-04-49,C,1513913582.0,1539315182.0,52.666666666666664,12.333333333333334,1290.6666666666667,136.33333333333334,1.0,0.6666666666666666,2.3333333333333335,644330.1365786269,3,4,27.0,1.0,0.4166666666666667,0.8333333333333333,1.25,0.1250225751380375,0.15653726015171798
xfce-mirror__xfdesktop__2020-06-13_00-05-56,C,1052673795.0,1078075395.0,501.0,269.85714285714283,12619.857142857143,1092.2857142857142,32.42857142857143,4.571428571428571,13.714285714285714,1540044.189244626,7,8,482.0,2.0,0.23214285714285715,0.6041666666666666,1.625,0.3293727546117924,0.142127263193467
xfce-mirror__xfdesktop__2020-06-13_00-05-56,C,1078075395.0,1103476995.0,2826.0,1489.857142857143,76851.42857142857,6027.142857142857,202.0,27.571428571428573,42.0,8111084.113189123,7,8,4000.0,2.0,0.3392857142857143,0.41071428571428564,2.375,0.013807007395809867,0.2436339937972373
xfce-mirror__xfdesktop__2020-06-13_00-05-56,C,1103476995.0,1128878595.0,726.1428571428571,327.85714285714283,23662.14285714286,2260.5714285714284,34.57142857142857,4.714285714285714,10.142857142857142,6145594.511774992,7,7,81.0,2.0,0.2142857142857143,0.11904761904761904,1.2857142857142858,0.012631277015122011,0.24119230565973648
xfce-mirror__xfdesktop__2020-06-13_00-05-56,C,1128878595.0,1154280195.0,2148.3333333333335,1049.0,74756.83333333333,6601.333333333333,146.33333333333334,31.333333333333332,35.0,24818652.72471188,6,7,55.0,2.0,0.2142857142857143,0.2952380952380952,1.2857142857142858,0.06724696505080585,0.01885970046293337
xfce-mirror__xfdesktop__2020-06-13_00-05-56,C,1154280195.0,1179681795.0,1069.8,423.2,37328.0,2550.0,94.2,17.8,20.8,9616619.28523043,5,5,38.0,3.0,0.25,0.0,1.0,2.0000000001685336e-06,0.05298541498205217
xfce-mirror__xfdesktop__2020-06-13_00-05-56,C,1179681795.0,1205083395.0,334.0,125.66666666666667,10674.333333333334,646.6666666666666,25.0,6.666666666666667,9.333333333333334,1272611.8765243862,3,3,16.0,1.0,0.3333333333333333,0.0,0.6666666666666666,2.0000000000575113e-06,0.33835845896147404
xfce-mirror__xfdesktop__2020-06-13_00-05-56,C,1205083395.0,1230484995.0,914.25,439.5,31534.25,2650.25,76.5,7.0,18.75,9172193.939594824,4,6,38.0,2.0,0.2,0.0,1.0,2.0000000001685336e-06,0.4629823559279005
xfce-mirror__xfdesktop__2020-06-13_00-05-56,C,1230484995.0,1255886595.0,272.75,102.5,8835.0,561.5,29.75,2.0,8.25,1508736.5528402564,4,5,2.0,2.0,0.1,0.0,0.4,1.999999999946489e-06,0.12523148148148147
xfce-mirror__xfdesktop__2020-06-13_00-05-56,C,1255886595.0,1281288195.0,7.5,2.5,105.5,8.5,0.0,0.0,3.0,299006.1409162652,2,2,0.0,0.0,0.0,,0.0,,0.0
xfce-mirror__xfdesktop__2020-06-13_00-05-56,C,1281288195.0,1306689795.0,1312.8,664.6,47908.0,3603.4,114.4,22.8,17.6,11119505.163852625,5,6,1917.0,2.0,0.2,0.27777777777777773,1.0,0.05236827797060717,0.45352257455232287
xfce-mirror__xfdesktop__2020-06-13_00-05-56,C,1306689795.0,1332091395.0,691.0,397.5,24173.5,2367.5,79.0,12.5,13.0,12689382.276827578,2,4,120.0,1.0,0.3333333333333333,0.0,1.0,2.000000001056712e-06,0.2551473022178087
xfce-mirror__xfdesktop__2020-06-13_00-05-56,C,1332091395.0,1357492995.0,130.28571428571428,40.142857142857146,4277.428571428572,216.57142857142858,8.571428571428571,1.4285714285714286,3.7142857142857144,992206.0741865374,7,11,209.0,3.0,0.10909090909090909,0.2303030303030303,1.0909090909090908,0.06523072420551246,0.14724070494710292
xfce-mirror__xfdesktop__2020-06-13_00-05-56,C,1357492995.0,1382894595.0,1900.75,802.5,66131.0,4477.25,145.5,26.5,21.0,15606844.816662256,4,11,1033.0,2.0,0.1181818181818182,0.4318181818181818,1.1818181818181819,0.052093737253272376,0.21367179770046169
xfce-mirror__xfdesktop__2020-06-13_00-05-56,C,1382894595.0,1408296195.0,654.1666666666666,245.33333333333334,21524.666666666668,1532.3333333333333,53.5,7.833333333333333,15.833333333333334,6777384.393076175,6,10,466.0,2.0,0.1,0.4095238095238095,0.9,0.011249644575347606,0.18700960164848335
xfce-mirror__xfdesktop__2020-06-13_00-05-56,C,1408296195.0,1433697795.0,392.0,163.33333333333334,12552.5,979.0,32.166666666666664,4.333333333333333,15.833333333333334,6205410.961519141,6,12,527.0,3.0,0.15151515151515152,0.5407407407407407,1.6666666666666667,0.2687814984834226,0.17201679544823303
xfce-mirror__xfdesktop__2020-06-13_00-05-56,C,1433697795.0,1459099395.0,208.5,93.0,6358.0,467.5,20.5,5.0,4.0,2388767.9450942166,2,4,6.0,2.0,0.25,0.0,0.75,2.0000000000575113e-06,0.04678384442782348
xfce-mirror__xfdesktop__2020-06-13_00-05-56,C,1484500995.0,1509902595.0,353.5,150.33333333333334,12066.333333333334,977.3333333333334,44.166666666666664,8.833333333333334,9.5,6364751.145987422,6,17,687.0,2.0,0.07720588235294118,0.24768368886015946,1.2352941176470589,0.1646691795530726,0.31443497888452016
xfce-mirror__xfdesktop__2020-06-13_00-05-56,C,1509902595.0,1535304195.0,13.2,3.0,525.6,22.4,0.2,0.0,1.4,184406.7207470028,5,9,27.0,1.0,0.09722222222222222,0.0,0.7777777777777778,2.000000001056712e-06,0.5515151515151515
xfce-mirror__xfdesktop__2020-06-13_00-05-56,C,1535304195.0,1560705795.0,191.71428571428572,101.28571428571429,6575.714285714285,638.1428571428571,40.0,6.857142857142857,6.428571428571429,4217276.1093389215,7,17,334.0,2.0,0.08088235294117647,0.16209150326797386,1.2941176470588236,0.05620008011629285,0.3459486555349399
xfce-mirror__xfdesktop__2020-06-13_00-05-56,C,1560705795.0,1586107395.0,54.833333333333336,33.0,1949.0,180.0,8.0,0.8333333333333334,4.0,1854802.4474531915,6,14,53.0,1.0,0.06043956043956044,0.0,0.7857142857142857,1.999999999613422e-06,0.31577206346484116
xiaofengli__codebank__2020-06-14_04-38-01,,1541009340.0,1566410940.0,1840.0,1339.0,47394.0,8448.0,151.33333333333334,75.0,15.333333333333334,396625.3943142512,3,3,68.0,1.0,0.3333333333333333,0.0,0.6666666666666666,2.0000000000575113e-06,0.029303688530579984
zclconf__go-cty__2020-06-13_23-30-00,Go,1532943732.0,1558345332.0,478.4,357.8,12004.2,2241.4,37.8,7.2,6.0,949826.8178873465,5,5,28.0,2.0,0.25,0.0,1.0,2.0000000000575113e-06,0.13049581182052467
zclconf__go-cty__2020-06-13_23-30-00,Go,1558345332.0,1583746932.0,506.6,400.0,12523.0,2606.0,37.4,8.8,5.2,1714378.9952111286,5,6,33.0,2.0,0.13333333333333333,0.0,0.6666666666666666,1.999999999613422e-06,0.029319871292965462
zs6buj__MavlinkToPassthru__2020-06-13_00-21-03,C,1540464081.0,1565865681.0,102320.5,70065.5,3715830.0,486462.5,16417.0,2548.5,34.5,871406756.3932055,2,2,27.0,1.0,1.0,,1.0,2.0000000000575113e-06,0.13298361225620622
zs6buj__MavlinkToPassthru__2020-06-13_00-21-03,C,1565865681.0,1591267281.0,548454.3333333334,351597.3333333333,23609415.0,2885870.0,61097.333333333336,23176.0,27.666666666666668,5198503561.975687,3,3,4.0,1.0,0.3333333333333333,0.0,0.6666666666666666,2.0000000000575113e-06,0.1435897435897436
