"","project","module","releaseDate","developer","touches","churn","commits_group_id"
"1","https://github.com/rails/rails.git","(?-mix:^activesupport\/lib\/active_support\/.*)",2009-05-15,"jeremy kemper",4,147,3
"2","https://github.com/rails/rails.git","(?-mix:^actionpack\/lib\/action_view\/.*)",2009-05-15,"yehuda katz + carl lerche",8,32,3
"3","https://github.com/rails/rails.git","(?-mix:^actionpack\/lib\/action_controller\/.*)",2009-05-15,"jeremy kemper",4,38,3
"4","https://github.com/rails/rails.git","(?-mix:^actionpack\/lib\/action_view\/helpers\/.*)",2009-05-15,"thomas r. koll",1,4,3
"5","https://github.com/matthieu-foucault/jquery.git","src/manipulation.js",2012-12-08,"oleg",45,751,5
"6","https://github.com/matthieu-foucault/jquery.git","src/css.js",2012-12-08,"bennett sorbo",1,1,5
"7","https://github.com/rails/rails.git","(?-mix:^actionpack\/lib\/action_view\/template_handlers\/.*)",2009-04-16,"jeremy kemper",1,1,2
"8","https://github.com/rails/rails.git","(?-mix:^actionpack\/lib\/action_controller\/.*)",2009-05-15,"yehuda katz + carl lerche",10,41,3
"9","https://github.com/rails/rails.git","(?-mix:^actionpack\/lib\/action_controller\/.*)",2009-05-15,"bryan helmkamp",3,50,3
"10","https://github.com/rails/rails.git","(?-mix:^activesupport\/lib\/active_support\/json\/.*)",2009-05-15,"brian lopez",1,5,3
"11","https://github.com/rails/rails.git","(?-mix:^activesupport\/lib\/active_support\/xml_mini.*)",2009-05-15,"brian lopez",6,74,3
"12","https://github.com/rails/rails.git","(?-mix:^actionpack\/lib\/action_view\/helpers\/.*)",2009-05-15,"lance ivy",1,13,3
"13","https://github.com/rails/rails.git","(?-mix:^actionpack\/lib\/action_controller\/.*)",2009-05-15,"thomas e. glasgow",1,7,3
"14","https://github.com/rails/rails.git","(?-mix:^actionpack\/lib\/action_view\/helpers\/.*)",2009-05-15,"travis briggs",1,7,3
"15","https://github.com/rails/rails.git","(?-mix:^activesupport\/lib\/active_support\/multibyte\/.*)",2009-05-15,"jeremy kemper",1,1,3
"16","https://github.com/rails/rails.git","(?-mix:^activesupport\/lib\/active_support\/cache\/.*)",2009-05-15,"bryan helmkamp",2,19,3
"17","https://github.com/angular/angular.js.git","(?-mix:^src\/[^\/]*)",2013-05-11,"joakim blomskøld",1,1,12
"18","https://github.com/angular/angular.js.git","(?-mix:^src\/ng\/directive\/input\.js)",2013-05-11,"david bennett",1,2,12
"19","https://github.com/angular/angular.js.git","(?-mix:^src\/[^\/]*)",2013-05-11,"michał gołębiowski",1,7,12
"20","https://github.com/angular/angular.js.git","(?-mix:^src\/jqLite\.js)",2013-05-11,"michał gołębiowski",1,11,12
"21","https://github.com/angular/angular.js.git","(?-mix:^src\/ngResource\/.*)",2013-05-11,"alexander shtuchkin",1,124,12
"22","https://github.com/angular/angular.js.git","(?-mix:^src\/auto\/injector\.js)",2013-05-11,"igor minar",1,12,12
"23","https://github.com/angular/angular.js.git","(?-mix:^src\/jqLite\.js)",2013-05-11,"igor minar",1,6,12
"24","https://github.com/angular/angular.js.git","(?-mix:^src\/ng\/[^\/]*)",2013-05-11,"igor minar",5,80,12
"25","https://github.com/angular/angular.js.git","(?-mix:^src\/ng\/compile\.js)",2013-05-11,"igor minar",2,35,12
"26","https://github.com/angular/angular.js.git","(?-mix:^src\/ng\/directive\/input\.js)",2013-05-11,"igor minar",1,7,12
"27","https://github.com/angular/angular.js.git","(?-mix:^src\/ng\/directive\/ng.*)",2013-05-11,"igor minar",3,36,12
"28","https://github.com/angular/angular.js.git","(?-mix:^src\/ng\/directive\/.*)",2013-05-11,"igor minar",1,6,12
"29","https://github.com/angular/angular.js.git","(?-mix:^src\/ng\/http.*)",2013-05-11,"igor minar",1,2,12
"30","https://github.com/angular/angular.js.git","(?-mix:^src\/ng\/location\.js)",2013-05-11,"igor minar",1,6,12
"31","https://github.com/angular/angular.js.git","(?-mix:^src\/ng\/parse\.js)",2013-05-11,"igor minar",1,19,12
"32","https://github.com/angular/angular.js.git","(?-mix:^src\/ng\/rootScope\.js)",2013-05-11,"igor minar",1,11,12
"33","https://github.com/angular/angular.js.git","(?-mix:^src\/ngMock\/.*)",2013-05-11,"igor minar",1,15,12
"34","https://github.com/angular/angular.js.git","(?-mix:^src\/jqLite\.js)",2013-05-11,"misko hevery",1,44,12
"35","https://github.com/angular/angular.js.git","(?-mix:^src\/ng\/compile\.js)",2013-05-11,"misko hevery",1,123,12
"36","https://github.com/angular/angular.js.git","(?-mix:^src\/ng\/directive\/ng.*)",2013-05-11,"misko hevery",1,2,12
"37","https://github.com/angular/angular.js.git","(?-mix:^src\/jqLite\.js)",2013-05-11,"jeff cross",1,7,12
"38","https://github.com/angular/angular.js.git","(?-mix:^src\/ng\/directive\/input\.js)",2013-05-11,"luc morin",1,6,12
"39","https://github.com/angular/angular.js.git","(?-mix:^src\/ng\/directive\/ng.*)",2013-05-11,"luc morin",1,4,12
"40","https://github.com/angular/angular.js.git","(?-mix:^src\/ngSanitize\/sanitize\.js)",2013-05-11,"alan klement",1,19,12
"41","https://github.com/angular/angular.js.git","(?-mix:^src\/ngMock\/.*)",2013-05-11,"robb shecter",1,2,12
"42","https://github.com/angular/angular.js.git","(?-mix:^src\/[^\/]*)",2013-05-11,"robbie ferrero",1,6,12
"43","https://github.com/angular/angular.js.git","(?-mix:^src\/ng\/directive\/ng.*)",2013-05-11,"marcin wosinek",1,3,12
"44","https://github.com/angular/angular.js.git","(?-mix:^src\/bootstrap\/.*)",2013-05-11,"igor minar",1,1,12
"45","https://github.com/angular/angular.js.git","(?-mix:^src\/ngResource\/.*)",2013-05-11,"igor minar",1,2,12
"46","https://github.com/matthieu-foucault/jquery.git","src/css.js",2012-08-09,"rick waldron",2,6,1
"47","https://github.com/matthieu-foucault/jquery.git","src/support.js",2012-08-09,"rick waldron",1,6,1
"48","https://github.com/matthieu-foucault/jquery.git","src/css.js",2012-08-09,"elijah manor",1,3,1
"49","https://github.com/matthieu-foucault/jquery.git","src/manipulation.js",2012-08-09,"elijah manor",2,19,1
"50","https://github.com/matthieu-foucault/jquery.git","src/support.js",2012-08-09,"elijah manor",1,13,1
"51","https://github.com/matthieu-foucault/jquery.git","src/ajax.js",2012-08-09,"julian aubourg",1,2,1
"52","https://github.com/matthieu-foucault/jquery.git","src/callbacks.js",2012-08-09,"julian aubourg",1,5,1
"53","https://github.com/matthieu-foucault/jquery.git","src/event.js",2012-08-09,"nikita govorov",1,2,1
"54","https://github.com/matthieu-foucault/jquery.git","src/css.js",2012-08-09,"oleg gaidarenko",1,2,1
"55","https://github.com/matthieu-foucault/jquery.git","src/queue.js",2012-08-09,"corey frang",1,8,1
"56","https://github.com/matthieu-foucault/jquery.git","src/effects.js",2012-08-09,"corey frang",1,8,1
"57","https://github.com/matthieu-foucault/jquery.git","src/core.js",2012-08-09,"wesley walser",1,4,1
"58","https://github.com/matthieu-foucault/jquery.git","src/css.js",2012-08-09,"mike sherov",3,19,1
"59","https://github.com/matthieu-foucault/jquery.git","src/dimensions.js",2012-08-09,"mike sherov",1,2,1
"60","https://github.com/matthieu-foucault/jquery.git","src/event.js",2012-08-09,"dmethvin",3,16,1
"61","https://github.com/matthieu-foucault/jquery.git","src/core.js",2012-08-09,"mike sherov",2,11,1
"62","https://github.com/matthieu-foucault/jquery.git","src/core.js",2012-08-09,"dmethvin",1,4,1
"63","https://github.com/matthieu-foucault/jquery.git","src/deprecated.js",2012-08-09,"dmethvin",1,7,1
"64","https://github.com/matthieu-foucault/jquery.git","src/core.js",2012-08-09,"richard gibson",1,6,1
"65","https://github.com/matthieu-foucault/jquery.git","src/ajax.js",2012-08-09,"dmethvin",2,4,1
"66","https://github.com/matthieu-foucault/jquery.git","src/data.js",2012-08-09,"dmethvin",1,2,1
"67","https://github.com/matthieu-foucault/jquery.git","src/manipulation.js",2012-08-09,"dmethvin",3,38,1
"68","https://github.com/matthieu-foucault/jquery.git","src/effects.js",2012-08-09,"dmethvin",1,1,1
"69","https://github.com/matthieu-foucault/jquery.git","src/support.js",2012-08-09,"dmethvin",1,2,1
"70","https://github.com/matthieu-foucault/jquery.git","src/event.js",2012-09-10,"dmethvin",2,7,2
"71","https://github.com/matthieu-foucault/jquery.git","src/deferred.js",2012-09-10,"julian aubourg",1,2,2
"72","https://github.com/matthieu-foucault/jquery.git","src/offset.js",2012-09-10,"dmethvin",2,25,2
"73","https://github.com/matthieu-foucault/jquery.git","src/effects.js",2012-09-10,"richard gibson",1,15,2
"74","https://github.com/matthieu-foucault/jquery.git","src/ajax.js",2012-09-10,"richard gibson",2,28,2
"75","https://github.com/matthieu-foucault/jquery.git","src/attributes.js",2012-09-10,"richard gibson",2,38,2
"76","https://github.com/matthieu-foucault/jquery.git","src/core.js",2012-09-10,"richard gibson",1,6,2
"77","https://github.com/matthieu-foucault/jquery.git","src/data.js",2012-09-10,"richard gibson",1,6,2
"78","https://github.com/matthieu-foucault/jquery.git","src/event.js",2012-09-10,"richard gibson",1,4,2
"79","https://github.com/matthieu-foucault/jquery.git","src/support.js",2012-09-10,"richard gibson",1,11,2
"80","https://github.com/matthieu-foucault/jquery.git","src/css.js",2012-09-10,"mike sherov",1,4,2
"81","https://github.com/matthieu-foucault/jquery.git","src/css.js",2012-09-10,"rick waldron",1,2,2
"82","https://github.com/matthieu-foucault/jquery.git","src/callbacks.js",2012-09-10,"julian aubourg",1,4,2
"83","https://github.com/matthieu-foucault/jquery.git","src/core.js",2012-10-10,"dmethvin",5,18,3
"84","https://github.com/matthieu-foucault/jquery.git","src/event.js",2012-10-10,"dmethvin",5,34,3
"85","https://github.com/matthieu-foucault/jquery.git","src/deprecated.js",2012-10-10,"david bonner",1,26,3
"86","https://github.com/matthieu-foucault/jquery.git","src/event.js",2012-10-10,"david bonner",1,26,3
"87","https://github.com/matthieu-foucault/jquery.git","src/ajax/xhr.js",2012-10-10,"rick waldron",1,4,3
"88","https://github.com/matthieu-foucault/jquery.git","src/css.js",2012-10-10,"mike sherov",2,10,3
"89","https://github.com/matthieu-foucault/jquery.git","src/deprecated.js",2012-10-10,"mike sherov",1,8,3
"90","https://github.com/matthieu-foucault/jquery.git","src/effects.js",2012-10-10,"mike sherov",2,7,3
"91","https://github.com/matthieu-foucault/jquery.git","src/ajax.js",2012-10-10,"julian aubourg",2,53,3
"92","https://github.com/matthieu-foucault/jquery.git","src/attributes.js",2012-10-10,"akintayo akinwunmi",1,3,3
"93","https://github.com/matthieu-foucault/jquery.git","src/deprecated.js",2012-10-10,"akintayo akinwunmi",1,3,3
"94","https://github.com/matthieu-foucault/jquery.git","src/traversing.js",2012-10-10,"morgan",1,2,3
"95","https://github.com/matthieu-foucault/jquery.git","src/data.js",2012-10-10,"carldanley",1,72,3
"96","https://github.com/matthieu-foucault/jquery.git","src/effects.js",2012-10-10,"carldanley",1,2,3
"97","https://github.com/matthieu-foucault/jquery.git","src/event.js",2012-10-10,"carldanley",1,3,3
"98","https://github.com/matthieu-foucault/jquery.git","src/queue.js",2012-10-10,"carldanley",1,4,3
"99","https://github.com/matthieu-foucault/jquery.git","src/ajax.js",2012-10-10,"ben truyman",1,4,3
"100","https://github.com/matthieu-foucault/jquery.git","src/traversing.js",2012-10-10,"timmy willison",1,4,3
"101","https://github.com/matthieu-foucault/jquery.git","src/support.js",2012-10-10,"mike petrovich",1,2,3
"102","https://github.com/matthieu-foucault/jquery.git","src/deprecated.js",2012-10-10,"greg lavallee",1,39,3
"103","https://github.com/matthieu-foucault/jquery.git","src/event.js",2012-10-10,"greg lavallee",1,10,3
"104","https://github.com/matthieu-foucault/jquery.git","src/manipulation.js",2012-10-10,"rick waldron",3,11,3
"105","https://github.com/matthieu-foucault/jquery.git","src/manipulation.js",2012-10-10,"daniel galvez",1,22,3
"106","https://github.com/matthieu-foucault/jquery.git","src/manipulation.js",2012-10-10,"sai wong",1,55,3
"107","https://github.com/matthieu-foucault/jquery.git","src/core.js",2012-10-10,"mike sherov",1,2,3
"108","https://github.com/matthieu-foucault/jquery.git","src/event.js",2012-10-10,"mike sherov",2,5,3
"109","https://github.com/matthieu-foucault/jquery.git","src/manipulation.js",2012-10-10,"mike sherov",1,2,3
"110","https://github.com/matthieu-foucault/jquery.git","src/serialize.js",2012-10-10,"mike sherov",1,2,3
"111","https://github.com/matthieu-foucault/jquery.git","src/traversing.js",2012-10-10,"mike sherov",2,33,3
"112","https://github.com/matthieu-foucault/jquery.git","src/offset.js",2012-10-10,"merrifield, jay",1,34,3
"113","https://github.com/matthieu-foucault/jquery.git","src/support.js",2012-10-10,"merrifield, jay",1,2,3
"114","https://github.com/matthieu-foucault/jquery.git","src/core.js",2012-10-10,"james huston",1,21,3
"115","https://github.com/matthieu-foucault/jquery.git","src/effects.js",2012-10-10,"julian aubourg",1,1,3
"116","https://github.com/matthieu-foucault/jquery.git","src/intro.js",2012-10-10,"julian aubourg",1,1,3
"117","https://github.com/matthieu-foucault/jquery.git","src/event.js",2012-10-10,"allen j schmidt jr",1,2,3
"118","https://github.com/matthieu-foucault/jquery.git","src/core.js",2012-10-10,"richard gibson",3,93,3
"119","https://github.com/matthieu-foucault/jquery.git","src/event.js",2012-10-10,"sai wong",1,2,3
"120","https://github.com/matthieu-foucault/jquery.git","src/event.js",2012-10-10,"merrifield, jay",1,8,3
"121","https://github.com/matthieu-foucault/jquery.git","src/attributes.js",2012-10-10,"sai wong",1,2,3
"122","https://github.com/matthieu-foucault/jquery.git","src/core.js",2012-10-10,"rick waldron",1,3,3
"123","https://github.com/matthieu-foucault/jquery.git","src/data.js",2012-10-10,"rick waldron",2,10,3
"124","https://github.com/matthieu-foucault/jquery.git","src/ajax/xhr.js",2012-10-10,"oleg gaidarenko",1,3,3
"125","https://github.com/matthieu-foucault/jquery.git","src/data.js",2012-10-10,"dmethvin",2,33,3
"126","https://github.com/matthieu-foucault/jquery.git","src/event.js",2012-10-10,"oleg",1,13,3
"127","https://github.com/matthieu-foucault/jquery.git","src/attributes.js",2012-10-10,"matthias jäggli",1,2,3
"128","https://github.com/matthieu-foucault/jquery.git","src/offset.js",2012-10-10,"mike sherov",1,0,3
"129","https://github.com/matthieu-foucault/jquery.git","src/attributes.js",2012-10-10,"timmy willison",1,0,3
"130","https://github.com/matthieu-foucault/jquery.git","src/manipulation.js",2012-10-10,"dmethvin",1,2,3
"131","https://github.com/matthieu-foucault/jquery.git","src/traversing.js",2012-10-10,"dmethvin",3,51,3
"132","https://github.com/matthieu-foucault/jquery.git","src/offset.js",2012-10-10,"daniel gálvez",1,36,3
"133","https://github.com/matthieu-foucault/jquery.git","src/manipulation.js",2012-10-10,"oleg",1,33,3
"134","https://github.com/matthieu-foucault/jquery.git","src/attributes.js",2012-10-10,"krinkle",1,6,3
"135","https://github.com/matthieu-foucault/jquery.git","src/css.js",2012-10-10,"oleg",1,14,3
"136","https://github.com/matthieu-foucault/jquery.git","src/css.js",2012-10-10,"yiminghe",1,10,3
"137","https://github.com/matthieu-foucault/jquery.git","src/attributes.js",2012-10-10,"dmethvin",1,8,3
"138","https://github.com/matthieu-foucault/jquery.git","src/core.js",2012-10-10,"oleg",1,3,3
"139","https://github.com/matthieu-foucault/jquery.git","src/traversing.js",2012-10-10,"oleg",1,7,3
"140","https://github.com/matthieu-foucault/jquery.git","src/attributes.js",2012-10-10,"richard gibson",1,11,3
"141","https://github.com/matthieu-foucault/jquery.git","src/data.js",2012-10-10,"richard gibson",1,2,3
"142","https://github.com/matthieu-foucault/jquery.git","src/deprecated.js",2012-10-10,"dmethvin",1,127,3
"143","https://github.com/matthieu-foucault/jquery.git","src/effects.js",2012-11-08,"corey frang",4,28,4
"144","https://github.com/matthieu-foucault/jquery.git","src/manipulation.js",2012-11-08,"dmethvin",2,25,4
"145","https://github.com/matthieu-foucault/jquery.git","src/support.js",2012-11-08,"dmethvin",1,2,4
"146","https://github.com/matthieu-foucault/jquery.git","src/attributes.js",2012-11-08,"afarkas",1,8,4
"147","https://github.com/matthieu-foucault/jquery.git","src/core.js",2012-11-08,"richard gibson",3,124,4
"148","https://github.com/matthieu-foucault/jquery.git","src/manipulation.js",2012-11-08,"richard gibson",5,398,4
"149","https://github.com/matthieu-foucault/jquery.git","src/ajax/script.js",2012-11-08,"krinkle",1,2,4
"150","https://github.com/matthieu-foucault/jquery.git","src/event.js",2012-11-08,"dmethvin",4,67,4
"151","https://github.com/matthieu-foucault/jquery.git","src/manipulation.js",2012-11-08,"dcooper",1,4,4
"152","https://github.com/matthieu-foucault/jquery.git","src/core.js",2012-11-08,"dmethvin",2,5,4
"153","https://github.com/matthieu-foucault/jquery.git","src/ajax.js",2012-11-08,"richard gibson",3,515,4
"154","https://github.com/matthieu-foucault/jquery.git","src/ajax/jsonp.js",2012-11-08,"richard gibson",1,31,4
"155","https://github.com/matthieu-foucault/jquery.git","src/ajax/script.js",2012-11-08,"richard gibson",1,17,4
"156","https://github.com/matthieu-foucault/jquery.git","src/ajax/xhr.js",2012-11-08,"richard gibson",1,30,4
"157","https://github.com/matthieu-foucault/jquery.git","src/serialize.js",2012-11-08,"dmethvin",1,25,4
"158","https://github.com/matthieu-foucault/jquery.git","src/support.js",2012-11-08,"scott gonzález",1,4,4
"159","https://github.com/matthieu-foucault/jquery.git","src/attributes.js",2012-11-08,"richard gibson",4,199,4
"160","https://github.com/matthieu-foucault/jquery.git","src/callbacks.js",2012-11-08,"richard gibson",2,4,4
"161","https://github.com/matthieu-foucault/jquery.git","src/css.js",2012-11-08,"richard gibson",3,58,4
"162","https://github.com/matthieu-foucault/jquery.git","src/data.js",2012-11-08,"richard gibson",2,4,4
"163","https://github.com/matthieu-foucault/jquery.git","src/effects.js",2012-11-08,"richard gibson",2,4,4
"164","https://github.com/matthieu-foucault/jquery.git","src/event.js",2012-11-08,"richard gibson",2,46,4
"165","https://github.com/matthieu-foucault/jquery.git","src/serialize.js",2012-11-08,"richard gibson",2,10,4
"166","https://github.com/matthieu-foucault/jquery.git","src/manipulation.js",2012-11-08,"oleg",1,20,4
"167","https://github.com/matthieu-foucault/jquery.git","src/ajax.js",2012-11-08,"matt farmer",1,3,4
"168","https://github.com/matthieu-foucault/jquery.git","src/ajax.js",2012-11-08,"julian aubourg",2,33,4
"169","https://github.com/matthieu-foucault/jquery.git","src/core.js",2012-11-08,"paul ramos",1,3,4
"170","https://github.com/matthieu-foucault/jquery.git","src/manipulation.js",2012-11-08,"paul ramos",1,39,4
"171","https://github.com/matthieu-foucault/jquery.git","src/manipulation.js",2012-11-08,"rod vagg",1,30,4
"172","https://github.com/matthieu-foucault/jquery.git","src/deferred.js",2012-11-08,"julian aubourg",1,9,4
"173","https://github.com/matthieu-foucault/jquery.git","src/manipulation.js",2012-12-08,"dmethvin",4,91,5
"174","https://github.com/matthieu-foucault/jquery.git","src/traversing.js",2012-12-08,"dmethvin",1,6,5
"175","https://github.com/matthieu-foucault/jquery.git","src/css.js",2012-12-08,"rick waldron",1,21,5
"176","https://github.com/matthieu-foucault/jquery.git","src/core.js",2012-12-08,"rick waldron",18,263,5
"177","https://github.com/matthieu-foucault/jquery.git","src/ajax/xhr.js",2012-12-08,"oleg",1,2,5
"178","https://github.com/matthieu-foucault/jquery.git","src/core.js",2012-12-08,"oleg",1,4,5
"179","https://github.com/matthieu-foucault/jquery.git","src/effects.js",2012-12-08,"oleg",1,2,5
"180","https://github.com/matthieu-foucault/jquery.git","src/css.js",2012-12-08,"mike sherov",2,102,5
"181","https://github.com/matthieu-foucault/jquery.git","src/dimensions.js",2012-12-08,"mike sherov",1,2,5
"182","https://github.com/matthieu-foucault/jquery.git","src/effects.js",2012-12-08,"mike sherov",1,4,5
"183","https://github.com/matthieu-foucault/jquery.git","src/offset.js",2012-12-08,"mike sherov",1,8,5
"184","https://github.com/matthieu-foucault/jquery.git","src/core.js",2012-12-08,"mike sherov",1,2,5
"185","https://github.com/rails/rails.git","(?-mix:^activeresource\/lib\/active_resource\/.*)",2009-03-16,"david heinemeier hansson",1,2,1
"186","https://github.com/rails/rails.git","(?-mix:^activesupport\/lib\/active_support\/.*)",2009-03-16,"david heinemeier hansson",1,2,1
"187","https://github.com/rails/rails.git","(?-mix:^actionpack\/lib\/action_view\/helpers\/.*)",2009-03-16,"pratik naik",4,47,1
"188","https://github.com/rails/rails.git","(?-mix:^activemodel\/lib\/active_model\/validations\/.*)",2009-03-16,"pratik naik",24,358,1
"189","https://github.com/rails/rails.git","(?-mix:^activesupport\/lib\/active_support\/core_ext\/date\/.*)",2009-03-16,"pratik naik",1,2,1
"190","https://github.com/rails/rails.git","(?-mix:^actionpack\/lib\/action_view\/helpers\/.*)",2009-03-16,"clemens kofler",1,12,1
"191","https://github.com/rails/rails.git","(?-mix:^actionpack\/lib\/action_view\/helpers\/.*)",2009-03-16,"xavier noria",2,23,1
"192","https://github.com/rails/rails.git","(?-mix:^actionpack\/lib\/action_view\/helpers\/.*)",2009-03-16,"giles bowkett",1,6,1
"193","https://github.com/rails/rails.git","(?-mix:^activeresource\/lib\/active_resource\/.*)",2009-03-16,"pratik naik",6,261,1
"194","https://github.com/rails/rails.git","(?-mix:^activesupport\/lib\/active_support\/.*)",2009-03-16,"jeremy kemper",51,258,1
"195","https://github.com/rails/rails.git","(?-mix:^activesupport\/lib\/active_support\/xml_mini.*)",2009-03-16,"jeremy kemper",3,18,1
"196","https://github.com/rails/rails.git","(?-mix:^actionpack\/lib\/action_view\/.*)",2009-03-16,"yehuda katz and carl lerche",2,12,1
"197","https://github.com/rails/rails.git","(?-mix:^activeresource\/lib\/active_resource\/.*)",2009-03-16,"jeffrey hardy",3,59,1
"198","https://github.com/rails/rails.git","(?-mix:^activesupport\/lib\/active_support\/values\/.*)",2009-03-16,"jeremy kemper",5,43,1
"199","https://github.com/rails/rails.git","(?-mix:^actionpack\/lib\/action_controller\/.*)",2009-03-16,"mislav marohnić",1,22,1
"200","https://github.com/rails/rails.git","(?-mix:^activesupport\/lib\/active_support\/json\/.*)",2009-03-16,"jeremy kemper",1,6,1
"201","https://github.com/rails/rails.git","(?-mix:^activesupport\/lib\/active_support\/cache\/.*)",2009-03-16,"jeremy kemper",2,4,1
"202","https://github.com/rails/rails.git","(?-mix:^activesupport\/lib\/active_support\/cache\/.*)",2009-03-16,"joshua peek",1,5,1
"203","https://github.com/rails/rails.git","(?-mix:^actionpack\/lib\/action_controller\/.*)",2009-03-16,"jeffrey hardy",1,2,1
"204","https://github.com/rails/rails.git","(?-mix:^actionpack\/lib\/action_view\/helpers\/.*)",2009-03-16,"josé valim",1,2,1
"205","https://github.com/rails/rails.git","(?-mix:^activesupport\/lib\/active_support\/.*)",2009-03-16,"geoff buesing",1,5,1
"206","https://github.com/rails/rails.git","(?-mix:^railties\/builtin\/rails_info\/.*)",2009-03-16,"manfred stienstra",1,2,1
"207","https://github.com/rails/rails.git","(?-mix:^activesupport\/lib\/active_support\/.*)",2009-03-16,"yehuda katz and carl lerche",2,5,1
"208","https://github.com/rails/rails.git","(?-mix:^actionpack\/lib\/action_controller\/.*)",2009-03-16,"mike gunderloy",1,2,1
"209","https://github.com/rails/rails.git","(?-mix:^actionpack\/lib\/action_view\/helpers\/.*)",2009-03-16,"mike gunderloy",1,6,1
"210","https://github.com/rails/rails.git","(?-mix:^actionpack\/lib\/action_controller\/caching\/.*)",2009-03-16,"kyle",1,2,1
"211","https://github.com/rails/rails.git","(?-mix:^actionpack\/lib\/action_controller\/.*)",2009-03-16,"yehuda katz and carl lerche",2,3,1
"212","https://github.com/rails/rails.git","(?-mix:^actionpack\/lib\/action_controller\/.*)",2009-03-16,"carl lerche & yehuda katz",2,13,1
"213","https://github.com/rails/rails.git","(?-mix:^actionpack\/lib\/action_view\/.*)",2009-03-16,"carl lerche & yehuda katz",6,210,1
"214","https://github.com/rails/rails.git","(?-mix:^actionpack\/lib\/action_view\/helpers\/.*)",2009-03-16,"johan andersson",1,2,1
"215","https://github.com/rails/rails.git","(?-mix:^actionpack\/lib\/action_controller\/caching\/.*)",2009-04-16,"lifo",1,2,2
"216","https://github.com/rails/rails.git","(?-mix:^actionpack\/lib\/action_controller\/.*)",2009-04-16,"mislav marohnić",1,25,2
"217","https://github.com/rails/rails.git","(?-mix:^activesupport\/lib\/active_support\/.*)",2009-04-16,"jeremy kemper",26,374,2
"218","https://github.com/rails/rails.git","(?-mix:^activesupport\/lib\/active_support\/cache\/.*)",2009-04-16,"jeremy kemper",2,16,2
"219","https://github.com/rails/rails.git","(?-mix:^activesupport\/lib\/active_support\/json\/.*)",2009-04-16,"jeremy kemper",8,35,2
"220","https://github.com/rails/rails.git","(?-mix:^actionpack\/lib\/action_view\/helpers\/.*)",2009-04-16,"josé valim",2,44,2
"221","https://github.com/rails/rails.git","(?-mix:^activesupport\/lib\/active_support\/cache\/.*)",2009-04-16,"erica kwan",1,6,2
"222","https://github.com/rails/rails.git","(?-mix:^actionpack\/lib\/action_controller\/.*)",2009-04-16,"jeremy kemper",15,63,2
"223","https://github.com/rails/rails.git","(?-mix:^activeresource\/lib\/active_resource\/formats\/.*)",2009-04-16,"jeremy kemper",2,4,2
"224","https://github.com/rails/rails.git","(?-mix:^actionpack\/lib\/action_view\/helpers\/.*)",2009-04-16,"jeremy kemper",7,32,2
"225","https://github.com/rails/rails.git","(?-mix:^actionpack\/lib\/action_controller\/.*)",2009-04-16,"yehuda katz + carl lerche",7,33,2
"226","https://github.com/rails/rails.git","(?-mix:^actionpack\/lib\/action_view\/.*)",2009-04-16,"yehuda katz + carl lerche",11,337,2
"227","https://github.com/rails/rails.git","(?-mix:^activesupport\/lib\/active_support\/xml_mini.*)",2009-04-16,"jeremy kemper",2,4,2
"228","https://github.com/rails/rails.git","(?-mix:^activesupport\/lib\/active_support\/json\/encoders\/.*)",2009-04-16,"rick",13,52,2
"229","https://github.com/rails/rails.git","(?-mix:^activerecord\/lib\/.*)",2009-04-16,"emilio tagua",25,540,2
"230","https://github.com/rails/rails.git","(?-mix:^actionpack\/lib\/action_controller\/.*)",2009-04-16,"joshua peek",48,1140,2
"231","https://github.com/rails/rails.git","(?-mix:^actionpack\/lib\/action_controller\/session\/.*)",2009-04-16,"joshua peek",3,37,2
"232","https://github.com/rails/rails.git","(?-mix:^railties\/lib\/.*)",2009-04-16,"hongli lai (phusion)",1,2,2
"233","https://github.com/rails/rails.git","(?-mix:^actionpack\/lib\/action_controller\/.*)",2009-04-16,"hongli lai (phusion)",1,2,2
"234","https://github.com/rails/rails.git","(?-mix:^actionpack\/lib\/action_controller\/assertions\/.*)",2009-04-16,"joshua peek",16,89,2
"235","https://github.com/rails/rails.git","(?-mix:^activeresource\/lib\/active_resource\/.*)",2009-04-16,"jeremy kemper",10,116,2
"236","https://github.com/rails/rails.git","(?-mix:^actionpack\/lib\/action_controller\/.*)",2009-04-16,"ryan bigg",1,12,2
"237","https://github.com/rails/rails.git","(?-mix:^actionpack\/lib\/action_view\/helpers\/.*)",2009-04-16,"xavier noria",2,145,2
"238","https://github.com/rails/rails.git","(?-mix:^actionpack\/lib\/action_controller\/.*)",2009-04-16,"luke amdor",1,3,2
"239","https://github.com/rails/rails.git","(?-mix:^activerecord\/lib\/.*)",2009-04-16,"eloy duran",1,14,2
"240","https://github.com/rails/rails.git","(?-mix:^activerecord\/lib\/.*)",2009-04-16,"sunny ripert",1,2,2
"241","https://github.com/rails/rails.git","(?-mix:^railties\/lib\/commands\/.*)",2009-04-16,"jeremy kemper",1,1,2
"242","https://github.com/rails/rails.git","(?-mix:^actionpack\/lib\/action_controller\/caching\/.*)",2009-04-16,"joshua peek",1,2,2
"243","https://github.com/rails/rails.git","(?-mix:^actionpack\/lib\/action_view\/.*)",2009-04-16,"joshua peek",1,2,2
"244","https://github.com/rails/rails.git","(?-mix:^railties\/lib\/.*)",2009-04-16,"david dollar",1,21,2
"245","https://github.com/rails/rails.git","(?-mix:^railties\/lib\/rails\/.*)",2009-04-16,"david dollar",1,21,2
"246","https://github.com/rails/rails.git","(?-mix:^actionpack\/lib\/action_controller\/caching\/.*)",2009-04-16,"john f. douthat",1,10,2
"247","https://github.com/rails/rails.git","(?-mix:^activerecord\/lib\/.*)",2009-04-16,"steve",1,11,2
"248","https://github.com/rails/rails.git","(?-mix:^actionpack\/lib\/action_controller\/.*)",2009-04-16,"simon tokumine",1,2,2
"249","https://github.com/rails/rails.git","(?-mix:^activerecord\/lib\/.*)",2009-04-16,"alexander podgorbunsky",1,4,2
"250","https://github.com/rails/rails.git","(?-mix:^activerecord\/lib\/.*)",2009-04-16,"ruy asan",1,2,2
"251","https://github.com/rails/rails.git","(?-mix:^actionpack\/lib\/action_controller\/.*)",2009-04-16,"yehuda katz",1,17,2
"252","https://github.com/rails/rails.git","(?-mix:^actionpack\/lib\/action_controller\/routing\/.*)",2009-04-16,"yehuda katz",1,2,2
"253","https://github.com/rails/rails.git","(?-mix:^actionpack\/lib\/action_controller\/routing\/.*)",2009-04-16,"joshua peek",1,2,2
"254","https://github.com/rails/rails.git","(?-mix:^actionpack\/.*)",2009-04-16,"joshua peek",1,2,2
"255","https://github.com/rails/rails.git","(?-mix:^activerecord\/lib\/.*)",2009-04-16,"chris kampmeier",1,5,2
"256","https://github.com/rails/rails.git","(?-mix:^activesupport\/lib\/active_support\/core_ext\/hash\/.*)",2009-04-16,"codebrulee",1,2,2
"257","https://github.com/rails/rails.git","(?-mix:^activesupport\/lib\/active_support\/.*)",2009-04-16,"mike gunderloy",1,2,2
"258","https://github.com/rails/rails.git","(?-mix:^activerecord\/lib\/.*)",2009-04-16,"murray steele",8,93,2
"259","https://github.com/rails/rails.git","(?-mix:^railties\/lib\/.*)",2009-04-16,"joshua peek",1,5,2
"260","https://github.com/rails/rails.git","(?-mix:^railties\/lib\/rails\/rack\/.*)",2009-04-16,"tim connor",1,3,2
"261","https://github.com/rails/rails.git","(?-mix:^activesupport\/.*)",2009-04-16,"joshua peek",1,1,2
"262","https://github.com/rails/rails.git","(?-mix:^activesupport\/lib\/active_support\/.*)",2009-04-16,"joshua peek",1,1,2
"263","https://github.com/rails/rails.git","(?-mix:^actionpack\/.*)",2009-04-16,"evan farrar",1,2,2
"264","https://github.com/rails/rails.git","(?-mix:^actionpack\/lib\/action_controller\/.*)",2009-04-16,"evan farrar",3,6,2
"265","https://github.com/rails/rails.git","(?-mix:^actionpack\/lib\/action_controller\/routing\/.*)",2009-04-16,"evan farrar",1,2,2
"266","https://github.com/rails/rails.git","(?-mix:^actionpack\/lib\/action_view\/helpers\/.*)",2009-04-16,"evan farrar",3,8,2
"267","https://github.com/rails/rails.git","(?-mix:^activesupport\/lib\/active_support\/.*)",2009-04-16,"evan farrar",1,6,2
"268","https://github.com/rails/rails.git","(?-mix:^activesupport\/lib\/active_support\/xml_mini.*)",2009-04-16,"evan farrar",2,4,2
"269","https://github.com/rails/rails.git","(?-mix:^activerecord\/lib\/.*)",2009-04-16,"evan farrar",9,22,2
"270","https://github.com/rails/rails.git","(?-mix:^activerecord\/lib\/.*)",2009-04-16,"frederick cheung",2,14,2
"271","https://github.com/rails/rails.git","(?-mix:^activesupport\/lib\/active_support\/.*)",2009-04-16,"ken collins",1,4,2
"272","https://github.com/rails/rails.git","(?-mix:^activerecord\/lib\/.*)",2009-04-16,"anthony crumley",1,20,2
"273","https://github.com/rails/rails.git","(?-mix:^activerecord\/lib\/.*)",2009-04-16,"mike breen",1,11,2
"274","https://github.com/rails/rails.git","(?-mix:^activesupport\/lib\/active_support\/values\/.*)",2009-04-16,"alexander dymo",1,4,2
"275","https://github.com/rails/rails.git","(?-mix:^railties\/lib\/rails_generator\/.*)",2009-04-16,"david heinemeier hansson",1,5,2
"276","https://github.com/rails/rails.git","(?-mix:^activesupport\/lib\/active_support\/.*)",2009-04-16,"douglas f shearer",1,10,2
"277","https://github.com/rails/rails.git","(?-mix:^activerecord\/lib\/.*)",2009-04-16,"bryan helmkamp",19,173,2
"278","https://github.com/rails/rails.git","(?-mix:^actionpack\/lib\/action_controller\/routing\/.*)",2009-04-16,"jeremy kemper",2,10,2
"279","https://github.com/rails/rails.git","(?-mix:^activerecord\/lib\/.*)",2009-04-16,"peter marklund",1,9,2
"280","https://github.com/rails/rails.git","(?-mix:^actionpack\/.*)",2009-04-16,"yehuda katz + carl lerche",1,1,2
"281","https://github.com/rails/rails.git","(?-mix:^activerecord\/lib\/.*)",2009-05-15,"yehuda katz",1,3,3
"282","https://github.com/rails/rails.git","(?-mix:^actionpack\/lib\/action_view\/.*)",2009-05-15,"yehuda katz",1,2,3
"283","https://github.com/rails/rails.git","(?-mix:^railties\/builtin\/rails_info\/.*)",2009-05-15,"yehuda katz",1,10,3
"284","https://github.com/rails/rails.git","(?-mix:^railties\/lib\/.*)",2009-05-15,"yehuda katz",1,2,3
"285","https://github.com/rails/rails.git","(?-mix:^railties\/lib\/rails\/plugin\/.*)",2009-05-15,"yehuda katz",2,14,3
"286","https://github.com/rails/rails.git","(?-mix:^railties\/lib\/rails_generator\/.*)",2009-05-15,"yehuda katz",2,4,3
"287","https://github.com/rails/rails.git","(?-mix:^activerecord\/lib\/.*)",2009-05-15,"daniel guettler",1,4,3
"288","https://github.com/rails/rails.git","(?-mix:^railties\/configs\/.*)",2009-05-15,"paulo schneider",1,2,3
"289","https://github.com/rails/rails.git","(?-mix:^railties\/lib\/rails_generator\/.*)",2009-05-15,"mike gunderloy",1,2,3
"290","https://github.com/rails/rails.git","(?-mix:^actionpack\/lib\/action_controller\/.*)",2009-05-15,"brian lopez",2,10,3
"291","https://github.com/rails/rails.git","(?-mix:^activerecord\/lib\/.*)",2009-05-15,"chris kampmeier",2,20,3
"292","https://github.com/rails/rails.git","(?-mix:^actionpack\/lib\/action_controller\/.*)",2009-05-15,"joshua peek",18,186,3
"293","https://github.com/rails/rails.git","(?-mix:^railties\/lib\/.*)",2009-05-15,"joshua peek",3,8,3
"294","https://github.com/rails/rails.git","(?-mix:^activerecord\/lib\/.*)",2009-05-15,"joshua peek",26,158,3
"295","https://github.com/rails/rails.git","(?-mix:^activesupport\/lib\/active_support\/.*)",2009-05-15,"rick",1,9,3
"296","https://github.com/rails/rails.git","(?-mix:^activesupport\/lib\/active_support\/json\/.*)",2009-05-15,"rick",1,2,3
"297","https://github.com/rails/rails.git","(?-mix:^activerecord\/lib\/.*)",2009-05-15,"benjamin floering",1,2,3
"298","https://github.com/rails/rails.git","(?-mix:^actionpack\/lib\/action_controller\/.*)",2009-05-15,"pratik naik",11,183,3
"299","https://github.com/rails/rails.git","(?-mix:^activerecord\/lib\/.*)",2009-05-15,"jeremy kemper",7,46,3
"300","https://github.com/rails/rails.git","(?-mix:^activerecord\/lib\/.*)",2009-05-15,"pratik naik",1,2,3
"301","https://github.com/rails/rails.git","(?-mix:^activerecord\/lib\/.*)",2009-05-15,"luca guidi",1,7,3
"302","https://github.com/rails/rails.git","(?-mix:^activerecord\/lib\/.*)",2009-05-15,"ken collins",1,9,3
"303","https://github.com/rails/rails.git","(?-mix:^activerecord\/lib\/.*)",2009-05-15,"emilio tagua",18,207,3
"304","https://github.com/rails/rails.git","(?-mix:^railties\/lib\/rails\/.*)",2009-05-15,"jeremy kemper",1,3,3
"305","https://github.com/rails/rails.git","(?-mix:^activesupport\/.*)",2009-05-15,"jeremy kemper",2,36,3
"306","https://github.com/rails/rails.git","(?-mix:^railties\/lib\/.*)",2009-05-15,"jeremy kemper",4,27,3
"307","https://github.com/rails/rails.git","(?-mix:^actionpack\/.*)",2009-05-15,"pratik naik",1,1,3
"308","https://github.com/rails/rails.git","(?-mix:^actionpack\/lib\/action_controller\/.*)",2009-05-15,"yehuda katz",1,10,3
"309","https://github.com/rails/rails.git","(?-mix:^activerecord\/lib\/.*)",2009-05-15,"xavier noria",4,41,3
"310","https://github.com/rails/rails.git","(?-mix:^railties\/lib\/commands\/.*)",2009-05-15,"anupom syam",1,10,3
"311","https://github.com/rails/rails.git","(?-mix:^railties\/lib\/.*)",2009-05-15,"calavera",1,4,3
"312","https://github.com/rails/rails.git","(?-mix:^railties\/lib\/commands\/.*)",2009-05-15,"joshua peek",1,2,3
"313","https://github.com/rails/rails.git","(?-mix:^actionpack\/lib\/action_controller\/.*)",2009-05-15,"olly legg",1,2,3
"314","https://github.com/rails/rails.git","(?-mix:^actionpack\/lib\/action_view\/.*)",2009-05-15,"joshua peek",1,2,3
"315","https://github.com/rails/rails.git","(?-mix:^actionpack\/lib\/action_view\/.*)",2009-05-15,"jeremy kemper",2,20,3
"316","https://github.com/rails/rails.git","(?-mix:^activemodel\/lib\/active_model\/.*)",2009-05-15,"joshua peek",7,85,3
"317","https://github.com/rails/rails.git","(?-mix:^railties\/lib\/.*)",2009-05-15,"luke melia",1,2,3
"318","https://github.com/rails/rails.git","(?-mix:^activemodel\/lib\/active_model\/.*)",2009-05-15,"jeremy kemper",2,6,3
"319","https://github.com/rails/rails.git","(?-mix:^activerecord\/lib\/.*)",2009-05-15,"murray steele",1,66,3
"320","https://github.com/rails/rails.git","(?-mix:^activerecord\/lib\/.*)",2009-05-15,"giles alexander",1,11,3
"321","https://github.com/rails/rails.git","(?-mix:^actionmailer\/.*)",2009-05-15,"jeremy kemper",1,9,3
"322","https://github.com/rails/rails.git","(?-mix:^railties\/lib\/.*)",2009-05-15,"tim connor",1,2,3
"323","https://github.com/rails/rails.git","(?-mix:^activerecord\/lib\/.*)",2009-05-15,"lloyd pick",1,6,3
"324","https://github.com/rails/rails.git","(?-mix:^activemodel\/lib\/.*)",2009-05-15,"joshua peek",2,13,3
"325","https://github.com/rails/rails.git","(?-mix:^activeresource\/lib\/.*)",2009-05-15,"joshua peek",1,17,3
"326","https://github.com/rails/rails.git","(?-mix:^actionpack\/lib\/action_controller\/.*)",2009-05-15,"nate",1,4,3
"327","https://github.com/rails/rails.git","(?-mix:^railties\/lib\/rails\/.*)",2009-05-15,"matt jones",2,22,3
"328","https://github.com/rails/rails.git","(?-mix:^actionpack\/lib\/action_view\/.*)",2009-05-15,"michael koziarski",1,2,3
"329","https://github.com/rails/rails.git","(?-mix:^activerecord\/lib\/.*)",2009-05-15,"eugene pimenov",1,16,3
"330","https://github.com/rails/rails.git","(?-mix:^actionmailer\/.*)",2009-05-15,"friedrich göpel",1,2,3
"331","https://github.com/rails/rails.git","(?-mix:^activerecord\/lib\/.*)",2009-05-15,"michael koziarski",1,6,3
"332","https://github.com/rails/rails.git","(?-mix:^actionmailer\/.*)",2009-05-15,"yehuda katz + carl lerche",1,17,3
"333","https://github.com/rails/rails.git","(?-mix:^activerecord\/lib\/.*)",2009-05-15,"adam milligan",3,182,3
"334","https://github.com/rails/rails.git","(?-mix:^actionmailer\/.*)",2009-06-15,"yehuda katz + carl lerche",3,10,4
"335","https://github.com/rails/rails.git","(?-mix:^actionpack\/.*)",2009-06-15,"yehuda katz + carl lerche",8,135,4
"336","https://github.com/rails/rails.git","(?-mix:^activemodel\/lib\/.*)",2009-06-15,"joshua peek",4,9,4
"337","https://github.com/rails/rails.git","(?-mix:^activerecord\/lib\/.*)",2009-06-15,"joshua peek",6,283,4
"338","https://github.com/rails/rails.git","(?-mix:^activesupport\/lib\/active_support\/.*)",2009-06-15,"joshua peek",1,1,4
"339","https://github.com/rails/rails.git","(?-mix:^activerecord\/lib\/.*)",2009-06-15,"emilio tagua",14,288,4
"340","https://github.com/rails/rails.git","(?-mix:^activerecord\/lib\/.*)",2009-06-15,"yehuda katz + carl lerche",6,51,4
"341","https://github.com/rails/rails.git","(?-mix:^railties\/lib\/.*)",2009-06-15,"yehuda katz + carl lerche",16,2068,4
"342","https://github.com/rails/rails.git","(?-mix:^activemodel\/lib\/active_model\/.*)",2009-06-15,"joshua peek",2,12,4
"343","https://github.com/rails/rails.git","(?-mix:^activerecord\/lib\/.*)",2009-06-15,"joel chippindale",1,6,4
"344","https://github.com/rails/rails.git","(?-mix:^railties\/helpers\/.*)",2009-06-15,"josé valim",8,26,4
"345","https://github.com/rails/rails.git","(?-mix:^railties\/configs\/.*)",2009-06-15,"josé valim",24,198,4
"346","https://github.com/rails/rails.git","(?-mix:^railties\/dispatches\/.*)",2009-06-15,"josé valim",4,20,4
"347","https://github.com/rails/rails.git","(?-mix:^railties\/environments\/.*)",2009-06-15,"josé valim",21,423,4
"348","https://github.com/rails/rails.git","(?-mix:^railties\/lib\/rails_generator\/.*)",2009-06-15,"josé valim",93,3581,4
"349","https://github.com/rails/rails.git","(?-mix:^activesupport\/lib\/active_support\/.*)",2009-06-15,"pratik naik",1,12,4
"350","https://github.com/rails/rails.git","(?-mix:^activerecord\/lib\/.*)",2009-06-15,"brian hogan",1,2,4
"351","https://github.com/rails/rails.git","(?-mix:^activerecord\/lib\/.*)",2009-06-15,"patrick joyce",4,42,4
"352","https://github.com/rails/rails.git","(?-mix:^activerecord\/lib\/.*)",2009-06-15,"ryan bigg",1,8,4
"353","https://github.com/rails/rails.git","(?-mix:^actionpack\/lib\/action_controller\/.*)",2009-06-15,"yehuda katz",1,2,4
"354","https://github.com/rails/rails.git","(?-mix:^actionpack\/lib\/action_view\/.*)",2009-06-15,"joshua peek",1,26,4
"355","https://github.com/rails/rails.git","(?-mix:^actionpack\/lib\/action_controller\/.*)",2009-06-15,"joshua peek",1,2,4
"356","https://github.com/rails/rails.git","(?-mix:^activerecord\/lib\/.*)",2009-06-15,"michael schuerig",8,49,4
"357","https://github.com/rails/rails.git","(?-mix:^activerecord\/lib\/.*)",2009-06-15,"michael koziarski",4,25,4
"358","https://github.com/rails/rails.git","(?-mix:^activerecord\/lib\/.*)",2009-06-15,"justin french",1,4,4
"359","https://github.com/rails/rails.git","(?-mix:^actionmailer\/.*)",2009-06-15,"carl lerche",1,6,4
"360","https://github.com/rails/rails.git","(?-mix:^actionpack\/.*)",2009-06-15,"carl lerche",1,6,4
"361","https://github.com/rails/rails.git","(?-mix:^activesupport\/lib\/active_support\/.*)",2009-06-15,"carl lerche",1,6,4
"362","https://github.com/rails/rails.git","(?-mix:^railties\/lib\/rails\/.*)",2009-06-15,"carl lerche",1,6,4
"363","https://github.com/rails/rails.git","(?-mix:^activerecord\/lib\/.*)",2009-06-15,"pratik naik",6,53,4
"364","https://github.com/rails/rails.git","(?-mix:^railties\/lib\/commands\/.*)",2009-06-15,"josé valim",12,54,4
"365","https://github.com/rails/rails.git","(?-mix:^railties\/lib\/rails\/.*)",2009-06-15,"j.d. hollis",1,4,4
"366","https://github.com/rails/rails.git","(?-mix:^activesupport\/lib\/active_support\/.*)",2009-06-15,"brian abreu",1,22,4
"367","https://github.com/rails/rails.git","(?-mix:^railties\/lib\/.*)",2009-06-15,"josé valim",4,55,4
"368","https://github.com/rails/rails.git","(?-mix:^activerecord\/lib\/.*)",2009-06-15,"abhishek parokar",1,6,4
"369","https://github.com/rails/rails.git","(?-mix:^activerecord\/lib\/.*)",2009-06-15,"hongli lai (phusion)",1,4,4
"370","https://github.com/rails/rails.git","(?-mix:^activesupport\/lib\/active_support\/.*)",2009-06-15,"mynyml",1,2,4
"371","https://github.com/rails/rails.git","(?-mix:^activerecord\/lib\/.*)",2009-06-15,"sam goldstein",1,13,4
"372","https://github.com/rails/rails.git","(?-mix:^activerecord\/lib\/.*)",2009-06-15,"mike gunderloy",1,6,4
"373","https://github.com/rails/rails.git","(?-mix:^railties\/lib\/rails_generator\/.*)",2009-07-14,"josé valim",5,68,5
"374","https://github.com/rails/rails.git","(?-mix:^railties\/environments\/.*)",2009-07-14,"josé valim",2,49,5
"375","https://github.com/rails/rails.git","(?-mix:^railties\/lib\/.*)",2009-07-14,"josé valim",1,4,5
"376","https://github.com/rails/rails.git","(?-mix:^actionpack\/.*)",2009-07-14,"yehuda katz",6,96,5
"377","https://github.com/rails/rails.git","(?-mix:^actionpack\/lib\/action_controller\/.*)",2009-07-14,"yehuda katz",25,333,5
"378","https://github.com/rails/rails.git","(?-mix:^activemodel\/lib\/active_model\/.*)",2009-07-14,"yehuda katz",1,2,5
"379","https://github.com/rails/rails.git","(?-mix:^activerecord\/lib\/.*)",2009-07-14,"ryan bigg",2,16,5
"380","https://github.com/rails/rails.git","(?-mix:^activerecord\/lib\/.*)",2009-07-14,"szymon nowak",4,44,5
"381","https://github.com/rails/rails.git","(?-mix:^activerecord\/lib\/.*)",2009-07-14,"emilio tagua",16,294,5
"382","https://github.com/rails/rails.git","(?-mix:^actionpack\/lib\/action_controller\/.*)",2009-07-14,"danielc192",1,3,5
"383","https://github.com/rails/rails.git","(?-mix:^actionpack\/lib\/action_view\/.*)",2009-07-14,"yehuda katz",33,698,5
"384","https://github.com/rails/rails.git","(?-mix:^activemodel\/lib\/.*)",2009-07-14,"yehuda katz",1,1,5
"385","https://github.com/rails/rails.git","(?-mix:^activerecord\/lib\/.*)",2009-07-14,"yehuda katz",1,7,5
"386","https://github.com/rails/rails.git","(?-mix:^activerecord\/lib\/.*)",2009-07-14,"mike gunderloy",1,2,5
"387","https://github.com/rails/rails.git","(?-mix:^activemodel\/lib\/.*)",2009-07-14,"joshua peek",5,6,5
"388","https://github.com/rails/rails.git","(?-mix:^activemodel\/lib\/active_model\/.*)",2009-07-14,"joshua peek",4,112,5
"389","https://github.com/rails/rails.git","(?-mix:^activerecord\/lib\/.*)",2009-07-14,"joshua peek",33,907,5
"390","https://github.com/rails/rails.git","(?-mix:^activeresource\/lib\/.*)",2009-07-14,"joshua peek",1,1,5
"391","https://github.com/rails/rails.git","(?-mix:^activerecord\/lib\/.*)",2009-07-14,"john maxwell",1,15,5
"392","https://github.com/rails/rails.git","(?-mix:^railties\/lib\/rails\/rack\/.*)",2009-07-14,"john duff",1,8,5
"393","https://github.com/rails/rails.git","(?-mix:^activerecord\/lib\/.*)",2009-07-14,"pratik naik",18,240,5
"394","https://github.com/rails/rails.git","(?-mix:^actionpack\/lib\/action_controller\/.*)",2009-07-14,"pratik naik",4,9,5
"395","https://github.com/rails/rails.git","(?-mix:^activesupport\/lib\/active_support\/.*)",2009-07-14,"pratik naik",6,18,5
"396","https://github.com/rails/rails.git","(?-mix:^actionpack\/lib\/action_controller\/.*)",2009-07-14,"josé valim",24,1336,5
"397","https://github.com/rails/rails.git","(?-mix:^activerecord\/lib\/.*)",2009-07-14,"jeremy kemper",2,6,5
"398","https://github.com/rails/rails.git","(?-mix:^railties\/lib\/rails_generator\/.*)",2009-07-14,"pratik naik",1,3,5
"399","https://github.com/rails/rails.git","(?-mix:^railties\/environments\/.*)",2009-07-14,"pratik naik",1,10,5
"400","https://github.com/rails/rails.git","(?-mix:^railties\/lib\/.*)",2009-07-14,"yehuda katz",1,1,5
"401","https://github.com/rails/rails.git","(?-mix:^activerecord\/lib\/.*)",2009-07-14,"geoff buesing",2,9,5
"402","https://github.com/rails/rails.git","(?-mix:^activerecord\/lib\/.*)",2009-07-14,"matt ganderup",1,2,5
"403","https://github.com/rails/rails.git","(?-mix:^activerecord\/lib\/.*)",2009-07-14,"paul gillard",2,189,5
"404","https://github.com/rails/rails.git","(?-mix:^activemodel\/lib\/active_model\/.*)",2009-07-14,"james hill",2,30,5
"405","https://github.com/rails/rails.git","(?-mix:^railties\/lib\/commands\/.*)",2009-07-14,"james tucker",1,7,5
"406","https://github.com/rails/rails.git","(?-mix:^activemodel\/lib\/active_model\/.*)",2009-07-14,"pratik naik",2,8,5
"407","https://github.com/rails/rails.git","(?-mix:^activerecord\/lib\/.*)",2009-07-14,"akira matsuda",1,3,5
"408","https://github.com/rails/rails.git","(?-mix:^actionmailer\/.*)",2009-07-14,"yehuda katz",2,8,5
"409","https://github.com/rails/rails.git","(?-mix:^activerecord\/lib\/.*)",2009-07-14,"josé valim",1,7,5
"410","https://github.com/rails/rails.git","(?-mix:^actionpack\/.*)",2009-07-14,"josé valim",2,4,5
"411","https://github.com/rails/rails.git","(?-mix:^actionpack\/lib\/action_view\/helpers\/.*)",2009-07-14,"wmoxam",1,2,5
"412","https://github.com/rails/rails.git","(?-mix:^actionmailer\/.*)",2009-07-14,"matt duncan",1,1,5
"413","https://github.com/rails/rails.git","(?-mix:^actionmailer\/.*)",2009-07-14,"eric davis",1,22,5
"414","https://github.com/rails/rails.git","(?-mix:^activerecord\/lib\/.*)",2009-07-14,"cristi balan",1,10,5
"415","https://github.com/rails/rails.git","(?-mix:^railties\/lib\/rails_generator\/.*)",2009-07-14,"matt duncan",1,11,5
"416","https://github.com/rails/rails.git","(?-mix:^railties\/environments\/.*)",2009-07-14,"michael koziarski",1,2,5
"417","https://github.com/rails/rails.git","(?-mix:^activerecord\/lib\/.*)",2009-07-14,"matt duncan",2,4,5
"418","https://github.com/rails/rails.git","(?-mix:^activerecord\/lib\/.*)",2009-07-14,"tristan dunn",4,18,5
"419","https://github.com/rails/rails.git","(?-mix:^actionpack\/lib\/action_view\/.*)",2009-07-14,"jeremy kemper",1,4,5
"420","https://github.com/rails/rails.git","(?-mix:^activesupport\/lib\/active_support\/.*)",2009-07-14,"yehuda katz",2,23,5
"421","https://github.com/rails/rails.git","(?-mix:^activerecord\/lib\/.*)",2009-07-14,"rich bradley",1,2,5
"422","https://github.com/rails/rails.git","(?-mix:^activerecord\/lib\/.*)",2009-07-14,"dmitry ratnikov",1,2,5
"423","https://github.com/rails/rails.git","(?-mix:^activesupport\/lib\/active_support\/.*)",2009-07-14,"josé valim",2,14,5
"424","https://github.com/rails/rails.git","(?-mix:^activerecord\/lib\/.*)",2009-07-14,"mike breen",1,2,5
"425","https://github.com/rails/rails.git","(?-mix:^activerecord\/lib\/.*)",2009-07-14,"railsbob",2,8,5
"426","https://github.com/rails/rails.git","(?-mix:^activerecord\/lib\/.*)",2009-07-14,"matt conway",1,4,5
"427","https://github.com/rails/rails.git","(?-mix:^activerecord\/lib\/.*)",2009-07-14,"hugo peixoto",1,14,5
"428","https://github.com/rails/rails.git","(?-mix:^activerecord\/lib\/.*)",2009-07-14,"joshua nichols",1,1,5
"429","https://github.com/rails/rails.git","(?-mix:^activerecord\/lib\/.*)",2009-07-14,"vladimir meremyanin",1,8,5
"430","https://github.com/rails/rails.git","(?-mix:^activerecord\/lib\/.*)",2009-07-14,"arthur zapparoli",1,2,5
"431","https://github.com/rails/rails.git","(?-mix:^activerecord\/lib\/.*)",2009-07-14,"gabe da silveira",3,34,5
"432","https://github.com/rails/rails.git","(?-mix:^activesupport\/lib\/active_support\/.*)",2009-07-14,"jeem",1,2,5
"433","https://github.com/rails/rails.git","(?-mix:^actionpack\/lib\/action_controller\/.*)",2009-07-14,"joshua peek",1,4,5
"434","https://github.com/rails/rails.git","(?-mix:^activerecord\/lib\/.*)",2009-07-14,"jatinder singh",1,4,5
"435","https://github.com/rails/rails.git","(?-mix:^activerecord\/lib\/.*)",2009-07-14,"leonardo borges",2,29,5
"436","https://github.com/rails/rails.git","(?-mix:^activerecord\/lib\/.*)",2009-07-14,"jeff dean",1,1,5
"437","https://github.com/rails/rails.git","(?-mix:^actionpack\/lib\/action_view\/helpers\/.*)",2009-07-14,"codeape",1,67,5
"438","https://github.com/rails/rails.git","(?-mix:^railties\/lib\/commands\/.*)",2009-07-14,"kamal fariz mahyuddin",1,12,5
"439","https://github.com/rails/rails.git","(?-mix:^activemodel\/lib\/.*)",2009-08-13,"joshua peek",2,3,6
"440","https://github.com/rails/rails.git","(?-mix:^activerecord\/lib\/.*)",2009-08-13,"joshua peek",4,87,6
"441","https://github.com/rails/rails.git","(?-mix:^activerecord\/lib\/.*)",2009-08-13,"emilio tagua",39,559,6
"442","https://github.com/rails/rails.git","(?-mix:^actionpack\/lib\/action_view\/.*)",2009-08-13,"yehuda katz",11,191,6
"443","https://github.com/rails/rails.git","(?-mix:^actionpack\/lib\/action_controller\/.*)",2009-08-13,"yehuda katz",1,36,6
"444","https://github.com/rails/rails.git","(?-mix:^actionpack\/lib\/action_controller\/.*)",2009-08-13,"jay pignata",1,6,6
"445","https://github.com/rails/rails.git","(?-mix:^activerecord\/lib\/.*)",2009-08-13,"jay pignata",1,2,6
"446","https://github.com/rails/rails.git","(?-mix:^activerecord\/lib\/.*)",2009-08-13,"pratik naik",2,43,6
"447","https://github.com/rails/rails.git","(?-mix:^actionmailer\/.*)",2009-08-13,"johan andersson",1,2,6
"448","https://github.com/rails/rails.git","(?-mix:^activeresource\/lib\/active_resource\/.*)",2009-08-13,"taryn",4,118,6
"449","https://github.com/rails/rails.git","(?-mix:^actionpack\/lib\/action_controller\/.*)",2009-08-13,"joshua peek",3,29,6
"450","https://github.com/rails/rails.git","(?-mix:^actionpack\/.*)",2009-08-13,"yehuda katz",1,1,6
"451","https://github.com/rails/rails.git","(?-mix:^activerecord\/lib\/.*)",2009-08-13,"sven fuchs",1,3,6
"452","https://github.com/rails/rails.git","(?-mix:^activerecord\/lib\/.*)",2009-08-13,"jeffrey hardy",2,16,6
"453","https://github.com/rails/rails.git","(?-mix:^activemodel\/lib\/.*)",2009-08-13,"yehuda katz",1,1,6
"454","https://github.com/rails/rails.git","(?-mix:^actionpack\/lib\/action_controller\/.*)",2009-08-13,"josé valim",2,79,6
"455","https://github.com/rails/rails.git","(?-mix:^railties\/lib\/rails_generator\/.*)",2009-08-13,"david calavera",1,2,6
"456","https://github.com/rails/rails.git","(?-mix:^railties\/lib\/rails\/.*)",2009-08-13,"antonio tapiador del dujo",1,12,6
"457","https://github.com/rails/rails.git","(?-mix:^railties\/lib\/rails\/plugin\/.*)",2009-08-13,"jay pignata",1,4,6
"458","https://github.com/rails/rails.git","(?-mix:^activerecord\/lib\/.*)",2009-08-13,"josh sharpe",1,11,6
"459","https://github.com/rails/rails.git","(?-mix:^actionpack\/.*)",2009-08-13,"joshua peek",1,5,6
"460","https://github.com/rails/rails.git","(?-mix:^activerecord\/lib\/.*)",2009-08-13,"ryan bigg",1,3,6
"461","https://github.com/rails/rails.git","(?-mix:^railties\/builtin\/rails_info\/.*)",2009-08-13,"geoff buesing",1,2,6
"462","https://github.com/rails/rails.git","(?-mix:^activerecord\/lib\/.*)",2009-08-13,"josé valim",8,471,6
"463","https://github.com/rails/rails.git","(?-mix:^railties\/guides\/.*)",2009-08-13,"xavier noria",2,8,6
"464","https://github.com/rails/rails.git","(?-mix:^activemodel\/lib\/active_model\/.*)",2009-08-13,"joshua peek",1,17,6
"465","https://github.com/rails/rails.git","(?-mix:^activerecord\/lib\/.*)",2009-08-13,"jeremy kemper",3,39,6
"466","https://github.com/rails/rails.git","(?-mix:^actionmailer\/.*)",2009-08-13,"yehuda katz + carl lerche",1,2,6
"467","https://github.com/rails/rails.git","(?-mix:^actionpack\/.*)",2009-08-13,"yehuda katz + carl lerche",1,1,6
"468","https://github.com/rails/rails.git","(?-mix:^activesupport\/lib\/active_support\/.*)",2009-08-13,"coda hale",1,19,6
"469","https://github.com/rails/rails.git","(?-mix:^activemodel\/lib\/active_model\/.*)",2009-08-13,"josé valim",2,20,6
"470","https://github.com/rails/rails.git","(?-mix:^railties\/lib\/.*)",2009-08-13,"joshua peek",1,18,6
"471","https://github.com/rails/rails.git","(?-mix:^activerecord\/lib\/.*)",2009-08-13,"shugo maeda",1,22,6
"472","https://github.com/rails/rails.git","(?-mix:^activemodel\/lib\/active_model\/.*)",2009-08-13,"akira matsuda",1,3,6
"473","https://github.com/rails/rails.git","(?-mix:^actionmailer\/.*)",2009-08-13,"jeremy kemper",1,1,6
"474","https://github.com/rails/rails.git","(?-mix:^actionpack\/.*)",2009-08-13,"jeremy kemper",1,1,6
"475","https://github.com/rails/rails.git","(?-mix:^activeresource\/lib\/.*)",2009-08-13,"jeremy kemper",1,1,6
"476","https://github.com/rails/rails.git","(?-mix:^activesupport\/.*)",2009-08-13,"jeremy kemper",1,1,6
"477","https://github.com/rails/rails.git","(?-mix:^activerecord\/lib\/.*)",2009-08-13,"sdsykes",1,4,6
"478","https://github.com/rails/rails.git","(?-mix:^activerecord\/lib\/.*)",2009-09-12,"mike breen",1,7,7
"479","https://github.com/rails/rails.git","(?-mix:^activerecord\/lib\/.*)",2009-09-12,"lance ivy",2,7,7
"480","https://github.com/rails/rails.git","(?-mix:^activerecord\/lib\/.*)",2009-09-12,"eloy duran",5,28,7
"481","https://github.com/rails/rails.git","(?-mix:^activerecord\/lib\/.*)",2009-09-12,"dmitry polushkin",1,6,7
"482","https://github.com/rails/rails.git","(?-mix:^activerecord\/lib\/.*)",2009-09-12,"josé valim",2,67,7
"483","https://github.com/rails/rails.git","(?-mix:^activerecord\/lib\/.*)",2009-09-12,"graeme porteous",1,7,7
"484","https://github.com/rails/rails.git","(?-mix:^activerecord\/lib\/.*)",2009-09-12,"alexey kovyrin",1,9,7
"485","https://github.com/rails/rails.git","(?-mix:^activesupport\/lib\/active_support\/.*)",2009-09-12,"yehuda katz",1,15,7
"486","https://github.com/rails/rails.git","(?-mix:^activerecord\/lib\/.*)",2009-09-12,"sdsykes",1,3,7
"487","https://github.com/rails/rails.git","(?-mix:^activesupport\/lib\/active_support\/.*)",2009-09-12,"joshua peek",2,15,7
"488","https://github.com/rails/rails.git","(?-mix:^activesupport\/.*)",2009-09-12,"joshua peek",4,17,7
"489","https://github.com/rails/rails.git","(?-mix:^actionpack\/lib\/action_controller\/.*)",2009-09-12,"joshua peek",15,118,7
"490","https://github.com/rails/rails.git","(?-mix:^actionpack\/.*)",2009-09-12,"jeremy kemper",1,10,7
"491","https://github.com/rails/rails.git","(?-mix:^actionpack\/.*)",2009-09-12,"josé valim",1,3,7
"492","https://github.com/rails/rails.git","(?-mix:^actionpack\/lib\/action_view\/.*)",2009-09-12,"josé valim",4,132,7
"493","https://github.com/rails/rails.git","(?-mix:^activerecord\/lib\/.*)",2009-09-12,"justin bailey",1,5,7
"494","https://github.com/rails/rails.git","(?-mix:^activerecord\/lib\/.*)",2009-09-12,"jeremy kemper",2,42,7
"495","https://github.com/rails/rails.git","(?-mix:^activemodel\/lib\/active_model\/.*)",2009-09-12,"brian donovan",1,2,7
"496","https://github.com/rails/rails.git","(?-mix:^activemodel\/lib\/active_model\/.*)",2009-09-12,"jay pignata",1,2,7
"497","https://github.com/rails/rails.git","(?-mix:^activerecord\/lib\/.*)",2009-09-12,"rob olson",1,4,7
"498","https://github.com/rails/rails.git","(?-mix:^actionpack\/lib\/action_controller\/.*)",2009-09-12,"josé valim",2,3,7
"499","https://github.com/rails/rails.git","(?-mix:^actionmailer\/.*)",2009-09-12,"josé valim",1,10,7
"500","https://github.com/rails/rails.git","(?-mix:^activesupport\/lib\/active_support\/.*)",2009-09-12,"josé valim",1,60,7
"501","https://github.com/rails/rails.git","(?-mix:^actionpack\/.*)",2009-09-12,"joshua peek",3,12,7
"502","https://github.com/rails/rails.git","(?-mix:^actionpack\/lib\/action_view\/.*)",2009-09-12,"joshua peek",2,11,7
"503","https://github.com/rails/rails.git","(?-mix:^railties\/lib\/.*)",2009-09-12,"yehuda katz + carl lerche",14,27,7
"504","https://github.com/rails/rails.git","(?-mix:^railties\/helpers\/.*)",2009-09-12,"yehuda katz + carl lerche",2,0,7
"505","https://github.com/rails/rails.git","(?-mix:^railties\/configs\/.*)",2009-09-12,"yehuda katz + carl lerche",6,0,7
"506","https://github.com/rails/rails.git","(?-mix:^railties\/dispatches\/.*)",2009-09-12,"yehuda katz + carl lerche",1,0,7
"507","https://github.com/rails/rails.git","(?-mix:^railties\/lib\/tasks\/.*)",2009-09-12,"yehuda katz + carl lerche",1,8,7
"508","https://github.com/rails/rails.git","(?-mix:^activesupport\/.*)",2009-09-12,"jeremy kemper",2,4,7
"509","https://github.com/rails/rails.git","(?-mix:^railties\/lib\/commands\/.*)",2009-09-12,"joshua peek",6,79,7
"510","https://github.com/rails/rails.git","(?-mix:^railties\/lib\/.*)",2009-09-12,"joshua peek",14,298,7
"511","https://github.com/rails/rails.git","(?-mix:^railties\/environments\/.*)",2009-09-12,"joshua peek",2,8,7
"512","https://github.com/rails/rails.git","(?-mix:^railties\/lib\/rails\/.*)",2009-09-12,"joshua peek",1,2,7
"513","https://github.com/rails/rails.git","(?-mix:^railties\/lib\/rails\/rack\/.*)",2009-09-12,"joshua peek",2,51,7
"514","https://github.com/rails/rails.git","(?-mix:^railties\/builtin\/rails_info\/.*)",2009-09-12,"joshua peek",1,2,7
"515","https://github.com/rails/rails.git","(?-mix:^actionmailer\/.*)",2009-09-12,"matias flores",1,2,7
"516","https://github.com/rails/rails.git","(?-mix:^activesupport\/lib\/active_support\/.*)",2009-09-12,"jay pignata",1,4,7
"517","https://github.com/rails/rails.git","(?-mix:^activerecord\/lib\/.*)",2009-09-12,"luciano g panaro",2,13,7
"518","https://github.com/rails/rails.git","(?-mix:^activerecord\/lib\/.*)",2009-09-12,"george ogata",2,8,7
"519","https://github.com/rails/rails.git","(?-mix:^railties\/lib\/.*)",2009-09-12,"carl lerche",9,627,7
"520","https://github.com/rails/rails.git","(?-mix:^railties\/environments\/.*)",2009-09-12,"carl lerche",3,64,7
"521","https://github.com/rails/rails.git","(?-mix:^actionpack\/lib\/action_controller\/.*)",2009-09-12,"carl lerche",2,4,7
"522","https://github.com/rails/rails.git","(?-mix:^railties\/dispatches\/.*)",2009-09-12,"joshua peek",1,10,7
"523","https://github.com/rails/rails.git","(?-mix:^activerecord\/lib\/.*)",2009-09-12,"emilio tagua",6,30,7
"524","https://github.com/rails/rails.git","(?-mix:^activerecord\/lib\/.*)",2009-09-12,"paul gillard",1,65,7
"525","https://github.com/rails/rails.git","(?-mix:^actionpack\/lib\/action_view\/.*)",2009-09-12,"yehuda katz",4,30,7
"526","https://github.com/rails/rails.git","(?-mix:^actionpack\/.*)",2009-09-12,"michael koziarski",1,6,7
"527","https://github.com/rails/rails.git","(?-mix:^actionpack\/lib\/action_view\/.*)",2009-09-12,"michael koziarski",3,6,7
"528","https://github.com/rails/rails.git","(?-mix:^activerecord\/lib\/.*)",2009-09-12,"pratik naik",4,85,7
"529","https://github.com/rails/rails.git","(?-mix:^actionpack\/lib\/action_view\/.*)",2009-09-12,"carl lerche",2,13,7
"530","https://github.com/rails/rails.git","(?-mix:^activesupport\/lib\/active_support\/.*)",2009-09-12,"pratik naik",2,9,7
"531","https://github.com/rails/rails.git","(?-mix:^actionpack\/lib\/action_controller\/.*)",2009-09-12,"yehuda katz",1,7,7
"532","https://github.com/rails/rails.git","(?-mix:^railties\/guides\/.*)",2009-09-12,"xavier noria",3,23,7
"533","https://github.com/rails/rails.git","(?-mix:^activemodel\/lib\/active_model\/.*)",2009-10-13,"joshua peek",1,4,8
"534","https://github.com/rails/rails.git","(?-mix:^activerecord\/lib\/.*)",2009-10-13,"joshua peek",6,16,8
"535","https://github.com/rails/rails.git","(?-mix:^activesupport\/lib\/active_support\/.*)",2009-10-13,"joshua peek",4,588,8
"536","https://github.com/rails/rails.git","(?-mix:^activerecord\/lib\/.*)",2009-10-13,"emilio tagua",1,2,8
"537","https://github.com/rails/rails.git","(?-mix:^actionpack\/lib\/action_view\/.*)",2009-10-13,"yehuda katz",3,19,8
"538","https://github.com/rails/rails.git","(?-mix:^activerecord\/lib\/.*)",2009-10-13,"michael koziarski",1,2,8
"539","https://github.com/rails/rails.git","(?-mix:^actionmailer\/.*)",2009-10-13,"joshua peek",1,4,8
"540","https://github.com/rails/rails.git","(?-mix:^actionpack\/lib\/action_view\/.*)",2009-10-13,"joshua peek",1,2,8
"541","https://github.com/rails/rails.git","(?-mix:^actionpack\/lib\/action_controller\/.*)",2009-10-13,"joshua peek",19,2120,8
"542","https://github.com/rails/rails.git","(?-mix:^activerecord\/lib\/.*)",2009-10-13,"jeremy kemper",7,33,8
"543","https://github.com/rails/rails.git","(?-mix:^actionmailer\/.*)",2009-10-13,"jeremy kemper",2,3,8
"544","https://github.com/rails/rails.git","(?-mix:^actionpack\/lib\/action_view\/.*)",2009-10-13,"michael koziarski",1,5,8
"545","https://github.com/rails/rails.git","(?-mix:^actionmailer\/.*)",2009-10-13,"josé valim",14,445,8
"546","https://github.com/rails/rails.git","(?-mix:^actionpack\/lib\/action_view\/.*)",2009-10-13,"josé valim",5,16,8
"547","https://github.com/rails/rails.git","(?-mix:^activerecord\/lib\/.*)",2009-10-13,"josé valim",8,178,8
"548","https://github.com/rails/rails.git","(?-mix:^activesupport\/lib\/active_support\/.*)",2009-10-13,"josé valim",5,43,8
"549","https://github.com/rails/rails.git","(?-mix:^railties\/lib\/commands\/.*)",2009-10-13,"carl lerche",11,22,8
"550","https://github.com/rails/rails.git","(?-mix:^railties\/lib\/rails_generator\/.*)",2009-10-13,"carl lerche",1,2,8
"551","https://github.com/rails/rails.git","(?-mix:^railties\/environments\/.*)",2009-10-13,"carl lerche",4,232,8
"552","https://github.com/rails/rails.git","(?-mix:^railties\/lib\/.*)",2009-10-13,"carl lerche",3,3,8
"553","https://github.com/rails/rails.git","(?-mix:^activerecord\/lib\/.*)",2009-10-13,"nick sieger",1,6,8
"554","https://github.com/rails/rails.git","(?-mix:^actionpack\/lib\/action_controller\/.*)",2009-10-13,"carl lerche",1,2,8
"555","https://github.com/rails/rails.git","(?-mix:^railties\/builtin\/rails_info\/.*)",2009-10-13,"carl lerche",1,4,8
"556","https://github.com/rails/rails.git","(?-mix:^railties\/lib\/rails\/.*)",2009-10-13,"carl lerche",5,342,8
"557","https://github.com/rails/rails.git","(?-mix:^railties\/lib\/rails\/plugin\/.*)",2009-10-13,"carl lerche",2,4,8
"558","https://github.com/rails/rails.git","(?-mix:^railties\/lib\/commands\/.*)",2009-10-13,"joshua peek",6,10,8
"559","https://github.com/rails/rails.git","(?-mix:^railties\/environments\/.*)",2009-10-13,"joshua peek",3,23,8
"560","https://github.com/rails/rails.git","(?-mix:^actionpack\/lib\/action_controller\/.*)",2009-10-13,"josé valim",4,371,8
"561","https://github.com/rails/rails.git","(?-mix:^activerecord\/lib\/.*)",2009-10-13,"eric chapweske",2,54,8
"562","https://github.com/rails/rails.git","(?-mix:^railties\/environments\/.*)",2009-10-13,"pratik naik",1,13,8
"563","https://github.com/rails/rails.git","(?-mix:^railties\/environments\/.*)",2009-10-13,"jeremy kemper",3,22,8
"564","https://github.com/rails/rails.git","(?-mix:^actionpack\/.*)",2009-10-13,"joshua peek",3,20,8
"565","https://github.com/rails/rails.git","(?-mix:^railties\/lib\/rails\/.*)",2009-10-13,"joshua peek",1,2,8
"566","https://github.com/rails/rails.git","(?-mix:^activemodel\/lib\/.*)",2009-10-13,"josé valim",1,2,8
"567","https://github.com/rails/rails.git","(?-mix:^activemodel\/lib\/active_model\/.*)",2009-10-13,"josé valim",2,20,8
"568","https://github.com/rails/rails.git","(?-mix:^actionpack\/.*)",2009-10-13,"yehuda katz",2,2,8
"569","https://github.com/rails/rails.git","(?-mix:^actionpack\/lib\/action_controller\/.*)",2009-10-13,"yehuda katz",17,215,8
"570","https://github.com/rails/rails.git","(?-mix:^activerecord\/lib\/.*)",2009-10-13,"ryan bigg",1,1,8
"571","https://github.com/rails/rails.git","(?-mix:^actionmailer\/.*)",2009-10-13,"matthew rudy jacobs",2,76,8
"572","https://github.com/rails/rails.git","(?-mix:^railties\/lib\/rails_generator\/.*)",2009-10-13,"josé valim",2,59,8
"573","https://github.com/rails/rails.git","(?-mix:^railties\/lib\/commands\/.*)",2009-10-13,"josé valim",4,10,8
"574","https://github.com/rails/rails.git","(?-mix:^activesupport\/lib\/active_support\/multibyte\/.*)",2009-10-13,"manfred stienstra",2,28,8
"575","https://github.com/rails/rails.git","(?-mix:^railties\/lib\/rails\/.*)",2009-10-13,"yehuda katz + carl lerche",1,11,8
"576","https://github.com/rails/rails.git","(?-mix:^railties\/lib\/.*)",2009-10-13,"yehuda katz",1,11,8
"577","https://github.com/rails/rails.git","(?-mix:^activerecord\/lib\/.*)",2009-10-13,"eloy duran",1,2,8
"578","https://github.com/rails/rails.git","(?-mix:^activesupport\/lib\/active_support\/core_ext\/string\/.*)",2009-10-13,"yehuda katz",1,2,8
"579","https://github.com/rails/rails.git","(?-mix:^activesupport\/lib\/active_support\/.*)",2009-10-13,"yehuda katz",1,411,8
"580","https://github.com/rails/rails.git","(?-mix:^activesupport\/lib\/active_support\/core_ext\/object\/.*)",2009-10-13,"yehuda katz",1,27,8
"581","https://github.com/rails/rails.git","(?-mix:^activerecord\/lib\/.*)",2009-10-13,"xavier noria",3,5,8
"582","https://github.com/rails/rails.git","(?-mix:^activerecord\/lib\/.*)",2009-10-13,"matt jones",1,2,8
"583","https://github.com/rails/rails.git","(?-mix:^railties\/lib\/.*)",2009-11-11,"yehuda katz + carl lerche",1,12,9
"584","https://github.com/rails/rails.git","(?-mix:^railties\/lib\/rails\/.*)",2009-11-11,"yehuda katz + carl lerche",1,187,9
"585","https://github.com/rails/rails.git","(?-mix:^actionmailer\/.*)",2009-11-11,"mikel lindsaar",17,310,9
"586","https://github.com/rails/rails.git","(?-mix:^actionpack\/lib\/action_controller\/.*)",2009-11-11,"joshua peek",39,1338,9
"587","https://github.com/rails/rails.git","(?-mix:^activerecord\/lib\/.*)",2009-11-11,"jeremy kemper",19,175,9
"588","https://github.com/rails/rails.git","(?-mix:^activesupport\/lib\/active_support\/core_ext\/date\/.*)",2009-11-11,"jeremy kemper",1,3,9
"589","https://github.com/rails/rails.git","(?-mix:^activesupport\/lib\/active_support\/.*)",2009-11-11,"yehuda katz",1,2,9
"590","https://github.com/rails/rails.git","(?-mix:^actionpack\/lib\/action_view\/helpers\/.*)",2009-11-11,"will read",1,13,9
"591","https://github.com/rails/rails.git","(?-mix:^railties\/lib\/commands\/.*)",2009-11-11,"yehuda katz",2,4,9
"592","https://github.com/rails/rails.git","(?-mix:^activerecord\/lib\/.*)",2009-11-11,"gabe da silveira",2,22,9
"593","https://github.com/rails/rails.git","(?-mix:^activesupport\/lib\/active_support\/.*)",2009-11-11,"xavier noria",2,21,9
"594","https://github.com/rails/rails.git","(?-mix:^railties\/lib\/commands\/.*)",2009-11-11,"yehuda katz + carl lerche",1,4,9
"595","https://github.com/rails/rails.git","(?-mix:^railties\/environments\/.*)",2009-11-11,"yehuda katz + carl lerche",1,2,9
"596","https://github.com/rails/rails.git","(?-mix:^railties\/lib\/rails\/rack\/.*)",2009-11-11,"yehuda katz + carl lerche",1,5,9
"597","https://github.com/rails/rails.git","(?-mix:^railties\/lib\/commands\/.*)",2009-11-11,"jeremy kemper",4,24,9
"598","https://github.com/rails/rails.git","(?-mix:^railties\/environments\/.*)",2009-11-11,"jeremy kemper",1,2,9
"599","https://github.com/rails/rails.git","(?-mix:^railties\/lib\/rails\/rack\/.*)",2009-11-11,"jeremy kemper",2,7,9
"600","https://github.com/rails/rails.git","(?-mix:^actionpack\/lib\/action_controller\/.*)",2009-11-11,"cheah chu yeow",1,7,9
"601","https://github.com/rails/rails.git","(?-mix:^actionpack\/lib\/action_view\/helpers\/.*)",2009-11-11,"mike naberezny",2,8,9
"602","https://github.com/rails/rails.git","(?-mix:^actionmailer\/.*)",2009-11-11,"jeremy kemper",1,1,9
"603","https://github.com/rails/rails.git","(?-mix:^railties\/lib\/rails\/rack\/.*)",2009-11-11,"david heinemeier hansson",1,2,9
"604","https://github.com/rails/rails.git","(?-mix:^railties\/lib\/.*)",2009-11-11,"jeremy kemper",1,2,9
"605","https://github.com/rails/rails.git","(?-mix:^railties\/lib\/commands\/.*)",2009-11-11,"carlhuda",7,187,9
"606","https://github.com/rails/rails.git","(?-mix:^railties\/environments\/.*)",2009-11-11,"carlhuda",1,2,9
"607","https://github.com/rails/rails.git","(?-mix:^railties\/lib\/rails\/rack\/.*)",2009-11-11,"carlhuda",1,4,9
"608","https://github.com/rails/rails.git","(?-mix:^railties\/lib\/rails_generator\/.*)",2009-11-11,"carl lerche",1,2,9
"609","https://github.com/rails/rails.git","(?-mix:^actionpack\/.*)",2009-11-11,"yehuda katz",1,2,9
"610","https://github.com/rails/rails.git","(?-mix:^actionpack\/lib\/action_controller\/assertions\/.*)",2009-11-11,"jonathan lim",2,14,9
"611","https://github.com/rails/rails.git","(?-mix:^actionpack\/lib\/action_view\/.*)",2009-11-11,"joshua peek",1,2,9
"612","https://github.com/rails/rails.git","(?-mix:^actionmailer\/.*)",2009-11-11,"joshua peek",1,4,9
"613","https://github.com/rails/rails.git","(?-mix:^railties\/lib\/.*)",2009-11-11,"carlhuda",2,3,9
"614","https://github.com/rails/rails.git","(?-mix:^activerecord\/lib\/.*)",2009-11-11,"mike breen",1,18,9
"615","https://github.com/rails/rails.git","(?-mix:^activerecord\/lib\/.*)",2009-11-11,"mat brown",1,8,9
"616","https://github.com/rails/rails.git","(?-mix:^actionmailer\/.*)",2009-11-11,"carlhuda",3,36,9
"617","https://github.com/rails/rails.git","(?-mix:^actionpack\/.*)",2009-11-11,"carlhuda",2,136,9
"618","https://github.com/rails/rails.git","(?-mix:^actionpack\/lib\/action_controller\/.*)",2009-11-11,"carlhuda",3,11,9
"619","https://github.com/rails/rails.git","(?-mix:^actionpack\/lib\/action_view\/.*)",2009-11-11,"carlhuda",6,48,9
"620","https://github.com/rails/rails.git","(?-mix:^actionpack\/lib\/action_view\/template_handlers\/.*)",2009-11-11,"carlhuda",3,12,9
"621","https://github.com/rails/rails.git","(?-mix:^activemodel\/lib\/.*)",2009-11-11,"carlhuda",1,39,9
"622","https://github.com/rails/rails.git","(?-mix:^activerecord\/lib\/.*)",2009-11-11,"carlhuda",1,100,9
"623","https://github.com/rails/rails.git","(?-mix:^activeresource\/lib\/.*)",2009-11-11,"carlhuda",1,16,9
"624","https://github.com/rails/rails.git","(?-mix:^actionmailer\/.*)",2009-11-11,"yehuda katz",1,1,9
"625","https://github.com/rails/rails.git","(?-mix:^activesupport\/.*)",2009-11-11,"yehuda katz",1,33,9
"626","https://github.com/rails/rails.git","(?-mix:^activerecord\/lib\/.*)",2009-11-11,"xavier noria",1,3,9
"627","https://github.com/rails/rails.git","(?-mix:^activerecord\/lib\/.*)",2009-11-11,"ben marini",1,15,9
"628","https://github.com/rails/rails.git","(?-mix:^actionpack\/lib\/action_controller\/.*)",2009-11-11,"josé valim",1,24,9
"629","https://github.com/rails/rails.git","(?-mix:^railties\/configs\/.*)",2009-11-11,"joshua peek",2,57,9
"630","https://github.com/rails/rails.git","(?-mix:^railties\/lib\/rails_generator\/.*)",2009-11-11,"joshua peek",1,2,9
"631","https://github.com/rails/rails.git","(?-mix:^actionpack\/.*)",2009-11-11,"nathan weizenbaum",1,4,9
"632","https://github.com/rails/rails.git","(?-mix:^actionpack\/lib\/action_view\/.*)",2009-11-11,"nathan weizenbaum",1,2,9
"633","https://github.com/rails/rails.git","(?-mix:^actionpack\/lib\/action_controller\/routing\/.*)",2009-12-11,"joshua peek",8,209,10
"634","https://github.com/rails/rails.git","(?-mix:^actionpack\/lib\/action_controller\/assertions\/.*)",2009-12-11,"joshua peek",9,76,10
"635","https://github.com/rails/rails.git","(?-mix:^actionpack\/lib\/action_controller\/.*)",2009-12-11,"joshua peek",24,152,10
"636","https://github.com/rails/rails.git","(?-mix:^actionpack\/.*)",2009-12-11,"joshua peek",9,45,10
"637","https://github.com/rails/rails.git","(?-mix:^railties\/lib\/.*)",2009-12-11,"joshua peek",3,4,10
"638","https://github.com/rails/rails.git","(?-mix:^activerecord\/lib\/.*)",2009-12-11,"joshua peek",5,33,10
"639","https://github.com/rails/rails.git","(?-mix:^activesupport\/lib\/active_support\/core_ext\/class\/.*)",2009-12-11,"yehuda katz",1,4,10
"640","https://github.com/rails/rails.git","(?-mix:^railties\/lib\/rails\/.*)",2009-12-11,"joshua peek",1,4,10
"641","https://github.com/rails/rails.git","(?-mix:^activesupport\/lib\/active_support\/.*)",2009-12-11,"david heinemeier hansson",3,34,10
"642","https://github.com/rails/rails.git","(?-mix:^railties\/lib\/rails\/.*)",2009-12-11,"carl lerche",3,75,10
"643","https://github.com/rails/rails.git","(?-mix:^actionpack\/lib\/action_view\/helpers\/.*)",2009-12-11,"ryan bigg",1,3,10
"644","https://github.com/rails/rails.git","(?-mix:^activerecord\/lib\/.*)",2009-12-11,"will",1,4,10
"645","https://github.com/rails/rails.git","(?-mix:^actionmailer\/.*)",2009-12-11,"joshua peek",4,35,10
"646","https://github.com/rails/rails.git","(?-mix:^activemodel\/lib\/.*)",2009-12-11,"joshua peek",4,20,10
"647","https://github.com/rails/rails.git","(?-mix:^activeresource\/lib\/.*)",2009-12-11,"joshua peek",4,18,10
"648","https://github.com/rails/rails.git","(?-mix:^activesupport\/lib\/active_support\/core_ext\/array\/.*)",2009-12-11,"ryan bigg",1,2,10
"649","https://github.com/rails/rails.git","(?-mix:^actionmailer\/.*)",2009-12-11,"mikel lindsaar",19,111,10
"650","https://github.com/rails/rails.git","(?-mix:^activesupport\/lib\/active_support\/.*)",2009-12-11,"erica kwan",1,2,10
"651","https://github.com/rails/rails.git","(?-mix:^actionpack\/lib\/action_controller\/.*)",2009-12-11,"david heinemeier hansson",17,407,10
"652","https://github.com/rails/rails.git","(?-mix:^railties\/lib\/rails_generator\/.*)",2009-12-11,"david heinemeier hansson",1,6,10
"653","https://github.com/rails/rails.git","(?-mix:^actionpack\/.*)",2009-12-11,"yehuda katz",2,4,10
"654","https://github.com/rails/rails.git","(?-mix:^actionpack\/lib\/action_controller\/.*)",2009-12-11,"yehuda katz",5,30,10
"655","https://github.com/rails/rails.git","(?-mix:^activesupport\/lib\/active_support\/core_ext\/date\/.*)",2009-12-11,"yehuda katz",2,2,10
"656","https://github.com/rails/rails.git","(?-mix:^activeresource\/lib\/active_resource\/.*)",2009-12-11,"taryn east",1,144,10
"657","https://github.com/rails/rails.git","(?-mix:^activeresource\/lib\/active_resource\/.*)",2009-12-11,"joshua peek",4,47,10
"658","https://github.com/rails/rails.git","(?-mix:^actionmailer\/.*)",2009-12-11,"david heinemeier hansson",1,2,10
"659","https://github.com/rails/rails.git","(?-mix:^actionpack\/.*)",2009-12-11,"david heinemeier hansson",3,6,10
"660","https://github.com/rails/rails.git","(?-mix:^activesupport\/lib\/active_support\/core_ext\/time\/.*)",2009-12-11,"yehuda katz",1,1,10
"661","https://github.com/rails/rails.git","(?-mix:^railties\/configs\/.*)",2009-12-11,"david heinemeier hansson",6,33,10
"662","https://github.com/rails/rails.git","(?-mix:^railties\/helpers\/.*)",2009-12-11,"david heinemeier hansson",5,15,10
"663","https://github.com/rails/rails.git","(?-mix:^railties\/environments\/.*)",2009-12-11,"carlhuda",4,8,10
"664","https://github.com/rails/rails.git","(?-mix:^actionmailer\/.*)",2009-12-11,"carlhuda",1,3,10
"665","https://github.com/rails/rails.git","(?-mix:^railties\/lib\/rails_generator\/.*)",2009-12-11,"joshua peek",1,2,10
"666","https://github.com/rails/rails.git","(?-mix:^railties\/configs\/.*)",2009-12-11,"joshua peek",1,2,10
"667","https://github.com/rails/rails.git","(?-mix:^actionmailer\/.*)",2009-12-11,"josé valim",18,306,10
"668","https://github.com/rails/rails.git","(?-mix:^actionpack\/.*)",2009-12-11,"josé valim",4,18,10
"669","https://github.com/rails/rails.git","(?-mix:^actionpack\/lib\/action_controller\/.*)",2009-12-11,"josé valim",13,232,10
"670","https://github.com/rails/rails.git","(?-mix:^actionpack\/lib\/action_controller\/session\/.*)",2009-12-11,"joshua peek",2,4,10
"671","https://github.com/rails/rails.git","(?-mix:^actionpack\/lib\/action_view\/helpers\/.*)",2009-12-11,"joshua peek",1,1,10
"672","https://github.com/rails/rails.git","(?-mix:^actionpack\/lib\/action_view\/.*)",2009-12-11,"joshua peek",1,2,10
"673","https://github.com/rails/rails.git","(?-mix:^activesupport\/.*)",2009-12-11,"joshua peek",2,5,10
"674","https://github.com/rails/rails.git","(?-mix:^activemodel\/lib\/.*)",2009-12-11,"josé valim",4,4,10
"675","https://github.com/rails/rails.git","(?-mix:^activemodel\/lib\/active_model\/validations\/.*)",2009-12-11,"josé valim",25,720,10
"676","https://github.com/rails/rails.git","(?-mix:^activemodel\/lib\/active_model\/.*)",2009-12-11,"joshua peek",1,1,10
"677","https://github.com/rails/rails.git","(?-mix:^activemodel\/lib\/active_model\/.*)",2009-12-11,"josé valim",6,167,10
"678","https://github.com/rails/rails.git","(?-mix:^activesupport\/lib\/active_support\/json\/.*)",2009-12-11,"dwayne litzenberger",1,13,10
"679","https://github.com/rails/rails.git","(?-mix:^railties\/lib\/rails\/.*)",2009-12-11,"carlhuda",1,8,10
"680","https://github.com/rails/rails.git","(?-mix:^actionpack\/lib\/action_controller\/routing\/.*)",2009-12-11,"jeremy kemper",1,2,10
"681","https://github.com/rails/rails.git","(?-mix:^railties\/lib\/commands\/.*)",2009-12-11,"jeremy kemper",1,10,10
"682","https://github.com/rails/rails.git","(?-mix:^actionpack\/lib\/action_controller\/.*)",2009-12-11,"jeremy kemper",8,20,10
"683","https://github.com/rails/rails.git","(?-mix:^actionpack\/.*)",2009-12-11,"carlhuda",1,2,10
"684","https://github.com/rails/rails.git","(?-mix:^actionpack\/lib\/action_controller\/.*)",2009-12-11,"sam ruby",1,13,10
"685","https://github.com/rails/rails.git","(?-mix:^actionpack\/lib\/action_view\/helpers\/.*)",2009-12-11,"david heinemeier hansson",4,16,10
"686","https://github.com/rails/rails.git","(?-mix:^actionpack\/lib\/action_view\/.*)",2009-12-11,"yehuda katz",1,15,10
"687","https://github.com/rails/rails.git","(?-mix:^actionpack\/lib\/action_view\/template_handlers\/.*)",2009-12-11,"yehuda katz",1,3,10
"688","https://github.com/rails/rails.git","(?-mix:^activesupport\/lib\/active_support\/.*)",2009-12-11,"yehuda katz",1,5,10
"689","https://github.com/rails/rails.git","(?-mix:^activerecord\/lib\/.*)",2009-12-11,"pratik naik",83,1089,10
"690","https://github.com/rails/rails.git","(?-mix:^actionpack\/lib\/action_view\/.*)",2009-12-11,"josé valim",7,107,10
"691","https://github.com/rails/rails.git","(?-mix:^actionpack\/lib\/action_controller\/caching\/.*)",2009-12-11,"josé valim",5,28,10
"692","https://github.com/rails/rails.git","(?-mix:^railties\/lib\/commands\/.*)",2009-12-11,"joshua peek",1,20,10
"693","https://github.com/rails/rails.git","(?-mix:^railties\/lib\/rails\/.*)",2009-12-11,"josé valim",1,18,10
"694","https://github.com/rails/rails.git","(?-mix:^activerecord\/lib\/.*)",2009-12-11,"josé valim",15,127,10
"695","https://github.com/rails/rails.git","(?-mix:^activesupport\/.*)",2009-12-11,"david heinemeier hansson",1,3,10
"696","https://github.com/rails/rails.git","(?-mix:^activemodel\/lib\/.*)",2009-12-11,"jeremy kemper",1,1,10
"697","https://github.com/rails/rails.git","(?-mix:^activesupport\/lib\/active_support\/.*)",2009-12-11,"jeremy kemper",4,17,10
"698","https://github.com/rails/rails.git","(?-mix:^activerecord\/lib\/.*)",2009-12-11,"dave rothlisberger",2,9,10
"699","https://github.com/rails/rails.git","(?-mix:^activerecord\/lib\/.*)",2009-12-11,"george ogata",3,30,10
"700","https://github.com/rails/rails.git","(?-mix:^activerecord\/lib\/.*)",2009-12-11,"murray steele",4,24,10
"701","https://github.com/rails/rails.git","(?-mix:^activerecord\/lib\/.*)",2009-12-11,"eloy duran",20,223,10
"702","https://github.com/rails/rails.git","(?-mix:^activerecord\/lib\/.*)",2009-12-11,"michael siebert",1,26,10
"703","https://github.com/rails/rails.git","(?-mix:^activemodel\/lib\/active_model\/validations\/.*)",2009-12-11,"jeremy kemper",1,2,10
"704","https://github.com/rails/rails.git","(?-mix:^actionpack\/lib\/action_view\/.*)",2009-12-11,"jeremy kemper",1,0,10
"705","https://github.com/rails/rails.git","(?-mix:^railties\/lib\/.*)",2009-12-11,"carl lerche",1,15,10
"706","https://github.com/rails/rails.git","(?-mix:^actionpack\/lib\/action_controller\/.*)",2009-12-11,"carl lerche",1,2,10
"707","https://github.com/rails/rails.git","(?-mix:^railties\/lib\/rails\/.*)",2009-12-11,"sam pohlenz",2,17,10
"708","https://github.com/rails/rails.git","(?-mix:^railties\/helpers\/.*)",2009-12-11,"josé valim",1,1,10
"709","https://github.com/rails/rails.git","(?-mix:^railties\/helpers\/.*)",2009-12-11,"jeremy kemper",1,1,10
"710","https://github.com/rails/rails.git","(?-mix:^activesupport\/lib\/active_support\/.*)",2009-12-11,"josé valim",6,88,10
"711","https://github.com/rails/rails.git","(?-mix:^activesupport\/.*)",2009-12-11,"josé valim",2,2,10
"712","https://github.com/rails/rails.git","(?-mix:^activerecord\/lib\/.*)",2009-12-11,"jeremy kemper",3,10,10
"713","https://github.com/rails/rails.git","(?-mix:^railties\/lib\/rails\/.*)",2009-12-11,"jeremy kemper",1,18,10
"714","https://github.com/rails/rails.git","(?-mix:^railties\/environments\/.*)",2009-12-11,"carl lerche",4,39,10
"715","https://github.com/rails/rails.git","(?-mix:^actionpack\/lib\/action_view\/.*)",2009-12-11,"mikel lindsaar",3,3,10
"716","https://github.com/rails/rails.git","(?-mix:^activesupport\/lib\/active_support\/xml_mini.*)",2009-12-11,"willem van bergen",2,146,10
"717","https://github.com/rails/rails.git","(?-mix:^activemodel\/lib\/active_model\/validations\/.*)",2009-12-11,"pratik naik",1,15,10
"718","https://github.com/rails/rails.git","(?-mix:^activesupport\/lib\/active_support\/core_ext\/cgi\/.*)",2009-12-11,"xavier noria",1,2,10
"719","https://github.com/rails/rails.git","(?-mix:^activesupport\/lib\/active_support\/xml_mini.*)",2009-12-11,"xavier noria",3,3,10
"720","https://github.com/rails/rails.git","(?-mix:^actionpack\/lib\/action_view\/helpers\/.*)",2009-12-11,"xavier noria",1,1,10
"721","https://github.com/rails/rails.git","(?-mix:^activesupport\/lib\/active_support\/cache\/.*)",2009-12-11,"xavier noria",4,6,10
"722","https://github.com/rails/rails.git","(?-mix:^activesupport\/lib\/active_support\/.*)",2009-12-11,"xavier noria",9,10,10
"723","https://github.com/rails/rails.git","(?-mix:^activesupport\/lib\/active_support\/core_ext\/date\/.*)",2009-12-11,"xavier noria",1,1,10
"724","https://github.com/rails/rails.git","(?-mix:^actionpack\/lib\/action_view\/helpers\/.*)",2009-12-11,"carsten gehling",1,39,10
"725","https://github.com/rails/rails.git","(?-mix:^actionpack\/lib\/action_view\/helpers\/.*)",2009-12-11,"josé valim",7,34,10
"726","https://github.com/rails/rails.git","(?-mix:^actionpack\/lib\/action_controller\/session\/.*)",2009-12-11,"stefan penner",1,2,10
"727","https://github.com/rails/rails.git","(?-mix:^activerecord\/lib\/.*)",2009-12-11,"david heinemeier hansson",1,2,10
"728","https://github.com/rails/rails.git","(?-mix:^actionpack\/lib\/action_view\/helpers\/.*)",2009-12-11,"zach brock",1,2,10
"729","https://github.com/rails/rails.git","(?-mix:^actionpack\/lib\/action_controller\/routing\/.*)",2009-12-11,"josé valim",4,113,10
"730","https://github.com/rails/rails.git","(?-mix:^railties\/lib\/.*)",2009-12-11,"jeremy kemper",1,1,10
"731","https://github.com/rails/rails.git","(?-mix:^actionpack\/lib\/action_controller\/assertions\/.*)",2009-12-11,"josé valim",1,2,10
"732","https://github.com/rails/rails.git","(?-mix:^activerecord\/lib\/.*)",2009-12-11,"jeffrey hardy",4,18,10
"733","https://github.com/rails/rails.git","(?-mix:^railties\/configs\/.*)",2009-12-11,"jeffrey hardy",1,0,10
"734","https://github.com/rails/rails.git","(?-mix:^activemodel\/lib\/active_model\/.*)",2009-12-11,"jamie",1,31,10
"735","https://github.com/rails/rails.git","(?-mix:^activemodel\/lib\/active_model\/validations\/.*)",2009-12-11,"jamie",8,77,10
"736","https://github.com/rails/rails.git","(?-mix:^railties\/lib\/commands\/.*)",2009-12-11,"josé valim",2,4,10
"737","https://github.com/rails/rails.git","(?-mix:^activesupport\/lib\/active_support\/multibyte\/.*)",2009-12-11,"eloy duran",1,2,10
"738","https://github.com/rails/rails.git","(?-mix:^activerecord\/lib\/.*)",2009-12-11,"lawrence pit",1,6,10
"739","https://github.com/rails/rails.git","(?-mix:^railties\/lib\/commands\/.*)",2009-12-11,"david heinemeier hansson",1,2,10
"740","https://github.com/rails/rails.git","(?-mix:^actionpack\/lib\/action_controller\/.*)",2009-12-11,"joao carlos",1,12,10
"741","https://github.com/rails/rails.git","(?-mix:^actionpack\/lib\/action_controller\/.*)",2010-01-10,"josé valim",29,771,11
"742","https://github.com/rails/rails.git","(?-mix:^actionpack\/lib\/action_controller\/caching\/.*)",2010-01-10,"david heinemeier hansson",1,2,11
"743","https://github.com/rails/rails.git","(?-mix:^railties\/lib\/rails\/.*)",2010-01-10,"joshua peek",3,38,11
"744","https://github.com/rails/rails.git","(?-mix:^railties\/lib\/rails\/rack\/.*)",2010-01-10,"joshua peek",1,59,11
"745","https://github.com/rails/rails.git","(?-mix:^actionpack\/lib\/action_view\/.*)",2010-01-10,"josé valim",6,43,11
"746","https://github.com/rails/rails.git","(?-mix:^activerecord\/lib\/.*)",2010-01-10,"josé valim",22,139,11
"747","https://github.com/rails/rails.git","(?-mix:^railties\/lib\/commands\/.*)",2010-01-10,"david heinemeier hansson",7,31,11
"748","https://github.com/rails/rails.git","(?-mix:^activemodel\/lib\/active_model\/validations\/.*)",2010-01-10,"josé valim",1,4,11
"749","https://github.com/rails/rails.git","(?-mix:^activerecord\/lib\/.*)",2010-01-10,"pratik naik",89,1865,11
"750","https://github.com/rails/rails.git","(?-mix:^activerecord\/lib\/.*)",2010-01-10,"chad woolley",1,2,11
"751","https://github.com/rails/rails.git","(?-mix:^railties\/lib\/rails\/.*)",2010-01-10,"josé valim",15,132,11
"752","https://github.com/rails/rails.git","(?-mix:^activeresource\/lib\/active_resource\/.*)",2010-01-10,"josé valim",4,37,11
"753","https://github.com/rails/rails.git","(?-mix:^actionpack\/lib\/action_view\/helpers\/.*)",2010-01-10,"carlos antonio da silva",1,13,11
"754","https://github.com/rails/rails.git","(?-mix:^actionpack\/lib\/action_view\/helpers\/.*)",2010-01-10,"josé valim",8,132,11
"755","https://github.com/rails/rails.git","(?-mix:^actionpack\/lib\/action_view\/helpers\/.*)",2010-01-10,"stephen celis",1,2,11
"756","https://github.com/rails/rails.git","(?-mix:^actionpack\/lib\/action_controller\/routing\/.*)",2010-01-10,"joshua peek",1,7,11
"757","https://github.com/rails/rails.git","(?-mix:^actionpack\/lib\/action_controller\/session\/.*)",2010-01-10,"joshua peek",1,2,11
"758","https://github.com/rails/rails.git","(?-mix:^activemodel\/lib\/active_model\/validations\/.*)",2010-01-10,"pratik naik",2,10,11
"759","https://github.com/rails/rails.git","(?-mix:^actionpack\/lib\/action_controller\/assertions\/.*)",2010-01-10,"pratik naik",1,16,11
"760","https://github.com/rails/rails.git","(?-mix:^actionpack\/lib\/action_view\/helpers\/.*)",2010-01-10,"pratik naik",3,11,11
"761","https://github.com/rails/rails.git","(?-mix:^activeresource\/lib\/active_resource\/.*)",2010-01-10,"pratik naik",1,7,11
"762","https://github.com/rails/rails.git","(?-mix:^activesupport\/lib\/active_support\/core_ext\/array\/.*)",2010-01-10,"pratik naik",2,11,11
"763","https://github.com/rails/rails.git","(?-mix:^activesupport\/lib\/active_support\/core_ext\/hash\/.*)",2010-01-10,"pratik naik",4,67,11
"764","https://github.com/rails/rails.git","(?-mix:^activesupport\/lib\/active_support\/core_ext\/string\/.*)",2010-01-10,"pratik naik",1,4,11
"765","https://github.com/rails/rails.git","(?-mix:^activesupport\/lib\/active_support\/multibyte\/.*)",2010-01-10,"pratik naik",1,2,11
"766","https://github.com/rails/rails.git","(?-mix:^actionpack\/lib\/action_view\/helpers\/.*)",2010-01-10,"joshua peek",32,1328,11
"767","https://github.com/rails/rails.git","(?-mix:^activesupport\/lib\/active_support\/core_ext\/module\/.*)",2010-01-10,"mikel lindsaar",2,32,11
"768","https://github.com/rails/rails.git","(?-mix:^activesupport\/lib\/active_support\/values\/.*)",2010-01-10,"prem sichanugrist",1,7,11
"769","https://github.com/rails/rails.git","(?-mix:^actionpack\/lib\/action_controller\/.*)",2010-01-10,"prem sichanugrist",1,1,11
"770","https://github.com/rails/rails.git","(?-mix:^actionpack\/lib\/action_view\/helpers\/.*)",2010-01-10,"mikel lindsaar",1,8,11
"771","https://github.com/rails/rails.git","(?-mix:^actionpack\/lib\/action_controller\/routing\/.*)",2010-01-10,"josé valim",2,31,11
"772","https://github.com/rails/rails.git","(?-mix:^activesupport\/lib\/active_support\/.*)",2010-01-10,"josé valim and mikel lindsaar",1,1,11
"773","https://github.com/rails/rails.git","(?-mix:^railties\/lib\/rails_generator\/.*)",2010-01-10,"josé valim and mikel lindsaar",3,23,11
"774","https://github.com/rails/rails.git","(?-mix:^activesupport\/lib\/active_support\/.*)",2010-01-10,"xavier noria",5,5,11
"775","https://github.com/rails/rails.git","(?-mix:^actionpack\/lib\/action_view\/helpers\/.*)",2010-01-10,"xavier noria",3,5,11
"776","https://github.com/rails/rails.git","(?-mix:^activesupport\/lib\/active_support\/values\/.*)",2010-01-10,"geoff buesing",1,6,11
"777","https://github.com/rails/rails.git","(?-mix:^actionpack\/lib\/action_view\/helpers\/.*)",2010-01-10,"bob remeika",1,36,11
"778","https://github.com/rails/rails.git","(?-mix:^actionpack\/lib\/action_view\/helpers\/.*)",2010-01-10,"erik st. martin",12,660,11
"779","https://github.com/rails/rails.git","(?-mix:^actionpack\/lib\/action_view\/.*)",2010-01-10,"stephen st. martin",1,4,11
"780","https://github.com/rails/rails.git","(?-mix:^actionpack\/lib\/action_view\/helpers\/.*)",2010-01-10,"stephen st. martin",3,5,11
"781","https://github.com/rails/rails.git","(?-mix:^activesupport\/lib\/active_support\/.*)",2010-01-10,"gregor schmidt",1,23,11
"782","https://github.com/rails/rails.git","(?-mix:^activesupport\/lib\/active_support\/core_ext\/time\/.*)",2010-01-10,"geoff buesing",1,2,11
"783","https://github.com/rails/rails.git","(?-mix:^activeresource\/lib\/active_resource\/.*)",2010-01-10,"jatinder singh",1,6,11
"784","https://github.com/rails/rails.git","(?-mix:^activesupport\/lib\/active_support\/core_ext\/class\/.*)",2010-01-10,"yehuda katz",1,80,11
"785","https://github.com/rails/rails.git","(?-mix:^activemodel\/lib\/active_model\/state_machine\/.*)",2010-01-10,"joshua peek",4,224,11
"786","https://github.com/rails/rails.git","(?-mix:^actionpack\/lib\/action_view\/helpers\/.*)",2010-01-10,"stefan penner",3,111,11
"787","https://github.com/rails/rails.git","(?-mix:^actionpack\/lib\/action_view\/helpers\/.*)",2010-01-10,"yehuda katz",14,89,11
"788","https://github.com/rails/rails.git","(?-mix:^actionpack\/lib\/action_view\/helpers\/.*)",2010-01-10,"santiago pastorino",2,3,11
"789","https://github.com/rails/rails.git","(?-mix:^actionpack\/lib\/action_view\/template_handlers\/.*)",2010-01-10,"santiago pastorino",1,2,11
"790","https://github.com/rails/rails.git","(?-mix:^actionpack\/lib\/action_view\/template_handlers\/.*)",2010-01-10,"yehuda katz",1,4,11
"791","https://github.com/rails/rails.git","(?-mix:^actionpack\/lib\/action_controller\/.*)",2010-01-10,"jeremy kemper",3,31,11
"792","https://github.com/rails/rails.git","(?-mix:^activesupport\/lib\/active_support\/.*)",2010-01-10,"jeremy kemper",1,8,11
"793","https://github.com/rails/rails.git","(?-mix:^actionpack\/lib\/action_view\/helpers\/.*)",2010-01-10,"prem sichanugrist",1,4,11
"794","https://github.com/rails/rails.git","(?-mix:^railties\/lib\/commands\/performance\/.*)",2010-01-10,"david heinemeier hansson",2,4,11
"795","https://github.com/rails/rails.git","(?-mix:^activeresource\/lib\/active_resource\/.*)",2010-01-10,"david heinemeier hansson",1,2,11
"796","https://github.com/rails/rails.git","(?-mix:^activesupport\/lib\/active_support\/.*)",2010-01-10,"david heinemeier hansson",1,2,11
"797","https://github.com/rails/rails.git","(?-mix:^activesupport\/lib\/active_support\/json\/.*)",2010-01-10,"jeremy kemper",1,17,11
"798","https://github.com/rails/rails.git","(?-mix:^activeresource\/lib\/active_resource\/.*)",2010-01-10,"prem sichanugrist",1,2,11
"799","https://github.com/rails/rails.git","(?-mix:^activesupport\/lib\/active_support\/.*)",2010-01-10,"prem sichanugrist",1,2,11
"800","https://github.com/rails/rails.git","(?-mix:^activesupport\/lib\/active_support\/core_ext\/kernel\/.*)",2010-01-10,"romd",1,2,11
"801","https://github.com/rails/rails.git","(?-mix:^actionpack\/lib\/action_view\/helpers\/.*)",2010-01-10,"gabriel mansour",1,2,11
"802","https://github.com/rails/rails.git","(?-mix:^activesupport\/lib\/active_support\/.*)",2010-02-09,"jeremy kemper",7,16,12
"803","https://github.com/rails/rails.git","(?-mix:^railties\/lib\/commands\/performance\/.*)",2010-02-09,"prem sichanugrist",2,8,12
"804","https://github.com/rails/rails.git","(?-mix:^activesupport\/lib\/active_support\/.*)",2010-02-09,"xavier noria",5,11,12
"805","https://github.com/rails/rails.git","(?-mix:^actionpack\/lib\/action_view\/helpers\/.*)",2010-02-09,"david heinemeier hansson",2,4,12
"806","https://github.com/rails/rails.git","(?-mix:^actionpack\/lib\/action_view\/helpers\/.*)",2010-02-09,"bruno michel",7,29,12
"807","https://github.com/rails/rails.git","(?-mix:^actionpack\/lib\/action_view\/helpers\/.*)",2010-02-09,"santiago pastorino and josé ignacio costa",4,16,12
"808","https://github.com/rails/rails.git","(?-mix:^actionpack\/lib\/action_controller\/routing\/.*)",2010-02-09,"joshua peek",7,108,12
"809","https://github.com/rails/rails.git","(?-mix:^actionpack\/lib\/action_controller\/routing\/.*)",2010-02-09,"josé valim",2,31,12
"810","https://github.com/rails/rails.git","(?-mix:^actionpack\/lib\/action_view\/helpers\/.*)",2010-02-09,"santiago pastorino",5,12,12
"811","https://github.com/rails/rails.git","(?-mix:^activesupport\/lib\/active_support\/.*)",2010-02-09,"santiago pastorino",1,2,12
"812","https://github.com/rails/rails.git","(?-mix:^actionpack\/lib\/action_view\/helpers\/.*)",2010-02-09,"dirkjan bussink",1,2,12
"813","https://github.com/rails/rails.git","(?-mix:^activesupport\/lib\/active_support\/core_ext\/module\/.*)",2010-02-09,"snusnu",1,2,12
"814","https://github.com/rails/rails.git","(?-mix:^actionpack\/lib\/action_view\/helpers\/.*)",2010-02-09,"josé valim",4,27,12
"815","https://github.com/rails/rails.git","(?-mix:^activemodel\/lib\/active_model\/.*)",2010-02-09,"prem sichanugrist",1,15,12
"816","https://github.com/rails/rails.git","(?-mix:^actionpack\/lib\/action_controller\/.*)",2010-02-09,"martin schürrer",2,5,12
"817","https://github.com/rails/rails.git","(?-mix:^actionpack\/lib\/action_view\/helpers\/.*)",2010-02-09,"martin schürrer",2,4,12
"818","https://github.com/rails/rails.git","(?-mix:^actionpack\/lib\/action_view\/template_handlers\/.*)",2010-02-09,"josé valim",1,6,12
"819","https://github.com/rails/rails.git","(?-mix:^actionpack\/lib\/action_controller\/.*)",2010-02-09,"jeremy kemper",1,4,12
"820","https://github.com/rails/rails.git","(?-mix:^actionpack\/lib\/action_view\/helpers\/.*)",2010-02-09,"jeremy kemper",1,2,12
"821","https://github.com/rails/rails.git","(?-mix:^actionpack\/lib\/action_controller\/routing\/.*)",2010-02-09,"carlhuda",6,70,12
"822","https://github.com/rails/rails.git","(?-mix:^actionpack\/lib\/action_controller\/assertions\/.*)",2010-02-09,"carlhuda",5,40,12
"823","https://github.com/rails/rails.git","(?-mix:^actionpack\/lib\/action_view\/helpers\/.*)",2010-02-09,"ryan bigg",1,2,12
"824","https://github.com/rails/rails.git","(?-mix:^actionpack\/lib\/action_controller\/assertions\/.*)",2010-02-09,"yehuda katz",1,1,12
"825","https://github.com/rails/rails.git","(?-mix:^activesupport\/lib\/active_support\/core_ext\/hash\/.*)",2010-02-09,"lourens naudé",1,2,12
"826","https://github.com/rails/rails.git","(?-mix:^activeresource\/lib\/active_resource\/.*)",2010-02-09,"bryan helmkamp",1,5,12
"827","https://github.com/rails/rails.git","(?-mix:^activesupport\/lib\/active_support\/.*)",2010-02-09,"bryan helmkamp",1,5,12
"828","https://github.com/rails/rails.git","(?-mix:^actionpack\/lib\/action_controller\/assertions\/.*)",2010-02-09,"jeremy kemper",1,21,12
"829","https://github.com/rails/rails.git","(?-mix:^activesupport\/lib\/active_support\/core_ext\/string\/.*)",2010-02-09,"jason king",1,4,12
"830","https://github.com/rails/rails.git","(?-mix:^actionpack\/lib\/action_view\/helpers\/.*)",2010-02-09,"carl lerche",2,4,12
"831","https://github.com/rails/rails.git","(?-mix:^actionpack\/lib\/action_controller\/session\/.*)",2010-02-09,"carlhuda",1,12,12
"832","https://github.com/rails/rails.git","(?-mix:^actionpack\/lib\/action_controller\/caching\/.*)",2010-02-09,"carlhuda",2,12,12
"833","https://github.com/rails/rails.git","(?-mix:^actionpack\/lib\/action_controller\/routing\/.*)",2010-02-09,"carl lerche",3,20,12
"834","https://github.com/rails/rails.git","(?-mix:^actionpack\/lib\/action_view\/helpers\/.*)",2010-02-09,"xavier shay",1,42,12
"835","https://github.com/rails/rails.git","(?-mix:^actionpack\/lib\/action_controller\/session\/.*)",2010-02-09,"wycats",1,1,12
"836","https://github.com/rails/rails.git","(?-mix:^activesupport\/lib\/active_support\/core_ext\/array\/.*)",2010-02-09,"wycats",1,1,12
"837","https://github.com/rails/rails.git","(?-mix:^actionpack\/lib\/action_controller\/.*)",2010-02-09,"jan de poorter",1,3,12
"838","https://github.com/rails/rails.git","(?-mix:^actionpack\/lib\/action_controller\/routing\/.*)",2010-02-09,"jeremy kemper",1,25,12
"839","https://github.com/rails/rails.git","(?-mix:^actionpack\/lib\/action_controller\/routing\/.*)",2010-02-09,"wycats",1,164,12
"840","https://github.com/rails/rails.git","(?-mix:^activesupport\/lib\/active_support\/json\/.*)",2010-02-09,"jeremy kemper",1,2,12
"841","https://github.com/rails/rails.git","(?-mix:^actionpack\/lib\/action_controller\/caching\/.*)",2010-02-09,"joshua peek",1,6,12
"842","https://github.com/rails/rails.git","(?-mix:^actionpack\/lib\/action_view\/template_handlers\/.*)",2010-02-09,"carlhuda",1,44,12
"843","https://github.com/rails/rails.git","(?-mix:^actionpack\/lib\/action_view\/template_handlers\/.*)",2010-02-09,"wycats",1,8,12
"844","https://github.com/jenkinsci/jenkins.git","(?-mix:^core\/src\/main\/java\/hudson\/.*)",2013-04-02,"kohsuke kawaguchi",8,57,1
"845","https://github.com/jenkinsci/jenkins.git","(?-mix:^cli\/src\/main\/java\/hudson\/cli\/.*)",2013-04-02,"kohsuke kawaguchi",1,4,1
"846","https://github.com/jenkinsci/jenkins.git","(?-mix:^core\/src\/main\/java\/hudson\/util\/.*)",2013-04-02,"kohsuke kawaguchi",1,2,1
"847","https://github.com/jenkinsci/jenkins.git","(?-mix:^core\/src\/main\/java\/hudson\/model\/.*)",2013-04-02,"jesse glick",20,139,1
"848","https://github.com/jenkinsci/jenkins.git","(?-mix:^core\/src\/main\/java\/hudson\/tasks\/.*)",2013-04-02,"jesse glick",2,15,1
"849","https://github.com/jenkinsci/jenkins.git","(?-mix:^core\/src\/main\/java\/hudson\/util\/.*)",2013-04-02,"limin wang",2,12,1
"850","https://github.com/jenkinsci/jenkins.git","(?-mix:^core\/src\/main\/java\/hudson\/model\/.*)",2013-04-02,"seiji sogabe",4,8,1
"851","https://github.com/jenkinsci/jenkins.git","(?-mix:^core\/src\/main\/java\/hudson\/model\/.*)",2013-04-02,"kohsuke kawaguchi",15,145,1
"852","https://github.com/jenkinsci/jenkins.git","(?-mix:^core\/src\/main\/java\/hudson\/.*)",2013-04-02,"vincent latombe",2,138,1
"853","https://github.com/jenkinsci/jenkins.git","(?-mix:^core\/src\/main\/java\/hudson\/model\/.*)",2013-04-02,"vincent latombe",7,138,1
"854","https://github.com/jenkinsci/jenkins.git","(?-mix:^core\/src\/main\/java\/jenkins\/management\/.*)",2013-04-02,"jesse glick",1,5,1
"855","https://github.com/jenkinsci/jenkins.git","(?-mix:^core\/src\/main\/java\/jenkins\/model\/.*)",2013-04-02,"jesse glick",7,92,1
"856","https://github.com/jenkinsci/jenkins.git","(?-mix:^core\/src\/main\/java\/hudson\/model\/.*)",2013-04-02,"lvotypko",1,7,1
"857","https://github.com/jenkinsci/jenkins.git","(?-mix:^core\/src\/main\/java\/hudson\/.*)",2013-04-02,"jesse glick",3,17,1
"858","https://github.com/jenkinsci/jenkins.git","(?-mix:^core\/src\/main\/java\/jenkins\/model\/.*)",2013-04-02,"ssogabe",1,26,1
"859","https://github.com/jenkinsci/jenkins.git","(?-mix:^maven-plugin\/src\/main\/java\/hudson\/maven\/.*)",2013-04-02,"redlab",1,8,1
"860","https://github.com/jenkinsci/jenkins.git","(?-mix:^core\/src\/main\/java\/hudson\/tasks\/.*)",2013-04-02,"nicolas de loof",1,4,1
"861","https://github.com/jenkinsci/jenkins.git","(?-mix:^core\/src\/main\/java\/hudson\/init\/.*)",2013-04-02,"kohsuke kawaguchi",2,8,1
"862","https://github.com/jenkinsci/jenkins.git","(?-mix:^core\/src\/main\/java\/jenkins\/model\/.*)",2013-04-02,"kohsuke kawaguchi",5,113,1
"863","https://github.com/jenkinsci/jenkins.git","(?-mix:^core\/src\/main\/java\/hudson\/logging\/.*)",2013-04-02,"kohsuke kawaguchi",1,17,1
"864","https://github.com/jenkinsci/jenkins.git","(?-mix:^core\/src\/main\/java\/hudson\/matrix\/.*)",2013-04-02,"kohsuke kawaguchi",2,13,1
"865","https://github.com/jenkinsci/jenkins.git","(?-mix:^core\/src\/main\/java\/jenkins\/util\/.*)",2013-04-02,"kohsuke kawaguchi",1,2,1
"866","https://github.com/jenkinsci/jenkins.git","(?-mix:^core\/src\/main\/java\/hudson\/matrix\/.*)",2013-04-02,"jesse glick",1,5,1
"867","https://github.com/jenkinsci/jenkins.git","(?-mix:^maven-plugin\/src\/main\/java\/hudson\/maven\/.*)",2013-04-02,"jesse glick",4,74,1
"868","https://github.com/jenkinsci/jenkins.git","(?-mix:^core\/src\/main\/java\/hudson\/model\/.*)",2013-04-02,"ssogabe",2,49,1
"869","https://github.com/jenkinsci/jenkins.git","(?-mix:^core\/src\/main\/java\/hudson\/tasks\/.*)",2013-04-02,"imod",1,22,1
"870","https://github.com/jenkinsci/jenkins.git","(?-mix:^maven-plugin\/src\/main\/java\/hudson\/maven\/.*)",2013-04-02,"imod",1,14,1
"871","https://github.com/jenkinsci/jenkins.git","(?-mix:^core\/src\/main\/java\/hudson\/model\/queue\/.*)",2013-04-02,"jesse glick",1,4,1
"872","https://github.com/jenkinsci/jenkins.git","(?-mix:^core\/src\/main\/java\/hudson\/markup\/.*)",2013-04-02,"jesse glick",1,1,1
"873","https://github.com/jenkinsci/jenkins.git","(?-mix:^core\/src\/main\/java\/jenkins\/security\/.*)",2013-05-02,"jesse glick",1,2,2
"874","https://github.com/jenkinsci/jenkins.git","(?-mix:^core\/src\/main\/java\/hudson\/.*)",2013-05-02,"jesse glick",6,97,2
"875","https://github.com/jenkinsci/jenkins.git","(?-mix:^core\/src\/main\/java\/hudson\/tasks\/.*)",2013-05-02,"imod",1,18,2
"876","https://github.com/jenkinsci/jenkins.git","(?-mix:^core\/src\/main\/java\/hudson\/model\/.*)",2013-05-02,"ssogabe",1,11,2
"877","https://github.com/jenkinsci/jenkins.git","(?-mix:^core\/src\/main\/java\/hudson\/model\/.*)",2013-05-02,"kohsuke kawaguchi",2,17,2
"878","https://github.com/jenkinsci/jenkins.git","(?-mix:^core\/src\/main\/java\/hudson\/util\/.*)",2013-05-02,"jesse glick",6,37,2
"879","https://github.com/jenkinsci/jenkins.git","(?-mix:^core\/src\/main\/java\/hudson\/init\/.*)",2013-05-02,"jesse glick",1,8,2
"880","https://github.com/jenkinsci/jenkins.git","(?-mix:^core\/src\/main\/java\/hudson\/model\/.*)",2013-05-02,"jesse glick",17,181,2
"881","https://github.com/jenkinsci/jenkins.git","(?-mix:^core\/src\/main\/java\/hudson\/logging\/.*)",2013-05-02,"jesse glick",1,6,2
"882","https://github.com/jenkinsci/jenkins.git","(?-mix:^core\/src\/main\/java\/jenkins\/model\/lazy\/.*)",2013-05-02,"jesse glick",6,38,2
"883","https://github.com/jenkinsci/jenkins.git","(?-mix:^core\/src\/main\/java\/hudson\/matrix\/.*)",2013-05-02,"vjuranek",1,2,2
"884","https://github.com/jenkinsci/jenkins.git","(?-mix:^core\/src\/main\/java\/hudson\/search\/.*)",2013-05-02,"jesse glick",2,8,2
"885","https://github.com/jenkinsci/jenkins.git","(?-mix:^core\/src\/main\/java\/hudson\/scheduler\/.*)",2013-05-02,"jesse glick",1,2,2
"886","https://github.com/jenkinsci/jenkins.git","(?-mix:^core\/src\/main\/java\/hudson\/slaves\/.*)",2013-05-02,"jesse glick",1,18,2
"887","https://github.com/jenkinsci/jenkins.git","(?-mix:^core\/src\/main\/java\/hudson\/cli\/.*)",2013-05-02,"oliver gondža",2,22,2
"888","https://github.com/jenkinsci/jenkins.git","(?-mix:^core\/src\/main\/java\/hudson\/tasks\/.*)",2013-05-02,"jesse glick",1,14,2
"889","https://github.com/jenkinsci/jenkins.git","(?-mix:^core\/src\/main\/java\/jenkins\/util\/.*)",2013-05-02,"jesse glick",1,2,2
"890","https://github.com/jenkinsci/jenkins.git","(?-mix:^core\/src\/main\/java\/hudson\/model\/.*)",2013-05-02,"nicolas de loof",1,3,2
"891","https://github.com/jenkinsci/jenkins.git","(?-mix:^core\/src\/main\/java\/hudson\/cli\/.*)",2013-05-02,"jesse glick",1,2,2
"892","https://github.com/jenkinsci/jenkins.git","(?-mix:^core\/src\/main\/java\/hudson\/os\/.*)",2013-05-02,"jesse glick",2,66,2
"893","https://github.com/jenkinsci/jenkins.git","(?-mix:^core\/src\/main\/java\/hudson\/tools\/.*)",2013-05-02,"jesse glick",1,2,2
"894","https://github.com/jenkinsci/jenkins.git","(?-mix:^core\/src\/main\/java\/hudson\/util\/jna\/.*)",2013-05-02,"jesse glick",1,4,2
"895","https://github.com/jenkinsci/jenkins.git","(?-mix:^core\/src\/main\/java\/hudson\/security\/.*)",2013-05-02,"jesse glick",3,3,2
"896","https://github.com/jenkinsci/jenkins.git","(?-mix:^core\/src\/main\/java\/hudson\/model\/.*)",2013-06-03,"kohsuke kawaguchi",36,1234,3
"897","https://github.com/jenkinsci/jenkins.git","(?-mix:^core\/src\/main\/java\/hudson\/.*)",2013-06-03,"jesse glick",7,27,3
"898","https://github.com/jenkinsci/jenkins.git","(?-mix:^core\/src\/main\/java\/hudson\/console\/.*)",2013-06-03,"jesse glick",2,8,3
"899","https://github.com/jenkinsci/jenkins.git","(?-mix:^core\/src\/main\/java\/hudson\/model\/.*)",2013-06-03,"jesse glick",22,137,3
"900","https://github.com/jenkinsci/jenkins.git","(?-mix:^core\/src\/main\/java\/hudson\/security\/.*)",2013-06-03,"jesse glick",2,4,3
"901","https://github.com/jenkinsci/jenkins.git","(?-mix:^core\/src\/main\/java\/hudson\/util\/.*)",2013-06-03,"jesse glick",4,10,3
"902","https://github.com/jenkinsci/jenkins.git","(?-mix:^core\/src\/main\/java\/jenkins\/security\/.*)",2013-06-03,"jesse glick",1,6,3
"903","https://github.com/jenkinsci/jenkins.git","(?-mix:^maven-plugin\/src\/main\/java\/hudson\/maven\/.*)",2013-06-03,"imod",1,7,3
"904","https://github.com/jenkinsci/jenkins.git","(?-mix:^core\/src\/main\/java\/jenkins\/model\/lazy\/.*)",2013-06-03,"jesse glick",2,6,3
"905","https://github.com/jenkinsci/jenkins.git","(?-mix:^core\/src\/main\/java\/jenkins\/util\/.*)",2013-06-03,"jesse glick",2,6,3
"906","https://github.com/jenkinsci/jenkins.git","(?-mix:^core\/src\/main\/java\/hudson\/tasks\/.*)",2013-06-03,"jesse glick",1,36,3
"907","https://github.com/jenkinsci/jenkins.git","(?-mix:^core\/src\/main\/java\/hudson\/matrix\/.*)",2013-06-03,"nicolas de loof",1,6,3
"908","https://github.com/jenkinsci/jenkins.git","(?-mix:^maven-plugin\/src\/main\/java\/hudson\/maven\/.*)",2013-06-03,"nicolas de loof",1,7,3
"909","https://github.com/jenkinsci/jenkins.git","(?-mix:^cli\/src\/main\/java\/hudson\/cli\/.*)",2013-06-03,"kohsuke kawaguchi",1,2,3
"910","https://github.com/jenkinsci/jenkins.git","(?-mix:^core\/src\/main\/java\/hudson\/cli\/.*)",2013-06-03,"kohsuke kawaguchi",2,20,3
"911","https://github.com/jenkinsci/jenkins.git","(?-mix:^maven-plugin\/src\/main\/java\/hudson\/maven\/.*)",2013-06-03,"kohsuke kawaguchi",22,408,3
"912","https://github.com/jenkinsci/jenkins.git","(?-mix:^core\/src\/main\/java\/hudson\/search\/.*)",2013-06-03,"kohsuke kawaguchi",1,2,3
"913","https://github.com/jenkinsci/jenkins.git","(?-mix:^core\/src\/main\/java\/jenkins\/model\/.*)",2013-06-03,"kohsuke kawaguchi",4,14,3
"914","https://github.com/jenkinsci/jenkins.git","(?-mix:^core\/src\/main\/java\/hudson\/model\/queue\/.*)",2013-06-03,"kohsuke kawaguchi",20,167,3
"915","https://github.com/jenkinsci/jenkins.git","(?-mix:^core\/src\/main\/java\/hudson\/.*)",2013-06-03,"kohsuke kawaguchi",5,116,3
"916","https://github.com/jenkinsci/jenkins.git","(?-mix:^core\/src\/main\/java\/hudson\/model\/.*)",2013-06-03,"vincent latombe",1,2,3
"917","https://github.com/jenkinsci/jenkins.git","(?-mix:^core\/src\/main\/java\/hudson\/slaves\/.*)",2013-06-03,"jesse glick",3,23,3
"918","https://github.com/jenkinsci/jenkins.git","(?-mix:^core\/src\/main\/java\/hudson\/tasks\/junit\/.*)",2013-06-03,"jesse glick",1,2,3
"919","https://github.com/jenkinsci/jenkins.git","(?-mix:^core\/src\/main\/java\/hudson\/tools\/.*)",2013-06-03,"jesse glick",1,2,3
"920","https://github.com/jenkinsci/jenkins.git","(?-mix:^core\/src\/main\/java\/jenkins\/model\/.*)",2013-06-03,"jesse glick",2,16,3
"921","https://github.com/jenkinsci/jenkins.git","(?-mix:^core\/src\/main\/java\/hudson\/logging\/.*)",2013-06-03,"jesse glick",3,111,3
"922","https://github.com/jenkinsci/jenkins.git","(?-mix:^core\/src\/main\/java\/hudson\/model\/.*)",2013-06-03,"oliver gondža",2,38,3
"923","https://github.com/jenkinsci/jenkins.git","(?-mix:^core\/src\/main\/java\/hudson\/util\/.*)",2013-06-03,"kohsuke kawaguchi",4,40,3
"924","https://github.com/jenkinsci/jenkins.git","(?-mix:^core\/src\/main\/java\/jenkins\/slaves\/.*)",2013-06-03,"kohsuke kawaguchi",1,4,3
"925","https://github.com/jenkinsci/jenkins.git","(?-mix:^core\/src\/main\/java\/hudson\/model\/queue\/.*)",2013-06-03,"jesse glick",1,5,3
"926","https://github.com/jenkinsci/jenkins.git","(?-mix:^core\/src\/main\/java\/hudson\/.*)",2013-06-03,"christoph kutzinski",1,7,3
"927","https://github.com/jenkinsci/jenkins.git","(?-mix:^core\/src\/main\/java\/hudson\/slaves\/.*)",2013-06-03,"kohsuke kawaguchi",2,4,3
"928","https://github.com/jenkinsci/jenkins.git","(?-mix:^core\/src\/main\/java\/hudson\/cli\/.*)",2013-06-03,"oliver gondža",3,32,3
"929","https://github.com/ansible/ansible.git","(?-mix:^library\/packaging\/.*)",2014-02-28,"anton lindström",1,36,1
"930","https://github.com/ansible/ansible.git","(?-mix:^plugins\/inventory\/.*\.py)",2014-02-28,"ingmar hupp",2,6,1
"931","https://github.com/ansible/ansible.git","(?-mix:^library\/files\/.*)",2014-04-29,"someda",1,2,3
"932","https://github.com/ansible/ansible.git","(?-mix:^library\/files\/.*)",2014-04-29,"brian coca",3,9,3
"933","https://github.com/ansible/ansible.git","(?-mix:^library\/cloud\/.*)",2014-04-29,"maykel moya",1,2,3
"934","https://github.com/ansible/ansible.git","(?-mix:^library\/cloud\/.*)",2014-04-29,"yap sok ann",1,50,3
"935","https://github.com/ansible/ansible.git","(?-mix:^lib\/ansible\/[^\/]*)",2015-01-25,"dan rue",2,5,12
"936","https://github.com/angular/angular.js.git","(?-mix:^src\/ng\/location\.js)",2012-06-14,"vojta jina",1,4,1
"937","https://github.com/angular/angular.js.git","(?-mix:^src\/ng\/[^\/]*)",2012-06-14,"misko hevery",1,1,1
"938","https://github.com/angular/angular.js.git","(?-mix:^src\/ng\/directive\/.*)",2012-07-18,"igor minar",2,44,2
"939","https://github.com/angular/angular.js.git","(?-mix:^src\/ng\/rootScope\.js)",2012-07-18,"unirgy",1,4,2
"940","https://github.com/angular/angular.js.git","(?-mix:^src\/ng\/[^\/]*)",2012-07-18,"vojta jina",1,13,2
"941","https://github.com/angular/angular.js.git","(?-mix:^src\/ng\/http.*)",2012-07-18,"vojta jina",2,14,2
"942","https://github.com/angular/angular.js.git","(?-mix:^src\/ngSanitize\/filter\/linky\.js)",2012-07-18,"brian ford",1,3,2
"943","https://github.com/angular/angular.js.git","(?-mix:^src\/[^\/]*)",2012-07-18,"vojta jina",1,2,2
"944","https://github.com/angular/angular.js.git","(?-mix:^src\/ng\/compile\.js)",2012-07-18,"vojta jina",2,21,2
"945","https://github.com/angular/angular.js.git","(?-mix:^src\/ng\/rootScope\.js)",2012-07-18,"vojta jina",1,4,2
"946","https://github.com/angular/angular.js.git","(?-mix:^src\/ng\/[^\/]*)",2012-07-18,"igor minar",4,52,2
"947","https://github.com/angular/angular.js.git","(?-mix:^src\/ng\/directive\/ng.*)",2012-07-18,"brian ford",1,7,2
"948","https://github.com/angular/angular.js.git","(?-mix:^src\/ng\/compile\.js)",2012-07-18,"igor minar",2,20,2
"949","https://github.com/angular/angular.js.git","(?-mix:^src\/ng\/[^\/]*)",2012-08-23,"johnlindquist",1,2,3
"950","https://github.com/angular/angular.js.git","(?-mix:^src\/ng\/directive\/.*)",2012-08-23,"igor minar",1,7,3
"951","https://github.com/angular/angular.js.git","(?-mix:^src\/jqLite\.js)",2012-08-23,"igor minar",1,2,3
"952","https://github.com/angular/angular.js.git","(?-mix:^src\/ng\/compile\.js)",2012-08-23,"igor minar",1,2,3
"953","https://github.com/angular/angular.js.git","(?-mix:^src\/ng\/[^\/]*)",2012-08-23,"brian ford",1,8,3
"954","https://github.com/angular/angular.js.git","(?-mix:^src\/ngMock\/.*)",2012-08-23,"vojta jina",1,28,3
"955","https://github.com/angular/angular.js.git","(?-mix:^src\/ng\/[^\/]*)",2012-08-23,"brice burgess",1,5,3
"956","https://github.com/angular/angular.js.git","(?-mix:^src\/[^\/]*)",2012-08-23,"igor minar",1,10,3
"957","https://github.com/angular/angular.js.git","(?-mix:^src\/ng\/directive\/ng.*)",2012-08-23,"igor minar",1,28,3
"958","https://github.com/angular/angular.js.git","(?-mix:^src\/ng\/[^\/]*)",2012-08-23,"igor minar",1,2,3
"959","https://github.com/angular/angular.js.git","(?-mix:^src\/ngResource\/.*)",2012-08-23,"benjamín eidelman",1,3,3
"960","https://github.com/angular/angular.js.git","(?-mix:^src\/ng\/directive\/input\.js)",2012-08-23,"gregory pike",1,21,3
"961","https://github.com/angular/angular.js.git","(?-mix:^src\/ngMock\/.*)",2012-08-23,"cameron westland",1,36,3
"962","https://github.com/angular/angular.js.git","(?-mix:^src\/ng\/filter\/.*)",2012-08-23,"iwein fuld",1,2,3
"963","https://github.com/angular/angular.js.git","(?-mix:^src\/ngScenario\/.*)",2012-08-23,"pedro del gallego",1,16,3
"964","https://github.com/angular/angular.js.git","(?-mix:^src\/auto\/injector\.js)",2012-08-23,"misko hevery",1,2,3
"965","https://github.com/angular/angular.js.git","(?-mix:^src\/ng\/directive\/.*)",2012-08-23,"xiangru chen",1,3,3
"966","https://github.com/angular/angular.js.git","(?-mix:^src\/bootstrap\/.*)",2012-08-23,"shyam seshadri",2,4,3
"967","https://github.com/angular/angular.js.git","(?-mix:^src\/ng\/[^\/]*)",2012-08-23,"shyam seshadri",1,3,3
"968","https://github.com/angular/angular.js.git","(?-mix:^src\/ng\/compile\.js)",2012-08-23,"shyam seshadri",1,6,3
"969","https://github.com/angular/angular.js.git","(?-mix:^src\/ng\/directive\/.*)",2012-08-23,"shyam seshadri",2,6,3
"970","https://github.com/angular/angular.js.git","(?-mix:^src\/ng\/directive\/input\.js)",2012-08-23,"shyam seshadri",1,4,3
"971","https://github.com/angular/angular.js.git","(?-mix:^src\/ng\/directive\/ng.*)",2012-08-23,"shyam seshadri",8,26,3
"972","https://github.com/angular/angular.js.git","(?-mix:^src\/ngSanitize\/directive\/ngBindHtml\.js)",2012-08-23,"shyam seshadri",1,2,3
"973","https://github.com/angular/angular.js.git","(?-mix:^src\/ng\/directive\/.*)",2012-08-23,"sgtpep",1,1,3
"974","https://github.com/angular/angular.js.git","(?-mix:^src\/ngResource\/.*)",2012-08-23,"igor minar",1,2,3
"975","https://github.com/angular/angular.js.git","(?-mix:^src\/ngResource\/.*)",2012-08-23,"jay zeng",1,2,3
"976","https://github.com/angular/angular.js.git","(?-mix:^src\/ng\/rootScope\.js)",2012-08-23,"daniel luz",8,40,3
"977","https://github.com/angular/angular.js.git","(?-mix:^src\/ng\/[^\/]*)",2012-08-23,"daniel luz",1,8,3
"978","https://github.com/angular/angular.js.git","(?-mix:^src\/ngScenario\/.*)",2012-08-23,"jimmy zhuo",1,9,3
"979","https://github.com/angular/angular.js.git","(?-mix:^src\/ngScenario\/.*)",2012-08-23,"shyam seshadri",1,3,3
"980","https://github.com/angular/angular.js.git","(?-mix:^src\/ng\/rootScope\.js)",2012-08-23,"misko hevery",1,10,3
"981","https://github.com/angular/angular.js.git","(?-mix:^src\/ng\/http.*)",2012-08-23,"tom hughes",1,18,3
"982","https://github.com/angular/angular.js.git","(?-mix:^src\/ng\/[^\/]*)",2012-08-23,"misko hevery",1,2,3
"983","https://github.com/angular/angular.js.git","(?-mix:^src\/ng\/compile\.js)",2012-08-30,"vojta jina",1,2,4
"984","https://github.com/angular/angular.js.git","(?-mix:^src\/ngScenario\/.*)",2012-09-20,"igor minar",1,177,5
"985","https://github.com/angular/angular.js.git","(?-mix:^src\/ng\/filter\/.*)",2012-09-20,"braden shepherdson",1,11,5
"986","https://github.com/angular/angular.js.git","(?-mix:^src\/ng\/compile\.js)",2012-09-20,"igor minar",5,61,5
"987","https://github.com/angular/angular.js.git","(?-mix:^src\/ngScenario\/.*)",2012-09-20,"adam macejak",1,4,5
"988","https://github.com/angular/angular.js.git","(?-mix:^src\/auto\/injector\.js)",2012-09-20,"sqwishy trick",1,2,5
"989","https://github.com/angular/angular.js.git","(?-mix:^src\/ng\/directive\/.*)",2012-09-20,"sudhir jonathan",1,7,5
"990","https://github.com/angular/angular.js.git","(?-mix:^src\/ngSanitize\/sanitize\.js)",2012-09-20,"anna vester",1,2,5
"991","https://github.com/angular/angular.js.git","(?-mix:^src\/ng\/directive\/ng.*)",2012-09-20,"christian vuerings",1,6,5
"992","https://github.com/angular/angular.js.git","(?-mix:^src\/[^\/]*)",2012-09-20,"josh adams",1,2,5
"993","https://github.com/angular/angular.js.git","(?-mix:^src\/ng\/directive\/input\.js)",2012-09-20,"josh adams",1,2,5
"994","https://github.com/angular/angular.js.git","(?-mix:^src\/ng\/[^\/]*)",2012-09-20,"wes alvaro",1,2,5
"995","https://github.com/angular/angular.js.git","(?-mix:^src\/[^\/]*)",2012-09-20,"haralan dobrev",1,4,5
"996","https://github.com/angular/angular.js.git","(?-mix:^src\/ng\/rootScope\.js)",2012-09-20,"igor minar",1,5,5
"997","https://github.com/angular/angular.js.git","(?-mix:^src\/ng\/[^\/]*)",2012-11-15,"igor minar",1,2,6
"998","https://github.com/angular/angular.js.git","(?-mix:^src\/ng\/[^\/]*)",2012-11-15,"uri goldshtein",1,2,6
"999","https://github.com/angular/angular.js.git","(?-mix:^src\/[^\/]*)",2012-11-15,"kris jenkins",2,6,6
"1000","https://github.com/angular/angular.js.git","(?-mix:^src\/ngResource\/.*)",2012-11-15,"adrian gheorghe",1,4,6
"1001","https://github.com/angular/angular.js.git","(?-mix:^src\/ng\/[^\/]*)",2012-11-15,"jeremy tymes",1,2,6
"1002","https://github.com/angular/angular.js.git","(?-mix:^src\/ngSanitize\/filter\/linky\.js)",2012-11-15,"zach dexter",1,25,6
"1003","https://github.com/angular/angular.js.git","(?-mix:^src\/ng\/http.*)",2012-11-15,"tom davis",1,11,6
"1004","https://github.com/angular/angular.js.git","(?-mix:^src\/ng\/[^\/]*)",2012-11-15,"jp sugarbroad",1,4,6
"1005","https://github.com/angular/angular.js.git","(?-mix:^src\/ng\/directive\/input\.js)",2012-11-15,"dean sofer",1,18,6
"1006","https://github.com/angular/angular.js.git","(?-mix:^src\/ng\/directive\/.*)",2012-11-15,"dean sofer",1,3,6
"1007","https://github.com/angular/angular.js.git","(?-mix:^src\/ng\/rootScope\.js)",2012-11-15,"vojta jina",1,28,6
"1008","https://github.com/angular/angular.js.git","(?-mix:^src\/jqLite\.js)",2012-11-15,"igor minar",4,33,6
"1009","https://github.com/angular/angular.js.git","(?-mix:^src\/ng\/directive\/.*)",2012-11-15,"pawel kozlowski",1,33,6
"1010","https://github.com/angular/angular.js.git","(?-mix:^src\/ng\/directive\/input\.js)",2012-11-15,"pawel kozlowski",1,16,6
"1011","https://github.com/angular/angular.js.git","(?-mix:^src\/[^\/]*)",2012-11-15,"igor minar",1,2,6
"1012","https://github.com/angular/angular.js.git","(?-mix:^src\/ng\/directive\/ng.*)",2012-11-15,"igor minar",3,99,6
"1013","https://github.com/angular/angular.js.git","(?-mix:^src\/ng\/directive\/input\.js)",2012-11-15,"igor minar",1,9,6
"1014","https://github.com/angular/angular.js.git","(?-mix:^src\/ng\/location\.js)",2012-11-15,"rado kirov",1,5,6
"1015","https://github.com/angular/angular.js.git","(?-mix:^src\/ng\/http.*)",2012-11-15,"rado kirov",2,47,6
"1016","https://github.com/angular/angular.js.git","(?-mix:^src\/ngResource\/.*)",2012-11-15,"pascal corpet",1,10,6
"1017","https://github.com/angular/angular.js.git","(?-mix:^src\/ng\/rootScope\.js)",2012-11-15,"igor minar",1,5,6
"1018","https://github.com/angular/angular.js.git","(?-mix:^src\/ngResource\/.*)",2012-11-15,"cezar berea",1,10,6
"1019","https://github.com/angular/angular.js.git","(?-mix:^src\/ngResource\/.*)",2012-11-15,"sudhir jonathan",1,1,6
"1020","https://github.com/angular/angular.js.git","(?-mix:^src\/auto\/injector\.js)",2012-11-15,"sudhir jonathan",1,2,6
"1021","https://github.com/angular/angular.js.git","(?-mix:^src\/ngScenario\/.*)",2012-11-15,"stephane bisson",1,2,6
"1022","https://github.com/angular/angular.js.git","(?-mix:^src\/ng\/directive\/.*)",2012-11-15,"_pants",1,4,6
"1023","https://github.com/angular/angular.js.git","(?-mix:^src\/bootstrap\/.*)",2012-11-15,"igor minar",1,8,6
"1024","https://github.com/angular/angular.js.git","(?-mix:^src\/ngMock\/.*)",2012-11-15,"fred sauer",2,7,6
"1025","https://github.com/angular/angular.js.git","(?-mix:^src\/ng\/http.*)",2012-11-15,"jeremy tymes",1,2,6
"1026","https://github.com/angular/angular.js.git","(?-mix:^src\/ng\/[^\/]*)",2012-11-15,"eric case",1,2,6
"1027","https://github.com/angular/angular.js.git","(?-mix:^src\/ngResource\/.*)",2012-11-15,"juha syrjälä",1,6,6
"1028","https://github.com/angular/angular.js.git","(?-mix:^src\/ng\/[^\/]*)",2012-12-11,"gonzalo ruiz de villa",1,8,7
"1029","https://github.com/angular/angular.js.git","(?-mix:^src\/ng\/[^\/]*)",2012-12-11,"miško hevery",1,24,7
"1030","https://github.com/angular/angular.js.git","(?-mix:^src\/ng\/directive\/ng.*)",2012-12-11,"pawel kozlowski",1,2,7
"1031","https://github.com/angular/angular.js.git","(?-mix:^src\/ng\/directive\/ng.*)",2012-12-11,"mark nadig",1,34,7
"1032","https://github.com/angular/angular.js.git","(?-mix:^src\/ng\/filter\/.*)",2012-12-11,"jeremy tymes",1,83,7
"1033","https://github.com/angular/angular.js.git","(?-mix:^src\/ng\/[^\/]*)",2012-12-11,"murilo da silva",1,2,7
"1034","https://github.com/angular/angular.js.git","(?-mix:^src\/ngMock\/.*)",2012-12-11,"petrovalex",1,42,7
"1035","https://github.com/angular/angular.js.git","(?-mix:^src\/ng\/http.*)",2012-12-11,"per rovegård",1,7,7
"1036","https://github.com/angular/angular.js.git","(?-mix:^src\/ng\/directive\/.*)",2012-12-11,"jonathan card",1,10,7
"1037","https://github.com/angular/angular.js.git","(?-mix:^src\/ng\/directive\/.*)",2012-12-11,"igor minar",1,1,7
"1038","https://github.com/angular/angular.js.git","(?-mix:^src\/ng\/[^\/]*)",2012-12-11,"igor minar",1,9,7
"1039","https://github.com/angular/angular.js.git","(?-mix:^src\/auto\/injector\.js)",2012-12-11,"igor minar",1,2,7
"1040","https://github.com/angular/angular.js.git","(?-mix:^src\/jqLite\.js)",2012-12-11,"keyamoon",1,11,7
"1041","https://github.com/angular/angular.js.git","(?-mix:^src\/jqLite\.js)",2012-12-11,"pete bacon darwin",1,4,7
"1042","https://github.com/angular/angular.js.git","(?-mix:^src\/ng\/filter\/.*)",2012-12-11,"igor minar",1,10,7
"1043","https://github.com/angular/angular.js.git","(?-mix:^src\/ng\/compile\.js)",2012-12-11,"igor minar",1,0,7
"1044","https://github.com/angular/angular.js.git","(?-mix:^src\/ng\/compile\.js)",2012-12-11,"martin probst",1,12,7
"1045","https://github.com/angular/angular.js.git","(?-mix:^src\/ng\/compile\.js)",2013-01-10,"igor minar",1,2,8
"1046","https://github.com/angular/angular.js.git","(?-mix:^src\/ng\/[^\/]*)",2013-01-10,"martin probst",1,45,8
"1047","https://github.com/angular/angular.js.git","(?-mix:^src\/ngScenario\/.*)",2013-01-10,"igor minar",1,4,8
"1048","https://github.com/angular/angular.js.git","(?-mix:^src\/ng\/directive\/ng.*)",2013-01-10,"pete bacon darwin",1,15,8
"1049","https://github.com/angular/angular.js.git","(?-mix:^src\/ng\/compile\.js)",2013-01-10,"pete bacon darwin",1,2,8
"1050","https://github.com/angular/angular.js.git","(?-mix:^src\/ng\/[^\/]*)",2013-01-10,"nlaplante",1,46,8
"1051","https://github.com/angular/angular.js.git","(?-mix:^src\/[^\/]*)",2013-01-10,"igor minar",3,62,8
"1052","https://github.com/angular/angular.js.git","(?-mix:^src\/ngMock\/.*)",2013-01-10,"fred sauer",2,26,8
"1053","https://github.com/angular/angular.js.git","(?-mix:^src\/ng\/rootScope\.js)",2013-01-10,"matthew browne",1,6,8
"1054","https://github.com/angular/angular.js.git","(?-mix:^src\/ng\/parse\.js)",2013-01-10,"jeremy tymes",1,18,8
"1055","https://github.com/angular/angular.js.git","(?-mix:^src\/ng\/[^\/]*)",2013-01-10,"fred sauer",1,3,8
"1056","https://github.com/angular/angular.js.git","(?-mix:^src\/ngResource\/.*)",2013-01-10,"misko hevery",1,51,8
"1057","https://github.com/angular/angular.js.git","(?-mix:^src\/ng\/directive\/ng.*)",2013-01-10,"danilsomsikov",1,29,8
"1058","https://github.com/angular/angular.js.git","(?-mix:^src\/ngResource\/.*)",2013-01-10,"pavelgj",1,9,8
"1059","https://github.com/angular/angular.js.git","(?-mix:^src\/jqLite\.js)",2013-01-10,"david chang",1,4,8
"1060","https://github.com/angular/angular.js.git","(?-mix:^src\/ng\/directive\/.*)",2013-01-10,"david chang",1,31,8
"1061","https://github.com/angular/angular.js.git","(?-mix:^src\/ng\/[^\/]*)",2013-01-10,"luis ramón lópez",1,31,8
"1062","https://github.com/angular/angular.js.git","(?-mix:^src\/ngScenario\/.*)",2013-01-10,"pedro del gallego",1,9,8
"1063","https://github.com/angular/angular.js.git","(?-mix:^src\/ngResource\/.*)",2013-01-10,"fredrik bonander",1,2,8
"1064","https://github.com/angular/angular.js.git","(?-mix:^src\/jqLite\.js)",2013-01-10,"sergiopantoja",1,2,8
"1065","https://github.com/angular/angular.js.git","(?-mix:^src\/ngResource\/.*)",2013-01-10,"igor minar",1,2,8
"1066","https://github.com/angular/angular.js.git","(?-mix:^src\/ng\/directive\/.*)",2013-01-10,"igor minar",1,2,8
"1067","https://github.com/angular/angular.js.git","(?-mix:^src\/ngResource\/.*)",2013-01-10,"partap davis",1,23,8
"1068","https://github.com/angular/angular.js.git","(?-mix:^src\/auto\/injector\.js)",2013-01-10,"vineet kumar",1,2,8
"1069","https://github.com/angular/angular.js.git","(?-mix:^src\/ng\/filter\/.*)",2013-01-10,"igor minar",1,3,8
"1070","https://github.com/angular/angular.js.git","(?-mix:^src\/bootstrap\/.*)",2013-01-10,"igor minar",1,8,8
"1071","https://github.com/angular/angular.js.git","(?-mix:^src\/ng\/directive\/.*)",2013-01-10,"fred sauer",1,2,8
"1072","https://github.com/angular/angular.js.git","(?-mix:^src\/[^\/]*)",2013-01-10,"metaweta",1,3,8
"1073","https://github.com/angular/angular.js.git","(?-mix:^src\/ng\/rootScope\.js)",2013-01-10,"fred sauer",1,2,8
"1074","https://github.com/angular/angular.js.git","(?-mix:^src\/[^\/]*)",2013-01-10,"radu",2,4,8
"1075","https://github.com/angular/angular.js.git","(?-mix:^src\/ngCookies\/cookies\.js)",2013-01-10,"dean sofer",1,12,8
"1076","https://github.com/angular/angular.js.git","(?-mix:^src\/ng\/compile\.js)",2013-01-10,"brian ford",1,3,8
"1077","https://github.com/angular/angular.js.git","(?-mix:^src\/ng\/rootScope\.js)",2013-01-10,"brian ford",1,1,8
"1078","https://github.com/angular/angular.js.git","(?-mix:^src\/ng\/directive\/ng.*)",2013-01-10,"powerkiki",1,2,8
"1079","https://github.com/angular/angular.js.git","(?-mix:^src\/ng\/filter\/.*)",2013-01-10,"philip roberts",1,10,8
"1080","https://github.com/angular/angular.js.git","(?-mix:^src\/ng\/http.*)",2013-01-10,"sam mccall",1,28,8
"1081","https://github.com/angular/angular.js.git","(?-mix:^src\/ng\/filter\/.*)",2013-01-10,"maxim grach",1,4,8
"1082","https://github.com/angular/angular.js.git","(?-mix:^src\/ngMock\/.*)",2013-01-10,"maxim grach",1,7,8
"1083","https://github.com/angular/angular.js.git","(?-mix:^src\/ng\/[^\/]*)",2013-01-10,"fredrik bonander",1,2,8
"1084","https://github.com/angular/angular.js.git","(?-mix:^src\/ng\/compile\.js)",2013-01-10,"enrique paredes",1,2,8
"1085","https://github.com/angular/angular.js.git","(?-mix:^src\/ngScenario\/.*)",2013-01-10,"julie",1,2,8
"1086","https://github.com/angular/angular.js.git","(?-mix:^src\/ng\/[^\/]*)",2013-01-10,"radu",1,12,8
"1087","https://github.com/angular/angular.js.git","(?-mix:^src\/[^\/]*)",2013-02-04,"igor minar",3,10,9
"1088","https://github.com/angular/angular.js.git","(?-mix:^src\/ngResource\/.*)",2013-02-04,"igor minar",1,39,9
"1089","https://github.com/angular/angular.js.git","(?-mix:^src\/ngResource\/.*)",2013-02-04,"cedric soulas",2,6,9
"1090","https://github.com/angular/angular.js.git","(?-mix:^src\/ng\/filter\/.*)",2013-02-04,"kury kruitbosch",1,2,9
"1091","https://github.com/angular/angular.js.git","(?-mix:^src\/ng\/filter\/.*)",2013-02-04,"rosina bignall",1,70,9
"1092","https://github.com/angular/angular.js.git","(?-mix:^src\/[^\/]*)",2013-02-04,"shyam seshadri",1,11,9
"1093","https://github.com/angular/angular.js.git","(?-mix:^src\/ngResource\/.*)",2013-02-04,"fredrik bonander",1,2,9
"1094","https://github.com/angular/angular.js.git","(?-mix:^src\/[^\/]*)",2013-02-04,"james morrin",2,23,9
"1095","https://github.com/angular/angular.js.git","(?-mix:^src\/ng\/rootScope\.js)",2013-02-04,"daniel luz",2,10,9
"1096","https://github.com/angular/angular.js.git","(?-mix:^src\/ng\/parse\.js)",2013-02-04,"daniel luz",2,58,9
"1097","https://github.com/angular/angular.js.git","(?-mix:^src\/ngResource\/.*)",2013-02-04,"mark nadig",1,17,9
"1098","https://github.com/angular/angular.js.git","(?-mix:^src\/ng\/http.*)",2013-02-04,"vojta jina",1,4,9
"1099","https://github.com/angular/angular.js.git","(?-mix:^src\/ng\/[^\/]*)",2013-02-04,"vineet kumar",1,6,9
"1100","https://github.com/angular/angular.js.git","(?-mix:^src\/ng\/directive\/ng.*)",2013-02-04,"deboer",1,5,9
"1101","https://github.com/angular/angular.js.git","(?-mix:^src\/ng\/rootScope\.js)",2013-02-04,"ewen cumming",1,8,9
"1102","https://github.com/angular/angular.js.git","(?-mix:^src\/ng\/filter\/.*)",2013-02-04,"igor minar",3,4,9
"1103","https://github.com/angular/angular.js.git","(?-mix:^src\/ng\/directive\/.*)",2013-02-04,"igor minar",3,21,9
"1104","https://github.com/angular/angular.js.git","(?-mix:^src\/ng\/http.*)",2013-02-04,"will moore",1,24,9
"1105","https://github.com/angular/angular.js.git","(?-mix:^src\/ng\/directive\/ng.*)",2013-02-04,"lucas galfasó",2,53,9
"1106","https://github.com/angular/angular.js.git","(?-mix:^src\/ng\/compile\.js)",2013-02-04,"pete bacon darwin",3,15,9
"1107","https://github.com/angular/angular.js.git","(?-mix:^src\/ng\/[^\/]*)",2013-02-04,"luis ramón lópez",1,28,9
"1108","https://github.com/angular/angular.js.git","(?-mix:^src\/ng\/directive\/ng.*)",2013-02-04,"pete bacon darwin",1,2,9
"1109","https://github.com/angular/angular.js.git","(?-mix:^src\/ng\/directive\/ng.*)",2013-02-04,"per rovegård",1,4,9
"1110","https://github.com/angular/angular.js.git","(?-mix:^src\/ng\/compile\.js)",2013-02-04,"igor minar",3,62,9
"1111","https://github.com/angular/angular.js.git","(?-mix:^src\/ng\/http.*)",2013-02-04,"igor minar",2,18,9
"1112","https://github.com/angular/angular.js.git","(?-mix:^src\/ng\/[^\/]*)",2013-02-04,"alexander shtuchkin",2,43,9
"1113","https://github.com/angular/angular.js.git","(?-mix:^src\/ng\/filter\/.*)",2013-02-04,"pawel kozlowski",1,2,9
"1114","https://github.com/angular/angular.js.git","(?-mix:^src\/ng\/compile\.js)",2013-02-04,"luis ramón lópez",3,32,9
"1115","https://github.com/angular/angular.js.git","(?-mix:^src\/jqLite\.js)",2013-02-04,"jørgen borgesen",1,5,9
"1116","https://github.com/angular/angular.js.git","(?-mix:^src\/ng\/compile\.js)",2013-02-04,"danilsomsikov",1,4,9
"1117","https://github.com/angular/angular.js.git","(?-mix:^src\/ngMock\/.*)",2013-02-04,"matt ginzton",3,6,9
"1118","https://github.com/angular/angular.js.git","(?-mix:^src\/[^\/]*)",2013-02-04,"andrew mcleod",1,2,9
"1119","https://github.com/angular/angular.js.git","(?-mix:^src\/ngResource\/.*)",2013-02-04,"andrew mcleod",1,2,9
"1120","https://github.com/angular/angular.js.git","(?-mix:^src\/ngResource\/.*)",2013-02-04,"zeflasher",1,30,9
"1121","https://github.com/angular/angular.js.git","(?-mix:^src\/ng\/[^\/]*)",2013-02-04,"david chang",1,15,9
"1122","https://github.com/angular/angular.js.git","(?-mix:^src\/ng\/compile\.js)",2013-02-04,"thibault leruitte",1,12,9
"1123","https://github.com/angular/angular.js.git","(?-mix:^src\/[^\/]*)",2013-02-04,"dave geddes",1,4,9
"1124","https://github.com/angular/angular.js.git","(?-mix:^src\/[^\/]*)",2013-02-04,"julie",1,20,9
"1125","https://github.com/angular/angular.js.git","(?-mix:^src\/ng\/http.*)",2013-02-04,"alexander shtuchkin",1,9,9
"1126","https://github.com/angular/angular.js.git","(?-mix:^src\/ngResource\/.*)",2013-02-04,"ciro nunes",1,9,9
"1127","https://github.com/angular/angular.js.git","(?-mix:^src\/ng\/[^\/]*)",2013-02-04,"igor minar",1,4,9
"1128","https://github.com/angular/angular.js.git","(?-mix:^src\/ng\/directive\/ng.*)",2013-02-04,"mark nadig",1,18,9
"1129","https://github.com/angular/angular.js.git","(?-mix:^src\/auto\/injector\.js)",2013-02-04,"jason morrison",1,2,9
"1130","https://github.com/angular/angular.js.git","(?-mix:^i18n\/closure\/.*)",2013-02-04,"chirayu krishnappa",4,1826,9
"1131","https://github.com/angular/angular.js.git","(?-mix:^src\/ngLocale\/.*)",2013-02-04,"chirayu krishnappa",143,224,9
"1132","https://github.com/angular/angular.js.git","(?-mix:^src\/ng\/directive\/ng.*)",2013-02-04,"christian vuerings",1,2,9
"1133","https://github.com/angular/angular.js.git","(?-mix:^src\/ng\/location\.js)",2013-02-04,"thibault leruitte",1,3,9
"1134","https://github.com/angular/angular.js.git","(?-mix:^src\/auto\/injector\.js)",2013-03-12,"arlen christian mart cuss",1,6,10
"1135","https://github.com/angular/angular.js.git","(?-mix:^src\/ngScenario\/.*)",2013-03-12,"braden shepherdson",1,8,10
"1136","https://github.com/angular/angular.js.git","(?-mix:^src\/ng\/filter\/.*)",2013-03-12,"sujeet pillai",1,3,10
"1137","https://github.com/angular/angular.js.git","(?-mix:^src\/ng\/[^\/]*)",2013-03-12,"jamie mason",1,3,10
"1138","https://github.com/angular/angular.js.git","(?-mix:^src\/ng\/location\.js)",2013-03-12,"manuel braun",1,2,10
"1139","https://github.com/angular/angular.js.git","(?-mix:^src\/ng\/[^\/]*)",2013-03-12,"bruno coelho",1,2,10
"1140","https://github.com/angular/angular.js.git","(?-mix:^src\/[^\/]*)",2013-03-12,"javier mendiara cañardo",1,6,10
"1141","https://github.com/angular/angular.js.git","(?-mix:^src\/ng\/directive\/.*)",2013-03-12,"arlen christian mart cuss",1,2,10
"1142","https://github.com/angular/angular.js.git","(?-mix:^src\/ng\/directive\/ng.*)",2013-03-12,"mark chapman",1,6,10
"1143","https://github.com/angular/angular.js.git","(?-mix:^src\/ngLocale\/.*)",2013-03-12,"chirayu krishnappa",150,14400,10
"1144","https://github.com/angular/angular.js.git","(?-mix:^i18n\/spec\/.*)",2013-03-12,"chirayu krishnappa",1,2,10
"1145","https://github.com/angular/angular.js.git","(?-mix:^i18n\/src\/closureSlurper\.js)",2013-03-12,"chirayu krishnappa",1,147,10
"1146","https://github.com/angular/angular.js.git","(?-mix:^i18n\/src\/parser\.js)",2013-03-12,"chirayu krishnappa",1,4,10
"1147","https://github.com/angular/angular.js.git","(?-mix:^src\/ngMock\/.*)",2013-03-12,"misko hevery",2,53,10
"1148","https://github.com/angular/angular.js.git","(?-mix:^src\/ng\/compile\.js)",2013-03-12,"sylvester keil",1,8,10
"1149","https://github.com/angular/angular.js.git","(?-mix:^src\/ng\/http.*)",2013-03-12,"sylvester keil",1,202,10
"1150","https://github.com/angular/angular.js.git","(?-mix:^src\/ngMock\/.*)",2013-03-12,"sylvester keil",1,8,10
"1151","https://github.com/angular/angular.js.git","(?-mix:^src\/[^\/]*)",2013-03-12,"pascal borreli",1,6,10
"1152","https://github.com/angular/angular.js.git","(?-mix:^src\/bootstrap\/google-prettify\/prettify\.js)",2013-03-12,"pascal borreli",1,2,10
"1153","https://github.com/angular/angular.js.git","(?-mix:^src\/jqLite\.js)",2013-03-12,"pascal borreli",1,2,10
"1154","https://github.com/angular/angular.js.git","(?-mix:^src\/ng\/[^\/]*)",2013-03-12,"pascal borreli",3,10,10
"1155","https://github.com/angular/angular.js.git","(?-mix:^src\/ng\/compile\.js)",2013-03-12,"pascal borreli",1,2,10
"1156","https://github.com/angular/angular.js.git","(?-mix:^src\/ng\/directive\/input\.js)",2013-03-12,"pascal borreli",1,2,10
"1157","https://github.com/angular/angular.js.git","(?-mix:^src\/ng\/directive\/ng.*)",2013-03-12,"pascal borreli",4,12,10
"1158","https://github.com/angular/angular.js.git","(?-mix:^src\/ng\/filter\/.*)",2013-03-12,"pascal borreli",1,2,10
"1159","https://github.com/angular/angular.js.git","(?-mix:^src\/ng\/http.*)",2013-03-12,"pascal borreli",1,2,10
"1160","https://github.com/angular/angular.js.git","(?-mix:^src\/ng\/parse\.js)",2013-03-12,"pascal borreli",1,6,10
"1161","https://github.com/angular/angular.js.git","(?-mix:^src\/ng\/rootScope\.js)",2013-03-12,"pascal borreli",1,2,10
"1162","https://github.com/angular/angular.js.git","(?-mix:^src\/ngResource\/.*)",2013-03-12,"pascal borreli",1,8,10
"1163","https://github.com/angular/angular.js.git","(?-mix:^src\/ngScenario\/.*)",2013-03-12,"pascal borreli",1,2,10
"1164","https://github.com/angular/angular.js.git","(?-mix:^src\/ng\/[^\/]*)",2013-03-12,"matthew mccomb",1,2,10
"1165","https://github.com/angular/angular.js.git","(?-mix:^src\/ngMock\/.*)",2013-03-12,"gert goet",1,6,10
"1166","https://github.com/angular/angular.js.git","(?-mix:^src\/ng\/rootScope\.js)",2013-03-12,"matias niemelä",1,141,10
"1167","https://github.com/angular/angular.js.git","(?-mix:^src\/[^\/]*)",2013-03-12,"misko hevery",4,78,10
"1168","https://github.com/angular/angular.js.git","(?-mix:^src\/ng\/directive\/ng.*)",2013-03-12,"misko hevery",6,354,10
"1169","https://github.com/angular/angular.js.git","(?-mix:^src\/ng\/directive\/ng.*)",2013-03-12,"igor minar",1,5,10
"1170","https://github.com/angular/angular.js.git","(?-mix:^src\/ng\/filter\/.*)",2013-03-12,"misko hevery",2,12,10
"1171","https://github.com/angular/angular.js.git","(?-mix:^src\/ng\/[^\/]*)",2013-03-12,"misko hevery",1,26,10
"1172","https://github.com/angular/angular.js.git","(?-mix:^src\/ng\/rootScope\.js)",2013-03-12,"matias niemelä",1,20,10
"1173","https://github.com/angular/angular.js.git","(?-mix:^src\/bootstrap\/.*)",2013-03-12,"igor minar",1,5,10
"1174","https://github.com/angular/angular.js.git","(?-mix:^src\/ngScenario\/.*)",2013-03-12,"igor minar",1,28,10
"1175","https://github.com/angular/angular.js.git","(?-mix:^src\/ng\/directive\/ng.*)",2013-03-12,"matias niemelä",5,393,10
"1176","https://github.com/angular/angular.js.git","(?-mix:^src\/ngResource\/.*)",2013-03-12,"igor minar",1,6,10
"1177","https://github.com/angular/angular.js.git","(?-mix:^src\/ng\/[^\/]*)",2013-03-12,"matias niemelä",1,2,10
"1178","https://github.com/angular/angular.js.git","(?-mix:^src\/ng\/http.*)",2013-03-12,"chad whitacre",1,2,10
"1179","https://github.com/angular/angular.js.git","(?-mix:^src\/ng\/compile\.js)",2013-04-11,"david sanders",1,4,11
"1180","https://github.com/angular/angular.js.git","(?-mix:^src\/auto\/injector\.js)",2013-04-11,"brent morrow",1,2,11
"1181","https://github.com/angular/angular.js.git","(?-mix:^src\/ngMock\/.*)",2013-04-11,"brent morrow",1,4,11
"1182","https://github.com/angular/angular.js.git","(?-mix:^src\/ng\/http.*)",2013-04-11,"artur ostrega",1,86,11
"1183","https://github.com/angular/angular.js.git","(?-mix:^src\/ngMock\/.*)",2013-04-11,"matias niemelä",1,4,11
"1184","https://github.com/angular/angular.js.git","(?-mix:^src\/[^\/]*)",2013-04-11,"brent morrow",1,2,11
"1185","https://github.com/angular/angular.js.git","(?-mix:^src\/[^\/]*)",2013-04-11,"matt haggard",1,4,11
"1186","https://github.com/angular/angular.js.git","(?-mix:^src\/ngMock\/.*)",2013-04-11,"matt haggard",1,2,11
"1187","https://github.com/angular/angular.js.git","(?-mix:^src\/jqLite\.js)",2013-04-11,"christoph burgdorf",1,12,11
"1188","https://github.com/angular/angular.js.git","(?-mix:^src\/ng\/[^\/]*)",2013-04-11,"lee leathers",1,0,11
"1189","https://github.com/angular/angular.js.git","(?-mix:^src\/ng\/directive\/ng.*)",2013-04-11,"misko hevery",3,26,11
"1190","https://github.com/angular/angular.js.git","(?-mix:^src\/ngScenario\/.*)",2013-04-11,"igor minar",2,101,11
"1191","https://github.com/angular/angular.js.git","(?-mix:^src\/ng\/directive\/ng.*)",2013-04-11,"brandonjp",1,3,11
"1192","https://github.com/angular/angular.js.git","(?-mix:^src\/[^\/]*)",2013-04-11,"laurent",1,2,11
"1193","https://github.com/angular/angular.js.git","(?-mix:^src\/ng\/rootScope\.js)",2013-04-11,"laurent",1,16,11
"1194","https://github.com/angular/angular.js.git","(?-mix:^src\/ng\/rootScope\.js)",2013-04-11,"pete bacon darwin",1,2,11
"1195","https://github.com/angular/angular.js.git","(?-mix:^src\/ng\/directive\/ng.*)",2013-04-11,"pete bacon darwin",1,4,11
"1196","https://github.com/angular/angular.js.git","(?-mix:^src\/ng\/[^\/]*)",2013-04-11,"francesc rosàs",1,5,11
"1197","https://github.com/angular/angular.js.git","(?-mix:^src\/ng\/directive\/input\.js)",2013-04-11,"austingreco",1,8,11
"1198","https://github.com/angular/angular.js.git","(?-mix:^src\/auto\/injector\.js)",2013-04-11,"@fbiville",1,2,11
"1199","https://github.com/angular/angular.js.git","(?-mix:^src\/ng\/directive\/ng.*)",2013-04-11,"es128",1,2,11
"1200","https://github.com/angular/angular.js.git","(?-mix:^src\/ng\/directive\/input\.js)",2013-04-11,"mark dalgleish",1,21,11
"1201","https://github.com/angular/angular.js.git","(?-mix:^src\/ngLocale\/.*)",2013-04-11,"pete bacon darwin",149,6224,11
"1202","https://github.com/angular/angular.js.git","(?-mix:^src\/ng\/directive\/ng.*)",2013-04-11,"michal reichert",1,2,11
"1203","https://github.com/angular/angular.js.git","(?-mix:^src\/ng\/directive\/.*)",2013-04-11,"shyam seshadri",1,3,11
"1204","https://github.com/angular/angular.js.git","(?-mix:^src\/ng\/directive\/input\.js)",2013-04-11,"leesei",1,4,11
"1205","https://github.com/angular/angular.js.git","(?-mix:^src\/[^\/]*)",2013-04-11,"oren avissar",1,1,11
"1206","https://github.com/angular/angular.js.git","(?-mix:^src\/[^\/]*)",2013-04-11,"misko hevery",1,5,11
"1207","https://github.com/angular/angular.js.git","(?-mix:^src\/ng\/[^\/]*)",2013-04-11,"laurent cozic",1,41,11
"1208","https://github.com/angular/angular.js.git","(?-mix:^src\/ng\/[^\/]*)",2013-04-11,"paulo Ávila",1,2,11
"1209","https://github.com/angular/angular.js.git","(?-mix:^src\/ng\/location\.js)",2013-04-11,"pete bacon darwin",1,5,11
"1210","https://github.com/angular/angular.js.git","(?-mix:^src\/ng\/[^\/]*)",2013-04-11,"andreas pelme",1,2,11
"1211","https://github.com/angular/angular.js.git","(?-mix:^src\/ng\/[^\/]*)",2013-04-11,"jamie r. rytlewski",1,2,11
"1212","https://github.com/angular/angular.js.git","(?-mix:^src\/ng\/directive\/ng.*)",2013-04-11,"robin böhm",1,6,11
"1213","https://github.com/angular/angular.js.git","(?-mix:^src\/jqLite\.js)",2013-04-11,"gockxml",1,46,11
"1214","https://github.com/angular/angular.js.git","(?-mix:^src\/ng\/parse\.js)",2013-04-11,"lucas galfasó",1,20,11
"1215","https://github.com/angular/angular.js.git","(?-mix:^src\/ng\/[^\/]*)",2013-04-11,"misko hevery",1,4,11
"1216","https://github.com/angular/angular.js.git","(?-mix:^src\/bootstrap\/.*)",2013-04-11,"matias niemelä",1,8,11
"1217","https://github.com/angular/angular.js.git","(?-mix:^src\/auto\/injector\.js)",2013-04-11,"eugene wolfson",1,6,11
"1218","https://github.com/angular/angular.js.git","(?-mix:^src\/auto\/injector\.js)",2013-04-11,"robin böhm",1,2,11
"1219","https://github.com/angular/angular.js.git","(?-mix:^src\/ng\/http.*)",2013-04-11,"david bennett",1,18,11
"1220","https://github.com/angular/angular.js.git","(?-mix:^src\/ng\/[^\/]*)",2013-04-11,"vojta jina",1,2,11
"1221","https://github.com/angular/angular.js.git","(?-mix:^src\/auto\/injector\.js)",2013-04-11,"siddique hameed",1,2,11
"1222","https://github.com/angular/angular.js.git","(?-mix:^src\/ng\/location\.js)",2013-04-11,"quazzie",1,4,11
"1223","https://github.com/angular/angular.js.git","(?-mix:^src\/ng\/rootScope\.js)",2013-04-11,"gonzalo ruiz de villa",1,2,11
"1224","https://github.com/angular/angular.js.git","(?-mix:^src\/ng\/directive\/ng.*)",2013-04-11,"gonzalo ruiz de villa",1,2,11
"1225","https://github.com/angular/angular.js.git","(?-mix:^src\/auto\/injector\.js)",2013-04-11,"misko hevery",2,17,11
"1226","https://github.com/angular/angular.js.git","(?-mix:^src\/ng\/location\.js)",2013-04-11,"misko hevery",3,14,11
"1227","https://github.com/angular/angular.js.git","(?-mix:^src\/ng\/directive\/ng.*)",2013-04-11,"matthieu larcher",1,11,11
"1228","https://github.com/angular/angular.js.git","(?-mix:^src\/jqLite\.js)",2013-04-11,"misko hevery",1,2,11
"1229","https://github.com/angular/angular.js.git","(?-mix:^src\/ng\/directive\/input\.js)",2013-04-11,"hamish macpherson",1,2,11
"1230","https://github.com/angular/angular.js.git","(?-mix:^src\/ng\/filter\/.*)",2013-04-11,"pete bacon darwin",1,1,11
"1231","https://github.com/angular/angular.js.git","(?-mix:^src\/ng\/directive\/.*)",2013-04-11,"chad smith",1,16,11
"1232","https://github.com/angular/angular.js.git","(?-mix:^src\/ng\/filter\/.*)",2013-04-11,"kevin wells",1,6,11
"1233","https://github.com/angular/angular.js.git","(?-mix:^src\/ngCookies\/cookies\.js)",2013-04-11,"illniyar",1,3,11
"1234","https://github.com/angular/angular.js.git","(?-mix:^src\/[^\/]*)",2013-04-11,"r. merkert",1,20,11
"1235","https://github.com/angular/angular.js.git","(?-mix:^src\/ng\/compile\.js)",2013-04-11,"igor minar",1,12,11
"1236","https://github.com/angular/angular.js.git","(?-mix:^src\/ngResource\/.*)",2013-04-11,"igor minar",1,6,11
"1237","https://github.com/angular/angular.js.git","(?-mix:^src\/ng\/[^\/]*)",2013-04-11,"matias niemelä",1,8,11
"1238","https://github.com/angular/angular.js.git","(?-mix:^src\/ngScenario\/.*)",2013-04-11,"matias niemelä",1,2,11
"1239","https://github.com/angular/angular.js.git","(?-mix:^src\/ng\/directive\/ng.*)",2013-04-11,"matias niemelä",5,70,11
"1240","https://github.com/angular/angular.js.git","(?-mix:^src\/ngScenario\/.*)",2013-04-11,"misko hevery",1,1,11
"1241","https://github.com/angular/angular.js.git","(?-mix:^src\/ng\/[^\/]*)",2013-04-11,"pete bacon darwin",1,15,11
"1242","https://github.com/angular/angular.js.git","(?-mix:^src\/[^\/]*)",2013-04-11,"anatoly shikolay",1,2,11
"1243","https://github.com/angular/angular.js.git","(?-mix:^src\/ng\/compile\.js)",2013-04-11,"anatoly shikolay",1,2,11
"1244","https://github.com/angular/angular.js.git","(?-mix:^src\/ng\/http.*)",2013-04-11,"anatoly shikolay",1,2,11
"1245","https://github.com/angular/angular.js.git","(?-mix:^src\/ng\/parse\.js)",2013-04-11,"anatoly shikolay",1,13,11
"1246","https://github.com/angular/angular.js.git","(?-mix:^src\/[^\/]*)",2013-04-11,"alex pods",1,45,11
"1247","https://github.com/angular/angular.js.git","(?-mix:^src\/ng\/directive\/ng.*)",2013-04-11,"lucas galfasó",1,2,11
"1248","https://github.com/angular/angular.js.git","(?-mix:^src\/ng\/rootScope\.js)",2013-04-11,"willtj",1,2,11
"1249","https://github.com/angular/angular.js.git","(?-mix:^src\/ng\/[^\/]*)",2013-05-11,"chirayu krishnappa",1,8,12
"1250","https://github.com/angular/angular.js.git","(?-mix:^src\/ng\/directive\/ng.*)",2013-05-11,"matias niemelä",4,106,12
"1251","https://github.com/angular/angular.js.git","(?-mix:^src\/bootstrap\/.*)",2013-05-11,"matias niemelä",6,54,12
"1252","https://github.com/angular/angular.js.git","(?-mix:^src\/ng\/directive\/.*)",2013-05-11,"quazzie",1,48,12
"1253","https://github.com/angular/angular.js.git","(?-mix:^src\/ngResource\/.*)",2013-05-11,"glenn goodrich",1,15,12
"1254","https://github.com/angular/angular.js.git","(?-mix:^src\/ng\/[^\/]*)",2013-05-11,"siddique hameed",1,10,12
"1255","https://github.com/angular/angular.js.git","(?-mix:^src\/ngScenario\/.*)",2013-05-11,"andreas marek",2,20,12
"1256","https://github.com/angular/angular.js.git","(?-mix:^src\/ng\/directive\/.*)",2013-05-11,"samuel santos",1,29,12
"1257","https://github.com/angular/angular.js.git","(?-mix:^src\/ng\/directive\/ng.*)",2013-05-11,"dean sofer",1,28,12
"1258","https://github.com/angular/angular.js.git","(?-mix:^src\/ng\/http.*)",2013-05-11,"daniel stockton",1,8,12
"1259","https://github.com/angular/angular.js.git","(?-mix:^src\/ngResource\/.*)",2013-05-11,"ryan schumacher",1,2,12
"1260","https://github.com/angular/angular.js.git","(?-mix:^src\/ng\/parse\.js)",2013-05-11,"zach snow",1,32,12
"1261","https://github.com/angular/angular.js.git","(?-mix:^src\/jqLite\.js)",2013-05-11,"julie",1,5,12
"1262","https://github.com/angular/angular.js.git","(?-mix:^src\/ng\/directive\/input\.js)",2013-05-11,"joakim blomskøld",1,2,12
"1263","https://github.com/angular/angular.js.git","(?-mix:^src\/ngMock\/.*)",2013-05-11,"chris m",1,32,12
"1264","https://github.com/angular/angular.js.git","(?-mix:^src\/ng\/filter\/.*)",2013-05-11,"misha moroshko",1,2,12
"1265","https://github.com/angular/angular.js.git","(?-mix:^src\/ng\/filter\/.*)",2013-05-11,"daniel tse",1,2,12
"1266","https://github.com/angular/angular.js.git","(?-mix:^src\/ng\/http.*)",2013-05-11,"david bennett",2,18,12
"1267","https://github.com/angular/angular.js.git","(?-mix:^src\/ngMock\/.*)",2013-05-11,"david bennett",1,38,12
"1268","https://github.com/angular/angular.js.git","(?-mix:^src\/ngResource\/.*)",2013-05-11,"david bennett",1,3,12
"1269","https://github.com/angular/angular.js.git","(?-mix:^src\/[^\/]*)",2013-05-11,"matias niemelä",3,21,12
"1270","https://github.com/angular/angular.js.git","(?-mix:^src\/bootstrap\/google-prettify\/prettify\.js)",2013-05-11,"matias niemelä",2,1538,12
"1271","https://github.com/angular/angular.js.git","(?-mix:^src\/[^\/]*)",2013-05-11,"igor minar",3,14,12
"1272","https://github.com/matthieu-foucault/jquery.git","src/manipulation.js",2012-12-08,"richard gibson",2,14,5
"1273","https://github.com/matthieu-foucault/jquery.git","src/attributes.js",2012-12-08,"dmethvin",4,31,5
"1274","https://github.com/matthieu-foucault/jquery.git","src/manipulation.js",2012-12-08,"paul ramos",1,10,5
"1275","https://github.com/matthieu-foucault/jquery.git","src/attributes.js",2012-12-08,"oleg",1,10,5
"1276","https://github.com/matthieu-foucault/jquery.git","src/css.js",2012-12-08,"scott gonzález",1,18,5
"1277","https://github.com/matthieu-foucault/jquery.git","src/css.js",2012-12-08,"oleg",1,15,5
"1278","https://github.com/matthieu-foucault/jquery.git","src/support.js",2012-12-08,"oleg",6,142,5
"1279","https://github.com/matthieu-foucault/jquery.git","src/css.js",2012-12-08,"richard gibson",1,32,5
"1280","https://github.com/matthieu-foucault/jquery.git","src/attributes.js",2012-12-08,"richard gibson",3,165,5
"1281","https://github.com/matthieu-foucault/jquery.git","src/support.js",2012-12-08,"richard gibson",2,30,5
"1282","https://github.com/matthieu-foucault/jquery.git","src/event.js",2012-12-08,"dmethvin",8,215,5
"1283","https://github.com/matthieu-foucault/jquery.git","src/css.js",2012-12-08,"dmethvin",3,115,5
"1284","https://github.com/matthieu-foucault/jquery.git","src/traversing.js",2012-12-08,"oleg",2,130,5
"1285","https://github.com/matthieu-foucault/jquery.git","src/core.js",2012-12-08,"sebi burkhard",2,13,5
"1286","https://github.com/matthieu-foucault/jquery.git","src/core.js",2012-12-08,"dmethvin",1,13,5
"1287","https://github.com/matthieu-foucault/jquery.git","src/attributes.js",2012-12-08,"mike sherov",1,5,5
"1288","https://github.com/matthieu-foucault/jquery.git","src/attributes.js",2012-12-08,"timmy willison",4,153,5
"1289","https://github.com/matthieu-foucault/jquery.git","src/support.js",2012-12-08,"timmy willison",4,18,5
"1290","https://github.com/matthieu-foucault/jquery.git","src/attributes.js",2012-12-08,"rick waldron",1,40,5
"1291","https://github.com/matthieu-foucault/jquery.git","src/support.js",2012-12-08,"rick waldron",1,6,5
"1292","https://github.com/matthieu-foucault/jquery.git","src/support.js",2012-12-08,"dmethvin",10,125,5
"1293","https://github.com/matthieu-foucault/jquery.git","src/data.js",2012-12-08,"rick waldron",3,397,5
"1294","https://github.com/matthieu-foucault/jquery.git","src/event.js",2012-12-08,"rick waldron",1,4,5
"1295","https://github.com/matthieu-foucault/jquery.git","src/manipulation.js",2012-12-08,"rick waldron",1,52,5
"1296","https://github.com/matthieu-foucault/jquery.git","src/intro.js",2012-12-08,"dmethvin",1,2,5
"1297","https://github.com/matthieu-foucault/jquery.git","src/data.js",2012-12-08,"dmethvin",1,379,5
"1298","https://github.com/matthieu-foucault/jquery.git","src/effects.js",2012-12-08,"dmethvin",1,9,5
"1299","https://github.com/matthieu-foucault/jquery.git","src/deferred.js",2012-12-08,"nanto_vi",2,21,5
"1300","https://github.com/matthieu-foucault/jquery.git","src/ajax/xhr.js",2012-12-08,"julian aubourg",3,269,5
"1301","https://github.com/matthieu-foucault/jquery.git","src/effects.js",2013-01-08,"corey frang",1,59,6
"1302","https://github.com/matthieu-foucault/jquery.git","src/queue.js",2013-01-08,"corey frang",1,1,6
"1303","https://github.com/matthieu-foucault/jquery.git","src/manipulation.js",2013-01-08,"oleg",8,131,6
"1304","https://github.com/matthieu-foucault/jquery.git","src/css.js",2013-01-08,"oleg",2,26,6
"1305","https://github.com/matthieu-foucault/jquery.git","src/support.js",2013-01-08,"oleg",1,4,6
"1306","https://github.com/matthieu-foucault/jquery.git","src/core.js",2013-01-08,"oleg",2,16,6
"1307","https://github.com/matthieu-foucault/jquery.git","src/support.js",2013-01-08,"julian aubourg",1,2,6
"1308","https://github.com/matthieu-foucault/jquery.git","src/manipulation.js",2013-01-08,"richard gibson",4,31,6
"1309","https://github.com/matthieu-foucault/jquery.git","src/intro.js",2013-01-08,"dmethvin",2,9,6
"1310","https://github.com/matthieu-foucault/jquery.git","src/effects.js",2013-01-08,"richard gibson",1,4,6
"1311","https://github.com/matthieu-foucault/jquery.git","src/event.js",2013-01-08,"richard gibson",5,315,6
"1312","https://github.com/matthieu-foucault/jquery.git","src/css.js",2013-01-08,"mike sherov",1,2,6
"1313","https://github.com/matthieu-foucault/jquery.git","src/effects.js",2013-01-08,"mike sherov",1,4,6
"1314","https://github.com/matthieu-foucault/jquery.git","src/data.js",2013-01-08,"danilsomsikov",1,5,6
"1315","https://github.com/matthieu-foucault/jquery.git","src/data.js",2013-01-08,"richard gibson",2,4,6
"1316","https://github.com/matthieu-foucault/jquery.git","src/ajax/script.js",2013-01-08,"julian aubourg",3,101,6
"1317","https://github.com/matthieu-foucault/jquery.git","src/offset.js",2013-01-08,"oleg",1,56,6
"1318","https://github.com/matthieu-foucault/jquery.git","src/css.js",2013-01-08,"timmy willison",3,8,6
"1319","https://github.com/matthieu-foucault/jquery.git","src/serialize.js",2013-01-08,"timmy willison",1,2,6
"1320","https://github.com/matthieu-foucault/jquery.git","src/ajax.js",2013-01-08,"byroot",1,11,6
"1321","https://github.com/matthieu-foucault/jquery.git","src/core.js",2013-01-08,"dmethvin",3,7,6
"1322","https://github.com/matthieu-foucault/jquery.git","src/effects.js",2013-01-08,"dmethvin",1,2,6
"1323","https://github.com/matthieu-foucault/jquery.git","src/event.js",2013-01-08,"dmethvin",1,36,6
"1324","https://github.com/matthieu-foucault/jquery.git","src/attributes.js",2013-01-08,"richard gibson",1,6,6
"1325","https://github.com/matthieu-foucault/jquery.git","src/core.js",2013-01-08,"richard gibson",1,4,6
"1326","https://github.com/matthieu-foucault/jquery.git","src/offset.js",2013-01-08,"richard gibson",1,2,6
"1327","https://github.com/matthieu-foucault/jquery.git","src/callbacks.js",2013-01-08,"adamcoulombe",1,5,6
"1328","https://github.com/matthieu-foucault/jquery.git","src/traversing.js",2013-01-08,"dmethvin",1,2,6
"1329","https://github.com/matthieu-foucault/jquery.git","src/data.js",2013-01-08,"timmy willison",1,8,6
"1330","https://github.com/matthieu-foucault/jquery.git","src/event.js",2013-01-08,"andrew plummer",1,4,6
"1331","https://github.com/matthieu-foucault/jquery.git","src/data.js",2013-01-08,"rick waldron",5,414,6
"1332","https://github.com/matthieu-foucault/jquery.git","src/event.js",2013-01-08,"rick waldron",1,4,6
"1333","https://github.com/matthieu-foucault/jquery.git","src/manipulation.js",2013-01-08,"rick waldron",1,50,6
"1334","https://github.com/matthieu-foucault/jquery.git","src/support.js",2013-01-08,"richard gibson",1,2,6
"1335","https://github.com/matthieu-foucault/jquery.git","src/manipulation.js",2013-02-08,"mark raddatz",1,6,7
"1336","https://github.com/matthieu-foucault/jquery.git","src/data.js",2013-02-08,"rick waldron",6,219,7
"1337","https://github.com/matthieu-foucault/jquery.git","src/traversing.js",2013-02-08,"richard gibson",1,59,7
"1338","https://github.com/matthieu-foucault/jquery.git","src/exports.js",2013-02-08,"isaacs",1,10,7
"1339","https://github.com/matthieu-foucault/jquery.git","src/outro.js",2013-02-08,"isaacs",1,2,7
"1340","https://github.com/matthieu-foucault/jquery.git","src/core.js",2013-02-08,"pascal borreli",1,2,7
"1341","https://github.com/matthieu-foucault/jquery.git","src/css.js",2013-02-08,"pascal borreli",1,2,7
"1342","https://github.com/matthieu-foucault/jquery.git","src/core.js",2013-02-08,"richard gibson",2,6,7
"1343","https://github.com/matthieu-foucault/jquery.git","src/offset.js",2013-02-08,"richard gibson",1,4,7
"1344","https://github.com/matthieu-foucault/jquery.git","src/support.js",2013-02-08,"richard gibson",1,26,7
"1345","https://github.com/matthieu-foucault/jquery.git","src/data.js",2013-02-08,"richard gibson",3,118,7
"1346","https://github.com/matthieu-foucault/jquery.git","src/ajax.js",2013-02-08,"krinkle",1,2,7
"1347","https://github.com/matthieu-foucault/jquery.git","src/event.js",2013-02-08,"dmethvin",1,5,7
"1348","https://github.com/matthieu-foucault/jquery.git","src/event.js",2013-02-08,"scott gonzález",1,3,7
"1349","https://github.com/matthieu-foucault/jquery.git","src/deprecated.js",2013-02-08,"nguyen phuc lam",1,2,7
"1350","https://github.com/matthieu-foucault/jquery.git","src/traversing.js",2013-02-08,"nguyen phuc lam",1,2,7
"1351","https://github.com/matthieu-foucault/jquery.git","src/callbacks.js",2013-02-08,"julian aubourg",1,1,7
"1352","https://github.com/matthieu-foucault/jquery.git","src/ajax.js",2013-02-08,"julian aubourg",1,81,7
"1353","https://github.com/matthieu-foucault/jquery.git","src/support.js",2013-02-08,"oleg",1,48,7
"1354","https://github.com/matthieu-foucault/jquery.git","src/event.js",2013-02-08,"richard gibson",1,3,7
"1355","https://github.com/matthieu-foucault/jquery.git","src/exports.js",2013-02-08,"jrburke",1,21,7
"1356","https://github.com/matthieu-foucault/jquery.git","src/data.js",2013-02-08,"michał gołębiowski",1,5,7
"1357","https://github.com/matthieu-foucault/jquery.git","src/core.js",2013-02-08,"rick waldron",2,22,7
"1358","https://github.com/matthieu-foucault/jquery.git","src/ajax.js",2013-03-11,"michał z. gołębiowski",1,7,8
"1359","https://github.com/matthieu-foucault/jquery.git","src/dimensions.js",2013-03-11,"michał z. gołębiowski",1,4,8
"1360","https://github.com/matthieu-foucault/jquery.git","src/effects.js",2013-03-11,"michał z. gołębiowski",1,4,8
"1361","https://github.com/matthieu-foucault/jquery.git","src/event.js",2013-03-11,"michał z. gołębiowski",1,0,8
"1362","https://github.com/matthieu-foucault/jquery.git","src/data.js",2013-03-11,"stonelee",1,2,8
"1363","https://github.com/matthieu-foucault/jquery.git","src/attributes.js",2013-03-11,"ruado1987",1,17,8
"1364","https://github.com/matthieu-foucault/jquery.git","src/event.js",2013-03-11,"michał gołębiowski",1,15,8
"1365","https://github.com/matthieu-foucault/jquery.git","src/data.js",2013-03-11,"rick waldron",2,20,8
"1366","https://github.com/matthieu-foucault/jquery.git","src/core.js",2013-03-11,"rick waldron",2,25,8
"1367","https://github.com/matthieu-foucault/jquery.git","src/ajax.js",2013-03-11,"michał gołębiowski",2,6,8
"1368","https://github.com/matthieu-foucault/jquery.git","src/attributes.js",2013-03-11,"michał gołębiowski",2,5,8
"1369","https://github.com/matthieu-foucault/jquery.git","src/core.js",2013-03-11,"michał gołębiowski",4,15,8
"1370","https://github.com/matthieu-foucault/jquery.git","src/event.js",2013-03-11,"michał gołębiowski",3,13,8
"1371","https://github.com/matthieu-foucault/jquery.git","src/core.js",2013-03-11,"michał gołębiowski",1,25,8
"1372","https://github.com/matthieu-foucault/jquery.git","src/css.js",2013-03-11,"michał gołębiowski",1,21,8
"1373","https://github.com/matthieu-foucault/jquery.git","src/support.js",2013-03-11,"michał gołębiowski",1,6,8
"1374","https://github.com/matthieu-foucault/jquery.git","src/support.js",2013-03-11,"michał gołębiowski",2,15,8
"1375","https://github.com/matthieu-foucault/jquery.git","src/traversing.js",2013-03-11,"michał gołębiowski",1,2,8
"1376","https://github.com/matthieu-foucault/jquery.git","src/support.js",2013-03-11,"oleg",1,2,8
"1377","https://github.com/matthieu-foucault/jquery.git","src/effects.js",2013-03-11,"michał gołębiowski",2,2,8
"1378","https://github.com/matthieu-foucault/jquery.git","src/exports.js",2013-03-11,"rick waldron",2,13,8
"1379","https://github.com/matthieu-foucault/jquery.git","src/attributes.js",2013-03-11,"richard gibson",1,121,8
"1380","https://github.com/matthieu-foucault/jquery.git","src/sizzle-jquery.js",2013-03-11,"richard gibson",1,2,8
"1381","https://github.com/matthieu-foucault/jquery.git","src/traversing.js",2013-03-11,"richard gibson",1,51,8
"1382","https://github.com/matthieu-foucault/jquery.git","src/manipulation.js",2013-03-11,"dmethvin",2,78,8
"1383","https://github.com/matthieu-foucault/jquery.git","src/css.js",2013-03-11,"michał gołębiowski",1,5,8
"1384","https://github.com/matthieu-foucault/jquery.git","src/manipulation.js",2013-03-11,"michał gołębiowski",1,0,8
"1385","https://github.com/matthieu-foucault/jquery.git","src/core.js",2013-04-07,"michał gołębiowski",1,5,9
"1386","https://github.com/matthieu-foucault/jquery.git","src/deprecated.js",2013-04-07,"michał gołębiowski",1,5,9
"1387","https://github.com/matthieu-foucault/jquery.git","src/attributes.js",2013-04-07,"oleg",1,4,9
"1388","https://github.com/matthieu-foucault/jquery.git","src/support.js",2013-04-07,"michał gołębiowski",1,3,9
"1389","https://github.com/matthieu-foucault/jquery.git","src/event.js",2013-04-07,"richard gibson",1,27,9
"1390","https://github.com/matthieu-foucault/jquery.git","src/data.js",2013-04-07,"oleg gaidarenko",3,49,9
"1391","https://github.com/matthieu-foucault/jquery.git","src/attributes.js",2013-04-07,"oleg gaidarenko",2,37,9
"1392","https://github.com/matthieu-foucault/jquery.git","src/css.js",2013-04-07,"oleg gaidarenko",1,6,9
"1393","https://github.com/matthieu-foucault/jquery.git","src/effects.js",2013-04-07,"oleg gaidarenko",1,11,9
"1394","https://github.com/matthieu-foucault/jquery.git","src/event.js",2013-04-07,"oleg gaidarenko",1,9,9
"1395","https://github.com/matthieu-foucault/jquery.git","src/manipulation.js",2013-04-07,"oleg gaidarenko",1,9,9
"1396","https://github.com/matthieu-foucault/jquery.git","src/queue.js",2013-04-07,"oleg gaidarenko",1,11,9
"1397","https://github.com/matthieu-foucault/jquery.git","src/data.js",2013-04-07,"rick waldron",3,44,9
"1398","https://github.com/matthieu-foucault/jquery.git","src/event.js",2013-04-07,"dmethvin",2,16,9
"1399","https://github.com/matthieu-foucault/jquery.git","src/data.js",2013-04-07,"timmy willison",1,4,9
"1400","https://github.com/matthieu-foucault/jquery.git","src/outro.js",2013-04-07,"michał gołębiowski",1,2,9
"1401","https://github.com/matthieu-foucault/jquery.git","src/manipulation.js",2013-04-07,"richard gibson",4,100,9
"1402","https://github.com/matthieu-foucault/jquery.git","src/manipulation.js",2013-04-07,"rick waldron",2,19,9
"1403","https://github.com/matthieu-foucault/jquery.git","src/effects.js",2013-04-07,"renato oliveira dos santos",1,10,9
"1404","https://github.com/matthieu-foucault/jquery.git","src/ajax.js",2013-04-07,"richard gibson",1,44,9
"1405","https://github.com/matthieu-foucault/jquery.git","src/effects.js",2013-04-07,"ros3cin",1,7,9
"1406","https://github.com/matthieu-foucault/jquery.git","src/manipulation.js",2013-04-07,"timmy willison",1,3,9
"1407","https://github.com/matthieu-foucault/jquery.git","src/traversing.js",2013-04-07,"richard gibson",4,41,9
"1408","https://github.com/matthieu-foucault/jquery.git","src/attributes.js",2013-04-07,"richard gibson",1,6,9
"1409","https://github.com/matthieu-foucault/jquery.git","src/manipulation.js",2013-04-07,"oleg",1,3,9
"1410","https://github.com/matthieu-foucault/jquery.git","src/data.js",2013-04-07,"corey frang",1,9,9
"1411","https://github.com/matthieu-foucault/jquery.git","src/manipulation.js",2013-04-07,"corey frang",1,4,9
"1412","https://github.com/matthieu-foucault/jquery.git","src/data.js",2013-05-07,"jason bedard",1,2,10
"1413","https://github.com/matthieu-foucault/jquery.git","src/attributes.js",2013-05-07,"jason bedard",2,20,10
"1414","https://github.com/matthieu-foucault/jquery.git","src/core.js",2013-05-07,"dmethvin",1,2,10
"1415","https://github.com/matthieu-foucault/jquery.git","src/data.js",2013-05-07,"rick waldron",1,4,10
"1416","https://github.com/matthieu-foucault/jquery.git","src/manipulation.js",2013-05-07,"rick waldron",1,34,10
"1417","https://github.com/matthieu-foucault/jquery.git","src/css.js",2013-05-07,"richard gibson",1,2,10
"1418","https://github.com/matthieu-foucault/jquery.git","src/effects.js",2013-05-07,"richard gibson",4,97,10
"1419","https://github.com/matthieu-foucault/jquery.git","src/attributes.js",2013-05-07,"richard gibson",1,2,10
"1420","https://github.com/matthieu-foucault/jquery.git","src/exports.js",2013-05-07,"eddie monge",1,2,10
"1421","https://github.com/matthieu-foucault/jquery.git","src/ajax.js",2013-05-07,"julian aubourg",1,2,10
"1422","https://github.com/matthieu-foucault/jquery.git","src/traversing.js",2013-05-07,"oleg",1,4,10
"1423","https://github.com/matthieu-foucault/jquery.git","src/queue.js",2013-05-07,"richard gibson",1,1,10
"1424","https://github.com/matthieu-foucault/jquery.git","src/css.js",2013-05-07,"jason bedard",1,6,10
"1425","https://github.com/matthieu-foucault/jquery.git","src/callbacks.js",2013-05-07,"terrycojones",1,2,10
"1426","https://github.com/matthieu-foucault/jquery.git","src/data.js",2013-06-21,"rick waldron",1,7,11
"1427","https://github.com/matthieu-foucault/jquery.git","src/css.js",2013-06-21,"jason merino",1,1,11
"1428","https://github.com/matthieu-foucault/jquery.git","src/manipulation.js",2013-06-21,"ruado1987",1,2,11
"1429","https://github.com/matthieu-foucault/jquery.git","src/exports.js",2013-06-21,"timmy willison",1,24,11
"1430","https://github.com/matthieu-foucault/jquery.git","src/intro.js",2013-06-21,"timmy willison",2,38,11
"1431","https://github.com/matthieu-foucault/jquery.git","src/outro.js",2013-06-21,"timmy willison",1,6,11
"1432","https://github.com/matthieu-foucault/jquery.git","src/core.js",2013-07-10,"timmy willison",1,2,12
"1433","https://github.com/matthieu-foucault/jquery.git","src/deferred.js",2013-07-10,"terrycojones",1,5,12
"1434","https://github.com/rails/rails.git","(?-mix:^actionmailer\/.*)",2009-03-16,"david heinemeier hansson",1,2,1
"1435","https://github.com/rails/rails.git","(?-mix:^actionpack\/.*)",2009-03-16,"david heinemeier hansson",1,2,1
"1436","https://github.com/rails/rails.git","(?-mix:^railties\/lib\/rails\/.*)",2009-03-16,"david heinemeier hansson",1,2,1
"1437","https://github.com/rails/rails.git","(?-mix:^actionpack\/lib\/action_view\/.*)",2009-03-16,"joshua peek",1,2,1
"1438","https://github.com/rails/rails.git","(?-mix:^actionpack\/lib\/action_controller\/.*)",2009-03-16,"pratik naik",4,29,1
"1439","https://github.com/rails/rails.git","(?-mix:^activerecord\/lib\/.*)",2009-03-16,"pratik naik",18,1271,1
"1440","https://github.com/rails/rails.git","(?-mix:^railties\/guides\/.*)",2009-03-16,"pratik naik",8,132,1
"1441","https://github.com/rails/rails.git","(?-mix:^actionpack\/lib\/action_controller\/.*)",2009-03-16,"yehuda katz",1,1,1
"1442","https://github.com/rails/rails.git","(?-mix:^railties\/lib\/commands\/.*)",2009-03-16,"pratik naik",2,436,1
"1443","https://github.com/rails/rails.git","(?-mix:^actionpack\/lib\/action_view\/.*)",2009-03-16,"jeremy kemper",1,4,1
"1444","https://github.com/rails/rails.git","(?-mix:^activemodel\/lib\/.*)",2009-03-16,"pratik naik",5,58,1
"1445","https://github.com/rails/rails.git","(?-mix:^activemodel\/lib\/active_model\/.*)",2009-03-16,"pratik naik",17,378,1
"1446","https://github.com/rails/rails.git","(?-mix:^activeresource\/lib\/.*)",2009-03-16,"pratik naik",1,7,1
"1447","https://github.com/rails/rails.git","(?-mix:^activesupport\/lib\/active_support\/core_ext\/string\/.*)",2009-03-16,"jeremy kemper",5,70,1
"1448","https://github.com/rails/rails.git","(?-mix:^activesupport\/lib\/active_support\/core_ext\/array\/.*)",2009-03-16,"jeremy kemper",5,55,1
"1449","https://github.com/rails/rails.git","(?-mix:^activesupport\/lib\/active_support\/core_ext\/date\/.*)",2009-03-16,"jeremy kemper",3,76,1
"1450","https://github.com/rails/rails.git","(?-mix:^activesupport\/lib\/active_support\/core_ext\/hash\/.*)",2009-03-16,"jeremy kemper",9,217,1
"1451","https://github.com/rails/rails.git","(?-mix:^activesupport\/lib\/active_support\/core_ext\/integer\/.*)",2009-03-16,"jeremy kemper",4,39,1
"1452","https://github.com/rails/rails.git","(?-mix:^activesupport\/lib\/active_support\/core_ext\/numeric\/.*)",2009-03-16,"jeremy kemper",4,52,1
"1453","https://github.com/rails/rails.git","(?-mix:^activesupport\/lib\/active_support\/core_ext\/range\/.*)",2009-03-16,"jeremy kemper",5,89,1
"1454","https://github.com/rails/rails.git","(?-mix:^railties\/guides\/.*)",2009-03-16,"xavier noria",2,4,1
"1455","https://github.com/rails/rails.git","(?-mix:^actionpack\/.*)",2009-03-16,"carl lerche",1,1,1
"1456","https://github.com/rails/rails.git","(?-mix:^actionpack\/lib\/action_view\/.*)",2009-03-16,"carl lerche",2,9,1
"1457","https://github.com/rails/rails.git","(?-mix:^actionpack\/lib\/action_view\/.*)",2009-03-16,"yehuda katz",1,3,1
"1458","https://github.com/rails/rails.git","(?-mix:^activesupport\/lib\/active_support\/core_ext\/date_time\/.*)",2009-03-16,"jeremy kemper",3,78,1
"1459","https://github.com/rails/rails.git","(?-mix:^activesupport\/lib\/active_support\/core_ext\/time\/.*)",2009-03-16,"jeremy kemper",7,145,1
"1460","https://github.com/rails/rails.git","(?-mix:^actionpack\/lib\/action_view\/.*)",2009-03-16,"thedarkone",3,65,1
"1461","https://github.com/rails/rails.git","(?-mix:^activerecord\/lib\/.*)",2009-03-16,"hongli lai (phusion)",1,2,1
"1462","https://github.com/rails/rails.git","(?-mix:^activesupport\/lib\/active_support\/core_ext\/class\/.*)",2009-03-16,"jeremy kemper",1,16,1
"1463","https://github.com/rails/rails.git","(?-mix:^activesupport\/lib\/active_support\/core_ext\/kernel\/.*)",2009-03-16,"jeremy kemper",1,12,1
"1464","https://github.com/rails/rails.git","(?-mix:^activesupport\/lib\/active_support\/core_ext\/module\/.*)",2009-03-16,"jeremy kemper",3,54,1
"1465","https://github.com/rails/rails.git","(?-mix:^activesupport\/lib\/active_support\/core_ext\/object\/.*)",2009-03-16,"jeremy kemper",1,10,1
"1466","https://github.com/rails/rails.git","(?-mix:^activesupport\/lib\/active_support\/json\/encoders\/.*)",2009-03-16,"jeremy kemper",2,4,1
"1467","https://github.com/rails/rails.git","(?-mix:^activesupport\/.*)",2009-03-16,"jeremy kemper",1,6,1
"1468","https://github.com/rails/rails.git","(?-mix:^railties\/configs\/.*)",2009-03-16,"chrisk",1,2,1
"1469","https://github.com/rails/rails.git","(?-mix:^railties\/builtin\/rails_info\/.*)",2009-03-16,"michael schuerig",1,11,1
"1470","https://github.com/rails/rails.git","(?-mix:^actionpack\/lib\/action_controller\/.*)",2009-03-16,"ryan bigg",2,3,1
"1471","https://github.com/rails/rails.git","(?-mix:^activerecord\/lib\/.*)",2009-03-16,"ryan bigg",1,0,1
"1472","https://github.com/rails/rails.git","(?-mix:^activerecord\/lib\/.*)",2009-03-16,"luca guidi",1,2,1
"1473","https://github.com/rails/rails.git","(?-mix:^railties\/configs\/.*)",2009-03-16,"pratik naik",1,2,1
"1474","https://github.com/rails/rails.git","(?-mix:^activerecord\/lib\/.*)",2009-03-16,"max lapshin",1,31,1
"1475","https://github.com/rails/rails.git","(?-mix:^activesupport\/lib\/active_support\/core_ext\/hash\/.*)",2009-03-16,"geoff buesing",1,3,1
"1476","https://github.com/rails/rails.git","(?-mix:^railties\/lib\/.*)",2009-03-16,"carl lerche & yehuda katz",2,4,1
"1477","https://github.com/rails/rails.git","(?-mix:^actionpack\/.*)",2009-03-16,"joshua peek",5,15,1
"1478","https://github.com/rails/rails.git","(?-mix:^actionpack\/lib\/action_controller\/.*)",2009-03-16,"joshua peek",18,467,1
"1479","https://github.com/rails/rails.git","(?-mix:^actionmailer\/.*)",2009-03-16,"carl lerche & yehuda katz",2,4,1
"1480","https://github.com/rails/rails.git","(?-mix:^actionpack\/.*)",2009-03-16,"carl lerche & yehuda katz",1,1,1
"1481","https://github.com/rails/rails.git","(?-mix:^activerecord\/lib\/.*)",2009-04-16,"david heinemeier hansson",3,116,2
"1482","https://github.com/rails/rails.git","(?-mix:^actionpack\/lib\/action_controller\/.*)",2009-04-16,"lifo",1,2,2
"1483","https://github.com/rails/rails.git","(?-mix:^actionpack\/lib\/action_view\/helpers\/.*)",2009-04-16,"lifo",2,8,2
"1484","https://github.com/rails/rails.git","(?-mix:^railties\/guides\/.*)",2009-04-16,"lifo",1,2,2
"1485","https://github.com/rails/rails.git","(?-mix:^activesupport\/lib\/active_support\/core_ext\/string\/.*)",2009-04-16,"jeremy kemper",11,114,2
"1486","https://github.com/rails/rails.git","(?-mix:^activesupport\/lib\/active_support\/core_ext\/pathname\/.*)",2009-04-16,"jeremy kemper",1,10,2
"1487","https://github.com/rails/rails.git","(?-mix:^activerecord\/lib\/.*)",2009-04-16,"pratik naik",4,12,2
"1488","https://github.com/rails/rails.git","(?-mix:^activesupport\/.*)",2009-04-16,"jeremy kemper",4,6,2
"1489","https://github.com/rails/rails.git","(?-mix:^activerecord\/lib\/.*)",2009-04-16,"max lapshin",2,35,2
"1490","https://github.com/rails/rails.git","(?-mix:^activerecord\/lib\/.*)",2009-04-16,"scott woods",1,6,2
"1491","https://github.com/rails/rails.git","(?-mix:^activesupport\/lib\/active_support\/core_ext\/module\/.*)",2009-04-16,"jeremy kemper",5,30,2
"1492","https://github.com/rails/rails.git","(?-mix:^actionpack\/.*)",2009-04-16,"jeremy kemper",4,20,2
"1493","https://github.com/rails/rails.git","(?-mix:^activemodel\/lib\/active_model\/.*)",2009-04-16,"jeremy kemper",3,26,2
"1494","https://github.com/rails/rails.git","(?-mix:^activerecord\/lib\/.*)",2009-04-16,"jeremy kemper",32,141,2
"1495","https://github.com/rails/rails.git","(?-mix:^activeresource\/lib\/.*)",2009-04-16,"jeremy kemper",3,20,2
"1496","https://github.com/rails/rails.git","(?-mix:^activesupport\/lib\/active_support\/core_ext\/kernel\/.*)",2009-04-16,"jeremy kemper",1,2,2
"1497","https://github.com/rails/rails.git","(?-mix:^railties\/lib\/rails\/.*)",2009-04-16,"jeremy kemper",7,19,2
"1498","https://github.com/rails/rails.git","(?-mix:^railties\/lib\/rails\/rack\/.*)",2009-04-16,"jeremy kemper",1,1,2
"1499","https://github.com/rails/rails.git","(?-mix:^railties\/lib\/.*)",2009-04-16,"jeremy kemper",5,28,2
"1500","https://github.com/rails/rails.git","(?-mix:^actionpack\/lib\/action_view\/.*)",2009-04-16,"jeremy kemper",2,4,2
"1501","https://github.com/rails/rails.git","(?-mix:^activesupport\/lib\/active_support\/core_ext\/class\/.*)",2009-04-16,"jeremy kemper",5,11,2
"1502","https://github.com/rails/rails.git","(?-mix:^actionmailer\/.*)",2009-04-16,"yehuda katz + carl lerche",2,52,2
"1503","https://github.com/rails/rails.git","(?-mix:^activesupport\/lib\/active_support\/core_ext\/array\/.*)",2009-04-16,"jeremy kemper",1,6,2
"1504","https://github.com/rails/rails.git","(?-mix:^activesupport\/lib\/active_support\/core_ext\/date\/.*)",2009-04-16,"jeremy kemper",3,8,2
"1505","https://github.com/rails/rails.git","(?-mix:^activesupport\/lib\/active_support\/core_ext\/hash\/.*)",2009-04-16,"jeremy kemper",1,2,2
"1506","https://github.com/rails/rails.git","(?-mix:^activesupport\/lib\/active_support\/core_ext\/numeric\/.*)",2009-04-16,"jeremy kemper",1,2,2
"1507","https://github.com/rails/rails.git","(?-mix:^activesupport\/lib\/active_support\/core_ext\/range\/.*)",2009-04-16,"jeremy kemper",1,2,2
"1508","https://github.com/rails/rails.git","(?-mix:^activesupport\/lib\/active_support\/json\/encoders\/.*)",2009-04-16,"jeremy kemper",41,138,2
"1509","https://github.com/rails/rails.git","(?-mix:^actionpack\/lib\/action_view\/helpers\/.*)",2009-04-16,"rick",2,26,2
"1510","https://github.com/rails/rails.git","(?-mix:^activerecord\/lib\/.*)",2009-04-16,"rick",1,10,2
"1511","https://github.com/rails/rails.git","(?-mix:^activeresource\/lib\/active_resource\/.*)",2009-04-16,"rick",1,5,2
"1512","https://github.com/rails/rails.git","(?-mix:^activesupport\/lib\/active_support\/.*)",2009-04-16,"rick",2,36,2
"1513","https://github.com/rails/rails.git","(?-mix:^activesupport\/lib\/active_support\/json\/.*)",2009-04-16,"rick",3,13,2
"1514","https://github.com/rails/rails.git","(?-mix:^actionpack\/lib\/action_controller\/assertions\/.*)",2009-04-16,"yehuda katz + carl lerche",1,10,2
"1515","https://github.com/rails/rails.git","(?-mix:^activesupport\/lib\/active_support\/core_ext\/module\/.*)",2009-04-16,"yehuda katz + carl lerche",1,4,2
"1516","https://github.com/rails/rails.git","(?-mix:^activesupport\/lib\/active_support\/core_ext\/integer\/.*)",2009-04-16,"jeremy kemper",1,4,2
"1517","https://github.com/rails/rails.git","(?-mix:^activesupport\/lib\/active_support\/core_ext\/time\/.*)",2009-04-16,"jeremy kemper",2,6,2
"1518","https://github.com/rails/rails.git","(?-mix:^activesupport\/lib\/active_support\/core_ext\/array\/.*)",2009-04-16,"evan farrar",1,2,2
"1519","https://github.com/rails/rails.git","(?-mix:^activesupport\/lib\/active_support\/core_ext\/date_time\/.*)",2009-04-16,"jeremy kemper",1,6,2
"1520","https://github.com/rails/rails.git","(?-mix:^activesupport\/lib\/active_support\/json\/encoders\/.*)",2009-04-16,"cheah chu yeow",1,0,2
"1521","https://github.com/rails/rails.git","(?-mix:^activesupport\/lib\/active_support\/core_ext\/object\/.*)",2009-04-16,"jeremy kemper",1,3,2
"1522","https://github.com/rails/rails.git","(?-mix:^actionpack\/lib\/action_view\/helpers\/.*)",2009-04-16,"yehuda katz + carl lerche",1,2,2
"1523","https://github.com/rails/rails.git","(?-mix:^actionpack\/lib\/action_controller\/caching\/.*)",2009-05-15,"yehuda katz + carl lerche",2,20,3
"1524","https://github.com/rails/rails.git","(?-mix:^activesupport\/lib\/active_support\/core_ext\/object\/.*)",2009-05-15,"jeremy kemper",1,83,3
"1525","https://github.com/rails/rails.git","(?-mix:^activesupport\/lib\/active_support\/core_ext\/hash\/.*)",2009-05-15,"jeremy kemper",1,3,3
"1526","https://github.com/rails/rails.git","(?-mix:^actionpack\/lib\/action_view\/template_handlers\/.*)",2009-05-15,"yehuda katz + carl lerche",3,10,3
"1527","https://github.com/rails/rails.git","(?-mix:^actionpack\/lib\/action_view\/helpers\/.*)",2009-05-15,"yehuda katz + carl lerche",4,12,3
"1528","https://github.com/rails/rails.git","(?-mix:^activesupport\/lib\/active_support\/.*)",2009-05-15,"hongli lai (phusion)",1,4,3
"1529","https://github.com/rails/rails.git","(?-mix:^actionpack\/lib\/action_view\/helpers\/.*)",2009-05-15,"lloyd pick",1,8,3
"1530","https://github.com/rails/rails.git","(?-mix:^actionpack\/lib\/action_view\/helpers\/.*)",2009-05-15,"xavier noria",1,79,3
"1531","https://github.com/rails/rails.git","(?-mix:^activesupport\/lib\/active_support\/core_ext\/string\/.*)",2009-05-15,"adam meehan",1,2,3
"1532","https://github.com/rails/rails.git","(?-mix:^activesupport\/lib\/active_support\/core_ext\/string\/.*)",2009-05-15,"xavier noria",1,2,3
"1533","https://github.com/rails/rails.git","(?-mix:^actionpack\/lib\/action_controller\/caching\/.*)",2009-05-15,"pratik naik",1,14,3
"1534","https://github.com/rails/rails.git","(?-mix:^actionpack\/lib\/action_controller\/.*)",2009-05-15,"niels ganser",1,11,3
"1535","https://github.com/rails/rails.git","(?-mix:^actionpack\/lib\/action_controller\/routing\/.*)",2009-05-15,"eduard bondarenko",1,2,3
"1536","https://github.com/rails/rails.git","(?-mix:^activesupport\/lib\/active_support\/cache\/.*)",2009-05-15,"joshua peek",1,2,3
"1537","https://github.com/rails/rails.git","(?-mix:^actionpack\/lib\/action_controller\/.*)",2009-05-15,"johan sörensen",1,30,3
"1538","https://github.com/rails/rails.git","(?-mix:^actionpack\/lib\/action_controller\/session\/.*)",2009-05-15,"johan sörensen",1,11,3
"1539","https://github.com/rails/rails.git","(?-mix:^actionpack\/lib\/action_view\/helpers\/.*)",2009-05-15,"jeremy kemper",4,20,3
"1540","https://github.com/rails/rails.git","(?-mix:^actionpack\/lib\/action_view\/template_handlers\/.*)",2009-05-15,"jeremy kemper",2,10,3
"1541","https://github.com/rails/rails.git","(?-mix:^actionpack\/lib\/action_controller\/session\/.*)",2009-05-15,"joshua peek",1,11,3
"1542","https://github.com/rails/rails.git","(?-mix:^actionpack\/lib\/action_controller\/assertions\/.*)",2009-05-15,"jeremy kemper",1,2,3
"1543","https://github.com/rails/rails.git","(?-mix:^activeresource\/lib\/active_resource\/.*)",2009-05-15,"jeremy kemper",3,19,3
"1544","https://github.com/rails/rails.git","(?-mix:^actionpack\/lib\/action_view\/helpers\/.*)",2009-05-15,"han kessels",1,3,3
"1545","https://github.com/rails/rails.git","(?-mix:^activesupport\/lib\/active_support\/core_ext\/class\/.*)",2009-05-15,"yehuda katz",1,6,3
"1546","https://github.com/rails/rails.git","(?-mix:^actionpack\/lib\/action_view\/helpers\/.*)",2009-05-15,"yehuda katz",3,3,3
"1547","https://github.com/rails/rails.git","(?-mix:^actionpack\/lib\/action_view\/helpers\/.*)",2009-05-15,"mike gunderloy",2,12,3
"1548","https://github.com/rails/rails.git","(?-mix:^activesupport\/lib\/active_support\/core_ext\/string\/.*)",2009-05-15,"jason frey (fryguy)",1,8,3
"1549","https://github.com/rails/rails.git","(?-mix:^activesupport\/lib\/active_support\/values\/.*)",2009-05-15,"geoff buesing",1,2,3
"1550","https://github.com/rails/rails.git","(?-mix:^activesupport\/lib\/active_support\/core_ext\/kernel\/.*)",2009-05-15,"jeremy kemper",1,6,3
"1551","https://github.com/rails/rails.git","(?-mix:^activesupport\/lib\/active_support\/json\/.*)",2009-05-15,"jeremy kemper",4,267,3
"1552","https://github.com/rails/rails.git","(?-mix:^activesupport\/lib\/active_support\/json\/encoders\/.*)",2009-05-15,"jeremy kemper",13,187,3
"1553","https://github.com/rails/rails.git","(?-mix:^actionpack\/lib\/action_controller\/session\/.*)",2009-05-15,"yehuda katz + carl lerche",1,1,3
"1554","https://github.com/rails/rails.git","(?-mix:^activemodel\/lib\/active_model\/validations\/.*)",2009-05-15,"joshua peek",8,2,3
"1555","https://github.com/rails/rails.git","(?-mix:^activeresource\/lib\/active_resource\/.*)",2009-05-15,"joshua peek",7,37,3
"1556","https://github.com/rails/rails.git","(?-mix:^activesupport\/lib\/active_support\/core_ext\/module\/.*)",2009-05-15,"jeremy kemper",1,8,3
"1557","https://github.com/rails/rails.git","(?-mix:^activeresource\/lib\/active_resource\/formats\/.*)",2009-05-15,"jeremy kemper",1,4,3
"1558","https://github.com/rails/rails.git","(?-mix:^activesupport\/lib\/active_support\/.*)",2009-05-15,"yehuda katz + carl lerche",1,15,3
"1559","https://github.com/rails/rails.git","(?-mix:^actionpack\/lib\/action_view\/helpers\/.*)",2009-05-15,"andrew kaspick",1,4,3
"1560","https://github.com/rails/rails.git","(?-mix:^actionpack\/lib\/action_controller\/.*)",2009-05-15,"xavier noria",1,3,3
"1561","https://github.com/rails/rails.git","(?-mix:^activesupport\/lib\/active_support\/.*)",2009-05-15,"xavier noria",1,2,3
"1562","https://github.com/rails/rails.git","(?-mix:^activesupport\/lib\/active_support\/core_ext\/numeric\/.*)",2009-05-15,"luca guidi",1,19,3
"1563","https://github.com/rails/rails.git","(?-mix:^actionpack\/lib\/action_controller\/routing\/.*)",2009-05-15,"xavier noria",1,53,3
"1564","https://github.com/rails/rails.git","(?-mix:^actionpack\/lib\/action_view\/helpers\/.*)",2009-05-15,"joshua peek",1,24,3
"1565","https://github.com/rails/rails.git","(?-mix:^actionpack\/lib\/action_controller\/.*)",2009-06-15,"yehuda katz + carl lerche",41,2074,4
"1566","https://github.com/rails/rails.git","(?-mix:^activesupport\/lib\/active_support\/.*)",2009-06-15,"yehuda katz + carl lerche",4,24,4
"1567","https://github.com/rails/rails.git","(?-mix:^activesupport\/lib\/active_support\/core_ext\/module\/.*)",2009-06-15,"joshua peek",1,12,4
"1568","https://github.com/rails/rails.git","(?-mix:^activeresource\/lib\/active_resource\/.*)",2009-06-15,"joshua peek",2,12,4
"1569","https://github.com/rails/rails.git","(?-mix:^actionpack\/lib\/action_view\/.*)",2009-06-15,"yehuda katz + carl lerche",8,60,4
"1570","https://github.com/rails/rails.git","(?-mix:^actionpack\/lib\/action_view\/template_handlers\/.*)",2009-06-15,"yehuda katz + carl lerche",4,8,4
"1571","https://github.com/rails/rails.git","(?-mix:^actionpack\/lib\/action_controller\/caching\/.*)",2009-06-15,"yehuda katz + carl lerche",2,16,4
"1572","https://github.com/rails/rails.git","(?-mix:^actionpack\/lib\/action_view\/helpers\/.*)",2009-06-15,"yehuda katz + carl lerche",3,15,4
"1573","https://github.com/rails/rails.git","(?-mix:^activesupport\/lib\/active_support\/json\/.*)",2009-06-15,"joshua peek",2,6,4
"1574","https://github.com/rails/rails.git","(?-mix:^actionpack\/lib\/action_view\/helpers\/.*)",2009-06-15,"jeremy kemper",1,59,4
"1575","https://github.com/rails/rails.git","(?-mix:^activesupport\/lib\/active_support\/core_ext\/module\/.*)",2009-06-15,"jeremy kemper",2,17,4
"1576","https://github.com/rails/rails.git","(?-mix:^activesupport\/lib\/active_support\/cache\/.*)",2009-06-15,"pratik naik",2,18,4
"1577","https://github.com/rails/rails.git","(?-mix:^actionpack\/lib\/action_view\/helpers\/.*)",2009-06-15,"darragh curran",1,22,4
"1578","https://github.com/rails/rails.git","(?-mix:^actionpack\/lib\/action_controller\/.*)",2009-06-15,"=?utf-8?q?mislav=20marohni=c4=87?=",1,3,4
"1579","https://github.com/rails/rails.git","(?-mix:^railties\/lib\/rails\/plugin\/.*)",2009-06-15,"yehuda katz + carl lerche",1,4,4
"1580","https://github.com/rails/rails.git","(?-mix:^actionpack\/lib\/action_view\/helpers\/.*)",2009-06-15,"christos zisopoulos",1,32,4
"1581","https://github.com/rails/rails.git","(?-mix:^activeresource\/lib\/active_resource\/.*)",2009-06-15,"carl lerche",1,6,4
"1582","https://github.com/rails/rails.git","(?-mix:^actionpack\/lib\/action_controller\/routing\/.*)",2009-06-15,"yehuda katz + carl lerche",1,2,4
"1583","https://github.com/rails/rails.git","(?-mix:^activesupport\/lib\/active_support\/cache\/.*)",2009-06-15,"yehuda katz + carl lerche",1,2,4
"1584","https://github.com/rails/rails.git","(?-mix:^activesupport\/lib\/active_support\/json\/.*)",2009-06-15,"jeremy kemper",2,14,4
"1585","https://github.com/rails/rails.git","(?-mix:^actionpack\/lib\/action_view\/template_handlers\/.*)",2009-06-15,"akira matsuda",1,2,4
"1586","https://github.com/rails/rails.git","(?-mix:^actionpack\/lib\/action_view\/helpers\/.*)",2009-06-15,"elliot winkler",1,4,4
"1587","https://github.com/rails/rails.git","(?-mix:^actionpack\/lib\/action_view\/helpers\/.*)",2009-06-15,"tieg zaharia",2,70,4
"1588","https://github.com/rails/rails.git","(?-mix:^activesupport\/lib\/active_support\/.*)",2009-06-15,"levin alexander",1,6,4
"1589","https://github.com/rails/rails.git","(?-mix:^actionpack\/lib\/action_view\/helpers\/.*)",2009-06-15,"jarl friis",1,10,4
"1590","https://github.com/rails/rails.git","(?-mix:^actionpack\/lib\/action_controller\/routing\/.*)",2009-06-15,"jesús garcía sáez",1,1,4
"1591","https://github.com/rails/rails.git","(?-mix:^actionpack\/lib\/action_view\/helpers\/.*)",2009-06-15,"emilio tagua",2,41,4
"1592","https://github.com/rails/rails.git","(?-mix:^activesupport\/lib\/active_support\/.*)",2009-06-15,"lawrence pit",1,1,4
"1593","https://github.com/rails/rails.git","(?-mix:^activesupport\/lib\/active_support\/.*)",2009-06-15,"xavier noria",1,2,4
"1594","https://github.com/rails/rails.git","(?-mix:^activesupport\/lib\/active_support\/core_ext\/hash\/.*)",2009-07-14,"lourens naude",3,6,5
"1595","https://github.com/rails/rails.git","(?-mix:^actionpack\/lib\/action_controller\/.*)",2009-07-14,"xavier noria",1,3,5
"1596","https://github.com/rails/rails.git","(?-mix:^actionpack\/lib\/action_view\/helpers\/.*)",2009-07-14,"yehuda katz",11,101,5
"1597","https://github.com/rails/rails.git","(?-mix:^activeresource\/lib\/active_resource\/.*)",2009-07-14,"joshua peek",1,13,5
"1598","https://github.com/rails/rails.git","(?-mix:^actionpack\/lib\/action_view\/helpers\/.*)",2009-07-14,"pratik naik",5,288,5
"1599","https://github.com/rails/rails.git","(?-mix:^actionpack\/lib\/action_controller\/routing\/.*)",2009-07-14,"pratik naik",1,2,5
"1600","https://github.com/rails/rails.git","(?-mix:^activesupport\/lib\/active_support\/cache\/.*)",2009-07-14,"pratik naik",1,6,5
"1601","https://github.com/rails/rails.git","(?-mix:^activesupport\/lib\/active_support\/core_ext\/array\/.*)",2009-07-14,"pratik naik",1,2,5
"1602","https://github.com/rails/rails.git","(?-mix:^activesupport\/lib\/active_support\/xml_mini.*)",2009-07-14,"pratik naik",2,4,5
"1603","https://github.com/rails/rails.git","(?-mix:^activesupport\/lib\/active_support\/core_ext\/module\/.*)",2009-07-14,"yehuda katz",1,3,5
"1604","https://github.com/rails/rails.git","(?-mix:^activemodel\/lib\/active_model\/.*)",2009-07-14,"rodrigo rosenfeld rosas",1,2,5
"1605","https://github.com/rails/rails.git","(?-mix:^actionpack\/lib\/action_view\/helpers\/.*)",2009-07-14,"marc love",2,7,5
"1606","https://github.com/rails/rails.git","(?-mix:^actionpack\/lib\/action_controller\/.*)",2009-07-14,"sava chankov",1,4,5
"1607","https://github.com/rails/rails.git","(?-mix:^activemodel\/lib\/active_model\/state_machine\/.*)",2009-07-14,"joshua peek",3,5,5
"1608","https://github.com/rails/rails.git","(?-mix:^actionpack\/lib\/action_view\/helpers\/.*)",2009-07-14,"matthew rudy jacobs",1,24,5
"1609","https://github.com/rails/rails.git","(?-mix:^actionpack\/lib\/action_controller\/caching\/.*)",2009-07-14,"yehuda katz",2,7,5
"1610","https://github.com/rails/rails.git","(?-mix:^activeresource\/lib\/active_resource\/.*)",2009-07-14,"brendan schwartz",1,2,5
"1611","https://github.com/rails/rails.git","(?-mix:^actionpack\/lib\/action_view\/helpers\/.*)",2009-07-14,"jeremy kemper",1,4,5
"1612","https://github.com/rails/rails.git","(?-mix:^actionpack\/lib\/action_view\/helpers\/.*)",2009-07-14,"steve st. martin",2,20,5
"1613","https://github.com/rails/rails.git","(?-mix:^activesupport\/lib\/active_support\/json\/.*)",2009-07-14,"bas van klinkenberg",1,17,5
"1614","https://github.com/rails/rails.git","(?-mix:^actionpack\/lib\/action_controller\/.*)",2009-07-14,"niklas holmgren",1,7,5
"1615","https://github.com/rails/rails.git","(?-mix:^actionpack\/lib\/action_view\/helpers\/.*)",2009-07-14,"rizwanreza",3,31,5
"1616","https://github.com/rails/rails.git","(?-mix:^actionpack\/lib\/action_view\/helpers\/.*)",2009-07-14,"josé valim",1,2,5
"1617","https://github.com/rails/rails.git","(?-mix:^activemodel\/lib\/active_model\/validations\/.*)",2009-07-14,"jzw",1,4,5
"1618","https://github.com/rails/rails.git","(?-mix:^activemodel\/lib\/active_model\/validations\/.*)",2009-07-14,"pratik naik",2,21,5
"1619","https://github.com/rails/rails.git","(?-mix:^activeresource\/lib\/active_resource\/.*)",2009-07-14,"marshall huss",2,36,5
"1620","https://github.com/rails/rails.git","(?-mix:^activemodel\/lib\/active_model\/validations\/.*)",2009-07-14,"adam keys",1,12,5
"1621","https://github.com/rails/rails.git","(?-mix:^actionpack\/lib\/action_controller\/.*)",2009-07-14,"jan schwenzien",1,2,5
"1622","https://github.com/rails/rails.git","(?-mix:^activesupport\/lib\/active_support\/.*)",2009-07-14,"marc-andre lafortune",1,6,5
"1623","https://github.com/rails/rails.git","(?-mix:^actionpack\/lib\/action_controller\/assertions\/.*)",2009-07-14,"jon wood",1,13,5
"1624","https://github.com/rails/rails.git","(?-mix:^actionpack\/lib\/action_view\/helpers\/.*)",2009-07-14,"michael koziarski",1,2,5
"1625","https://github.com/rails/rails.git","(?-mix:^activeresource\/lib\/active_resource\/.*)",2009-07-14,"jeremy kemper",1,16,5
"1626","https://github.com/rails/rails.git","(?-mix:^activesupport\/lib\/active_support\/core_ext\/time\/.*)",2009-07-14,"hugo peixoto",1,16,5
"1627","https://github.com/rails/rails.git","(?-mix:^actionpack\/lib\/action_controller\/.*)",2009-07-14,"felipe talavera",1,4,5
"1628","https://github.com/rails/rails.git","(?-mix:^actionpack\/lib\/action_controller\/routing\/.*)",2009-07-14,"gabe da silveira",1,7,5
"1629","https://github.com/rails/rails.git","(?-mix:^activemodel\/lib\/active_model\/validations\/.*)",2009-07-14,"elise huard",1,2,5
"1630","https://github.com/rails/rails.git","(?-mix:^activeresource\/lib\/active_resource\/.*)",2009-07-14,"roy nicholson",2,76,5
"1631","https://github.com/rails/rails.git","(?-mix:^activesupport\/lib\/active_support\/core_ext\/array\/.*)",2009-07-14,"david burger",1,1,5
"1632","https://github.com/rails/rails.git","(?-mix:^activesupport\/lib\/active_support\/core_ext\/hash\/.*)",2009-07-14,"david burger",1,1,5
"1633","https://github.com/rails/rails.git","(?-mix:^activeresource\/lib\/active_resource\/.*)",2009-07-14,"jatinder singh",1,5,5
"1634","https://github.com/rails/rails.git","(?-mix:^actionpack\/lib\/action_controller\/.*)",2009-07-14,"hugo peixoto",1,5,5
"1635","https://github.com/rails/rails.git","(?-mix:^activeresource\/lib\/active_resource\/.*)",2009-07-14,"jordan brough",2,5,5
"1636","https://github.com/rails/rails.git","(?-mix:^activeresource\/lib\/active_resource\/.*)",2009-07-14,"grzegorz forysinski",1,8,5
"1637","https://github.com/rails/rails.git","(?-mix:^actionpack\/lib\/action_view\/helpers\/.*)",2009-07-14,"matt duncan",1,1,5
"1638","https://github.com/rails/rails.git","(?-mix:^actionpack\/lib\/action_view\/helpers\/.*)",2009-07-14,"max lapshin",1,2,5
"1639","https://github.com/rails/rails.git","(?-mix:^activesupport\/lib\/active_support\/core_ext\/hash\/.*)",2009-07-14,"andrew moreland",1,9,5
"1640","https://github.com/rails/rails.git","(?-mix:^activesupport\/lib\/active_support\/multibyte\/.*)",2009-07-14,"erik ostrom",2,21,5
"1641","https://github.com/rails/rails.git","(?-mix:^actionpack\/lib\/action_controller\/routing\/.*)",2009-07-14,"joshua peek",1,32,5
"1642","https://github.com/rails/rails.git","(?-mix:^activesupport\/lib\/active_support\/json\/.*)",2009-07-14,"daniel sheppard",1,3,5
"1643","https://github.com/rails/rails.git","(?-mix:^activeresource\/lib\/active_resource\/.*)",2009-07-14,"fabien jakimowicz",2,28,5
"1644","https://github.com/rails/rails.git","(?-mix:^activemodel\/lib\/active_model\/validations\/.*)",2009-07-14,"elliot winkler",1,37,5
"1645","https://github.com/rails/rails.git","(?-mix:^activesupport\/lib\/active_support\/core_ext\/module\/.*)",2009-07-14,"bryan helmkamp",1,9,5
"1646","https://github.com/rails/rails.git","(?-mix:^activesupport\/lib\/active_support\/core_ext\/class\/.*)",2009-07-14,"yehuda katz",2,12,5
"1647","https://github.com/rails/rails.git","(?-mix:^actionpack\/lib\/action_view\/helpers\/.*)",2009-08-13,"yehuda katz",1,5,6
"1648","https://github.com/rails/rails.git","(?-mix:^actionpack\/lib\/action_controller\/.*)",2009-08-13,"jeremy kemper",1,18,6
"1649","https://github.com/rails/rails.git","(?-mix:^actionpack\/lib\/action_controller\/routing\/.*)",2009-08-13,"joshua peek",2,39,6
"1650","https://github.com/rails/rails.git","(?-mix:^actionpack\/lib\/action_view\/helpers\/.*)",2009-08-13,"ryan bigg",1,2,6
"1651","https://github.com/rails/rails.git","(?-mix:^activesupport\/lib\/active_support\/core_ext\/time\/.*)",2009-08-13,"jeremy kemper",1,3,6
"1652","https://github.com/rails/rails.git","(?-mix:^activeresource\/lib\/active_resource\/.*)",2009-08-13,"marshall huss",1,7,6
"1653","https://github.com/rails/rails.git","(?-mix:^activesupport\/lib\/active_support\/core_ext\/array\/.*)",2009-08-13,"xavier noria",1,9,6
"1654","https://github.com/rails/rails.git","(?-mix:^actionpack\/lib\/action_controller\/.*)",2009-08-13,"yehuda katz + carl lerche",8,37,6
"1655","https://github.com/rails/rails.git","(?-mix:^actionpack\/lib\/action_view\/helpers\/.*)",2009-08-13,"akira matsuda",2,6,6
"1656","https://github.com/rails/rails.git","(?-mix:^actionpack\/lib\/action_view\/helpers\/.*)",2009-08-13,"jeremy kemper",1,3,6
"1657","https://github.com/rails/rails.git","(?-mix:^actionpack\/lib\/action_controller\/.*)",2009-08-13,"jeffrey hardy",2,4,6
"1658","https://github.com/rails/rails.git","(?-mix:^actionpack\/lib\/action_controller\/session\/.*)",2009-08-13,"carl lerche",1,2,6
"1659","https://github.com/rails/rails.git","(?-mix:^railties\/lib\/rails\/plugin\/.*)",2009-08-13,"antonio tapiador del dujo",1,7,6
"1660","https://github.com/rails/rails.git","(?-mix:^activesupport\/lib\/active_support\/core_ext\/date\/.*)",2009-08-13,"jay pignata",1,1,6
"1661","https://github.com/rails/rails.git","(?-mix:^activemodel\/lib\/active_model\/validations\/.*)",2009-08-13,"kane",1,21,6
"1662","https://github.com/rails/rails.git","(?-mix:^actionpack\/lib\/action_controller\/session\/.*)",2009-08-13,"joshua peek",1,2,6
"1663","https://github.com/rails/rails.git","(?-mix:^actionpack\/lib\/action_controller\/session\/.*)",2009-08-13,"jay pignata",2,17,6
"1664","https://github.com/rails/rails.git","(?-mix:^actionpack\/lib\/action_view\/helpers\/.*)",2009-08-13,"sam pohlenz",1,8,6
"1665","https://github.com/rails/rails.git","(?-mix:^activesupport\/lib\/active_support\/.*)",2009-08-13,"michael koziarski",2,36,6
"1666","https://github.com/rails/rails.git","(?-mix:^activesupport\/lib\/active_support\/multibyte\/.*)",2009-08-13,"michael koziarski",1,13,6
"1667","https://github.com/rails/rails.git","(?-mix:^actionpack\/lib\/action_view\/helpers\/.*)",2009-08-13,"michael koziarski",1,2,6
"1668","https://github.com/rails/rails.git","(?-mix:^activesupport\/lib\/active_support\/.*)",2009-08-13,"jeremy kemper",1,18,6
"1669","https://github.com/rails/rails.git","(?-mix:^activemodel\/lib\/active_model\/validations\/.*)",2009-08-13,"josé valim",1,2,6
"1670","https://github.com/rails/rails.git","(?-mix:^activesupport\/lib\/active_support\/core_ext\/hash\/.*)",2009-08-13,"xavier noria",1,48,6
"1671","https://github.com/rails/rails.git","(?-mix:^activesupport\/lib\/active_support\/.*)",2009-08-13,"jakub kuźma",1,15,6
"1672","https://github.com/rails/rails.git","(?-mix:^activesupport\/lib\/active_support\/core_ext\/hash\/.*)",2009-09-12,"xavier noria",3,19,7
"1673","https://github.com/rails/rails.git","(?-mix:^actionpack\/lib\/action_view\/helpers\/.*)",2009-09-12,"andrew france",1,24,7
"1674","https://github.com/rails/rails.git","(?-mix:^activesupport\/lib\/active_support\/.*)",2009-09-12,"michael koziarski",2,5,7
"1675","https://github.com/rails/rails.git","(?-mix:^activesupport\/lib\/active_support\/.*)",2009-09-12,"aaron patterson",1,32,7
"1676","https://github.com/rails/rails.git","(?-mix:^activesupport\/lib\/active_support\/json\/.*)",2009-09-12,"jeremy kemper",2,8,7
"1677","https://github.com/rails/rails.git","(?-mix:^activesupport\/lib\/active_support\/.*)",2009-09-12,"jeremy kemper",4,10,7
"1678","https://github.com/rails/rails.git","(?-mix:^activesupport\/lib\/active_support\/xml_mini.*)",2009-09-12,"jeremy kemper",1,2,7
"1679","https://github.com/rails/rails.git","(?-mix:^activesupport\/lib\/active_support\/xml_mini.*)",2009-09-12,"joshua peek",1,1,7
"1680","https://github.com/rails/rails.git","(?-mix:^actionpack\/lib\/action_view\/helpers\/.*)",2009-09-12,"joshua peek",4,5,7
"1681","https://github.com/rails/rails.git","(?-mix:^actionpack\/lib\/action_controller\/session\/.*)",2009-09-12,"joshua peek",2,18,7
"1682","https://github.com/rails/rails.git","(?-mix:^actionpack\/lib\/action_view\/template_handlers\/.*)",2009-09-12,"joshua peek",1,2,7
"1683","https://github.com/rails/rails.git","(?-mix:^activesupport\/lib\/active_support\/cache\/.*)",2009-09-12,"joshua peek",1,2,7
"1684","https://github.com/rails/rails.git","(?-mix:^activesupport\/lib\/active_support\/core_ext\/array\/.*)",2009-09-12,"joshua peek",1,2,7
"1685","https://github.com/rails/rails.git","(?-mix:^activesupport\/lib\/active_support\/core_ext\/hash\/.*)",2009-09-12,"joshua peek",1,2,7
"1686","https://github.com/rails/rails.git","(?-mix:^activesupport\/lib\/active_support\/core_ext\/string\/.*)",2009-09-12,"joshua peek",1,2,7
"1687","https://github.com/rails/rails.git","(?-mix:^activesupport\/lib\/active_support\/values\/.*)",2009-09-12,"joshua peek",1,2,7
"1688","https://github.com/rails/rails.git","(?-mix:^activemodel\/lib\/active_model\/validations\/.*)",2009-09-12,"mike gunderloy",1,8,7
"1689","https://github.com/rails/rails.git","(?-mix:^activesupport\/lib\/active_support\/xml_mini.*)",2009-09-12,"developer",1,2,7
"1690","https://github.com/rails/rails.git","(?-mix:^activeresource\/lib\/active_resource\/.*)",2009-09-12,"jeremy kemper",1,4,7
"1691","https://github.com/rails/rails.git","(?-mix:^activesupport\/lib\/active_support\/xml_mini.*)",2009-09-12,"aaron patterson",1,32,7
"1692","https://github.com/rails/rails.git","(?-mix:^actionpack\/lib\/action_controller\/caching\/.*)",2009-09-12,"josé valim",2,46,7
"1693","https://github.com/rails/rails.git","(?-mix:^activesupport\/lib\/active_support\/cache\/.*)",2009-09-12,"josé valim",3,42,7
"1694","https://github.com/rails/rails.git","(?-mix:^activesupport\/lib\/active_support\/core_ext\/string\/.*)",2009-09-12,"xavier noria",1,4,7
"1695","https://github.com/rails/rails.git","(?-mix:^railties\/lib\/commands\/.*)",2009-09-12,"yehuda katz + carl lerche",10,46,7
"1696","https://github.com/rails/rails.git","(?-mix:^railties\/lib\/commands\/performance\/.*)",2009-09-12,"yehuda katz + carl lerche",2,0,7
"1697","https://github.com/rails/rails.git","(?-mix:^railties\/lib\/rails_generator\/.*)",2009-09-12,"yehuda katz + carl lerche",19,0,7
"1698","https://github.com/rails/rails.git","(?-mix:^railties\/environments\/.*)",2009-09-12,"yehuda katz + carl lerche",5,12,7
"1699","https://github.com/rails/rails.git","(?-mix:^actionpack\/lib\/action_view\/template_handlers\/.*)",2009-09-12,"jeremy kemper",1,2,7
"1700","https://github.com/rails/rails.git","(?-mix:^activesupport\/lib\/active_support\/cache\/.*)",2009-09-12,"jeremy kemper",1,2,7
"1701","https://github.com/rails/rails.git","(?-mix:^activesupport\/lib\/active_support\/core_ext\/array\/.*)",2009-09-12,"jeremy kemper",1,2,7
"1702","https://github.com/rails/rails.git","(?-mix:^activesupport\/lib\/active_support\/core_ext\/hash\/.*)",2009-09-12,"jeremy kemper",1,2,7
"1703","https://github.com/rails/rails.git","(?-mix:^activesupport\/lib\/active_support\/core_ext\/string\/.*)",2009-09-12,"jeremy kemper",1,2,7
"1704","https://github.com/rails/rails.git","(?-mix:^activesupport\/lib\/active_support\/values\/.*)",2009-09-12,"jeremy kemper",1,2,7
"1705","https://github.com/rails/rails.git","(?-mix:^actionpack\/lib\/action_view\/helpers\/.*)",2009-09-12,"jay pignata",1,11,7
"1706","https://github.com/rails/rails.git","(?-mix:^actionpack\/lib\/action_view\/helpers\/.*)",2009-09-12,"john trupiano",1,29,7
"1707","https://github.com/rails/rails.git","(?-mix:^activeresource\/lib\/active_resource\/.*)",2009-09-12,"taryn east",2,33,7
"1708","https://github.com/rails/rails.git","(?-mix:^activeresource\/lib\/active_resource\/.*)",2009-09-12,"joshua peek",1,3,7
"1709","https://github.com/rails/rails.git","(?-mix:^actionpack\/lib\/action_controller\/.*)",2009-09-12,"michael koziarski",1,2,7
"1710","https://github.com/rails/rails.git","(?-mix:^activesupport\/lib\/active_support\/.*)",2009-09-12,"jeffrey hardy",1,2,7
"1711","https://github.com/rails/rails.git","(?-mix:^actionpack\/lib\/action_view\/erb\/.*)",2009-09-12,"michael koziarski",1,12,7
"1712","https://github.com/rails/rails.git","(?-mix:^actionpack\/lib\/action_view\/helpers\/.*)",2009-09-12,"michael koziarski",12,61,7
"1713","https://github.com/rails/rails.git","(?-mix:^actionpack\/lib\/action_view\/template_handlers\/.*)",2009-09-12,"michael koziarski",1,28,7
"1714","https://github.com/rails/rails.git","(?-mix:^activesupport\/lib\/active_support\/cache\/.*)",2009-09-12,"pratik naik",2,12,7
"1715","https://github.com/rails/rails.git","(?-mix:^actionpack\/lib\/action_controller\/.*)",2009-10-13,"jeffrey hardy",1,3,8
"1716","https://github.com/rails/rails.git","(?-mix:^actionpack\/lib\/action_view\/helpers\/.*)",2009-10-13,"yehuda katz",1,26,8
"1717","https://github.com/rails/rails.git","(?-mix:^actionpack\/lib\/action_view\/helpers\/.*)",2009-10-13,"phil darnowsky",1,2,8
"1718","https://github.com/rails/rails.git","(?-mix:^actionpack\/lib\/action_view\/helpers\/.*)",2009-10-13,"michael koziarski",1,2,8
"1719","https://github.com/rails/rails.git","(?-mix:^activeresource\/lib\/active_resource\/.*)",2009-10-13,"pivotal  labs",2,102,8
"1720","https://github.com/rails/rails.git","(?-mix:^activesupport\/lib\/active_support\/.*)",2009-10-13,"michael koziarski",1,1,8
"1721","https://github.com/rails/rails.git","(?-mix:^activesupport\/lib\/active_support\/.*)",2009-10-13,"jeremy kemper",8,64,8
"1722","https://github.com/rails/rails.git","(?-mix:^activesupport\/lib\/active_support\/xml_mini.*)",2009-10-13,"jacob lauemoeller",1,13,8
"1723","https://github.com/rails/rails.git","(?-mix:^actionpack\/lib\/action_controller\/.*)",2009-10-13,"george ogata",1,4,8
"1724","https://github.com/rails/rails.git","(?-mix:^actionpack\/lib\/action_controller\/caching\/.*)",2009-10-13,"joshua peek",2,12,8
"1725","https://github.com/rails/rails.git","(?-mix:^actionpack\/lib\/action_view\/template_handlers\/.*)",2009-10-13,"michael koziarski",1,5,8
"1726","https://github.com/rails/rails.git","(?-mix:^actionpack\/lib\/action_controller\/caching\/.*)",2009-10-13,"josé valim",6,60,8
"1727","https://github.com/rails/rails.git","(?-mix:^activesupport\/lib\/active_support\/cache\/.*)",2009-10-13,"josé valim",1,11,8
"1728","https://github.com/rails/rails.git","(?-mix:^actionpack\/lib\/action_view\/helpers\/.*)",2009-10-13,"josé valim",3,47,8
"1729","https://github.com/rails/rails.git","(?-mix:^railties\/lib\/commands\/performance\/.*)",2009-10-13,"carl lerche",2,4,8
"1730","https://github.com/rails/rails.git","(?-mix:^railties\/lib\/commands\/performance\/.*)",2009-10-13,"joshua peek",4,9,8
"1731","https://github.com/rails/rails.git","(?-mix:^actionpack\/lib\/action_view\/template_handlers\/.*)",2009-10-13,"yehuda katz",1,8,8
"1732","https://github.com/rails/rails.git","(?-mix:^activesupport\/lib\/active_support\/core_ext\/class\/.*)",2009-10-13,"josé valim",2,58,8
"1733","https://github.com/rails/rails.git","(?-mix:^activesupport\/lib\/active_support\/core_ext\/class\/.*)",2009-10-13,"jeremy kemper",1,1,8
"1734","https://github.com/rails/rails.git","(?-mix:^actionpack\/lib\/action_controller\/routing\/.*)",2009-10-13,"joshua peek",11,1755,8
"1735","https://github.com/rails/rails.git","(?-mix:^activesupport\/lib\/active_support\/core_ext\/module\/.*)",2009-10-13,"josé valim",1,9,8
"1736","https://github.com/rails/rails.git","(?-mix:^activesupport\/lib\/active_support\/values\/.*)",2009-10-13,"phil ross",1,2,8
"1737","https://github.com/rails/rails.git","(?-mix:^activesupport\/lib\/active_support\/core_ext\/array\/.*)",2009-10-13,"yehuda katz",2,30,8
"1738","https://github.com/rails/rails.git","(?-mix:^actionpack\/lib\/action_controller\/caching\/.*)",2009-10-13,"yehuda katz",3,261,8
"1739","https://github.com/rails/rails.git","(?-mix:^activesupport\/lib\/active_support\/core_ext\/hash\/.*)",2009-10-13,"yehuda katz",1,6,8
"1740","https://github.com/rails/rails.git","(?-mix:^activesupport\/lib\/active_support\/.*)",2009-10-13,"tim carey-smith",1,1,8
"1741","https://github.com/rails/rails.git","(?-mix:^actionpack\/lib\/action_controller\/assertions\/.*)",2009-10-13,"ben orenstein",1,2,8
"1742","https://github.com/rails/rails.git","(?-mix:^activesupport\/lib\/active_support\/core_ext\/date_time\/.*)",2009-10-13,"jeremy kemper",1,2,8
"1743","https://github.com/rails/rails.git","(?-mix:^actionpack\/lib\/action_controller\/.*)",2009-10-13,"jeremy kemper",2,6,8
"1744","https://github.com/rails/rails.git","(?-mix:^activeresource\/lib\/active_resource\/.*)",2009-10-13,"jeremy kemper",4,43,8
"1745","https://github.com/rails/rails.git","(?-mix:^activesupport\/lib\/active_support\/core_ext\/array\/.*)",2009-10-13,"jeremy kemper",1,16,8
"1746","https://github.com/rails/rails.git","(?-mix:^activesupport\/lib\/active_support\/core_ext\/hash\/.*)",2009-10-13,"jeremy kemper",2,20,8
"1747","https://github.com/rails/rails.git","(?-mix:^activesupport\/lib\/active_support\/json\/encoders\/.*)",2009-10-13,"jeremy kemper",1,5,8
"1748","https://github.com/rails/rails.git","(?-mix:^activesupport\/lib\/active_support\/core_ext\/object\/.*)",2009-10-13,"jeremy kemper",1,18,8
"1749","https://github.com/rails/rails.git","(?-mix:^activesupport\/lib\/active_support\/core_ext\/date\/.*)",2009-10-13,"jeremy kemper",2,2,8
"1750","https://github.com/rails/rails.git","(?-mix:^activesupport\/lib\/active_support\/json\/.*)",2009-10-13,"jeremy kemper",1,3,8
"1751","https://github.com/rails/rails.git","(?-mix:^activesupport\/lib\/active_support\/multibyte\/.*)",2009-10-13,"matias flores",1,2,8
"1752","https://github.com/rails/rails.git","(?-mix:^activesupport\/lib\/active_support\/.*)",2009-10-13,"manfred stienstra",1,9,8
"1753","https://github.com/rails/rails.git","(?-mix:^actionpack\/lib\/action_controller\/routing\/.*)",2009-10-13,"jeremy kemper",1,7,8
"1754","https://github.com/rails/rails.git","(?-mix:^activesupport\/lib\/active_support\/.*)",2009-10-13,"chris hapgood",1,7,8
"1755","https://github.com/rails/rails.git","(?-mix:^activesupport\/lib\/active_support\/multibyte\/.*)",2009-10-13,"jeremy kemper",1,5,8
"1756","https://github.com/rails/rails.git","(?-mix:^activesupport\/lib\/active_support\/values\/.*)",2009-10-13,"jeremy kemper",1,1,8
"1757","https://github.com/rails/rails.git","(?-mix:^actionpack\/lib\/action_controller\/.*)",2009-10-13,"bryan helmkamp",1,4,8
"1758","https://github.com/rails/rails.git","(?-mix:^actionpack\/lib\/action_view\/helpers\/.*)",2009-10-13,"bryan helmkamp",1,2,8
"1759","https://github.com/rails/rails.git","(?-mix:^activesupport\/lib\/active_support\/core_ext\/kernel\/.*)",2009-10-13,"bryan helmkamp",1,1,8
"1760","https://github.com/rails/rails.git","(?-mix:^actionpack\/lib\/action_view\/erb\/.*)",2009-10-13,"bryan helmkamp",1,1,8
"1761","https://github.com/rails/rails.git","(?-mix:^activesupport\/lib\/active_support\/core_ext\/object\/.*)",2009-10-13,"xavier noria",2,8,8
"1762","https://github.com/rails/rails.git","(?-mix:^activesupport\/lib\/active_support\/.*)",2009-10-13,"xavier noria",6,58,8
"1763","https://github.com/rails/rails.git","(?-mix:^actionpack\/lib\/action_controller\/.*)",2009-10-13,"xavier noria",2,3,8
"1764","https://github.com/rails/rails.git","(?-mix:^activesupport\/lib\/active_support\/core_ext\/string\/.*)",2009-10-13,"xavier noria",2,27,8
"1765","https://github.com/rails/rails.git","(?-mix:^activesupport\/lib\/active_support\/core_ext\/integer\/.*)",2009-10-13,"xavier noria",1,10,8
"1766","https://github.com/rails/rails.git","(?-mix:^railties\/lib\/rails\/plugin\/.*)",2009-11-11,"yehuda katz + carl lerche",2,300,9
"1767","https://github.com/rails/rails.git","(?-mix:^actionpack\/lib\/action_controller\/.*)",2009-11-11,"david vrensk",1,1,9
"1768","https://github.com/rails/rails.git","(?-mix:^activesupport\/lib\/active_support\/cache\/.*)",2009-11-11,"david vrensk",1,5,9
"1769","https://github.com/rails/rails.git","(?-mix:^actionpack\/lib\/action_controller\/routing\/.*)",2009-11-11,"joshua peek",10,203,9
"1770","https://github.com/rails/rails.git","(?-mix:^activesupport\/lib\/active_support\/core_ext\/array\/.*)",2009-11-11,"jeremy kemper",1,7,9
"1771","https://github.com/rails/rails.git","(?-mix:^activesupport\/lib\/active_support\/.*)",2009-11-11,"jeremy kemper",11,58,9
"1772","https://github.com/rails/rails.git","(?-mix:^actionpack\/lib\/action_controller\/.*)",2009-11-11,"jeremy kemper",3,9,9
"1773","https://github.com/rails/rails.git","(?-mix:^activesupport\/lib\/active_support\/values\/.*)",2009-11-11,"jeremy kemper",1,3,9
"1774","https://github.com/rails/rails.git","(?-mix:^activesupport\/lib\/active_support\/json\/.*)",2009-11-11,"jeremy kemper",1,2,9
"1775","https://github.com/rails/rails.git","(?-mix:^activesupport\/lib\/active_support\/core_ext\/object\/.*)",2009-12-11,"yehuda katz",1,63,10
"1776","https://github.com/rails/rails.git","(?-mix:^activesupport\/lib\/active_support\/core_ext\/date_time\/.*)",2009-12-11,"serguei filimonov",1,15,10
"1777","https://github.com/rails/rails.git","(?-mix:^activesupport\/lib\/active_support\/core_ext\/module\/.*)",2009-12-11,"josé valim",1,26,10
"1778","https://github.com/rails/rails.git","(?-mix:^activesupport\/lib\/active_support\/core_ext\/array\/.*)",2009-12-11,"david heinemeier hansson",1,1,10
"1779","https://github.com/rails/rails.git","(?-mix:^activesupport\/lib\/active_support\/core_ext\/class\/.*)",2009-12-11,"josé valim",1,3,10
"1780","https://github.com/rails/rails.git","(?-mix:^activesupport\/lib\/active_support\/core_ext\/class\/.*)",2009-12-11,"xavier noria",1,1,10
"1781","https://github.com/rails/rails.git","(?-mix:^activesupport\/lib\/active_support\/core_ext\/date_time\/.*)",2009-12-11,"xavier noria",1,1,10
"1782","https://github.com/rails/rails.git","(?-mix:^activesupport\/lib\/active_support\/core_ext\/hash\/.*)",2009-12-11,"xavier noria",2,2,10
"1783","https://github.com/rails/rails.git","(?-mix:^activesupport\/lib\/active_support\/core_ext\/module\/.*)",2009-12-11,"xavier noria",2,3,10
"1784","https://github.com/rails/rails.git","(?-mix:^activesupport\/lib\/active_support\/core_ext\/object\/.*)",2009-12-11,"xavier noria",2,3,10
"1785","https://github.com/rails/rails.git","(?-mix:^activesupport\/lib\/active_support\/core_ext\/integer\/.*)",2009-12-11,"xavier noria",1,2,10
"1786","https://github.com/rails/rails.git","(?-mix:^activesupport\/lib\/active_support\/json\/.*)",2009-12-11,"david heinemeier hansson",1,3,10
"1787","https://github.com/rails/rails.git","(?-mix:^activesupport\/lib\/active_support\/core_ext\/float\/.*)",2009-12-11,"jeremy kemper",1,5,10
"1788","https://github.com/rails/rails.git","(?-mix:^actionpack\/lib\/action_controller\/caching\/.*)",2009-12-11,"david heinemeier hansson",1,2,10
"1789","https://github.com/rails/rails.git","(?-mix:^railties\/builtin\/rails_info\/.*)",2010-01-10,"josé valim",4,23,11
"1790","https://github.com/rails/rails.git","(?-mix:^actionpack\/.*)",2010-01-10,"josé valim",5,16,11
"1791","https://github.com/rails/rails.git","(?-mix:^actionpack\/lib\/action_controller\/.*)",2010-01-10,"joshua peek",20,742,11
"1792","https://github.com/rails/rails.git","(?-mix:^actionmailer\/.*)",2010-01-10,"josé valim",15,244,11
"1793","https://github.com/rails/rails.git","(?-mix:^activemodel\/lib\/active_model\/.*)",2010-01-10,"mikel lindsaar",10,498,11
"1794","https://github.com/rails/rails.git","(?-mix:^railties\/lib\/.*)",2010-01-10,"josé valim",9,94,11
"1795","https://github.com/rails/rails.git","(?-mix:^railties\/lib\/commands\/.*)",2010-01-10,"josé valim",6,42,11
"1796","https://github.com/rails/rails.git","(?-mix:^railties\/lib\/rails\/rack\/.*)",2010-01-10,"josé valim",5,102,11
"1797","https://github.com/rails/rails.git","(?-mix:^activerecord\/lib\/.*)",2010-01-10,"chris hapgood",1,13,11
"1798","https://github.com/rails/rails.git","(?-mix:^actionmailer\/.*)",2010-01-10,"mikel lindsaar",16,505,11
"1799","https://github.com/rails/rails.git","(?-mix:^railties\/lib\/commands\/.*)",2010-01-10,"sam granieri",1,4,11
"1800","https://github.com/rails/rails.git","(?-mix:^railties\/guides\/.*)",2010-01-10,"ryan bigg",4,14,11
"1801","https://github.com/rails/rails.git","(?-mix:^activerecord\/lib\/.*)",2010-01-10,"santiago pastorino",1,4,11
"1802","https://github.com/rails/rails.git","(?-mix:^actionmailer\/.*)",2010-01-10,"pratik naik",1,2,11
"1803","https://github.com/rails/rails.git","(?-mix:^actionpack\/lib\/action_controller\/.*)",2010-01-10,"pratik naik",1,7,11
"1804","https://github.com/rails/rails.git","(?-mix:^activemodel\/lib\/active_model\/.*)",2010-01-10,"pratik naik",1,92,11
"1805","https://github.com/rails/rails.git","(?-mix:^activesupport\/lib\/active_support\/.*)",2010-01-10,"pratik naik",3,23,11
"1806","https://github.com/rails/rails.git","(?-mix:^railties\/guides\/.*)",2010-01-10,"pratik naik",2,21,11
"1807","https://github.com/rails/rails.git","(?-mix:^activesupport\/lib\/active_support\/.*)",2010-01-10,"joshua peek",3,69,11
"1808","https://github.com/rails/rails.git","(?-mix:^activemodel\/lib\/active_model\/.*)",2010-01-10,"samuel elliott",1,2,11
"1809","https://github.com/rails/rails.git","(?-mix:^railties\/environments\/.*)",2010-01-10,"rizwan reza",1,11,11
"1810","https://github.com/rails/rails.git","(?-mix:^activemodel\/lib\/active_model\/.*)",2010-01-10,"nestor ovroy",1,109,11
"1811","https://github.com/rails/rails.git","(?-mix:^activemodel\/lib\/active_model\/.*)",2010-01-10,"gavin stark",1,2,11
"1812","https://github.com/rails/rails.git","(?-mix:^railties\/lib\/rails_generator\/.*)",2010-01-10,"josé valim",18,2,11
"1813","https://github.com/rails/rails.git","(?-mix:^railties\/helpers\/.*)",2010-01-10,"josé valim",3,1,11
"1814","https://github.com/rails/rails.git","(?-mix:^railties\/environments\/.*)",2010-01-10,"josé valim",8,10,11
"1815","https://github.com/rails/rails.git","(?-mix:^railties\/configs\/.*)",2010-01-10,"josé valim",5,0,11
"1816","https://github.com/rails/rails.git","(?-mix:^activerecord\/lib\/.*)",2010-01-10,"paco guzman",1,2,11
"1817","https://github.com/rails/rails.git","(?-mix:^activerecord\/lib\/.*)",2010-01-10,"joshua peek",2,3,11
"1818","https://github.com/rails/rails.git","(?-mix:^railties\/builtin\/rails_info\/.*)",2010-01-10,"joshua peek",1,2,11
"1819","https://github.com/rails/rails.git","(?-mix:^actionpack\/lib\/action_controller\/.*)",2010-01-10,"yehuda katz",1,2,11
"1820","https://github.com/rails/rails.git","(?-mix:^activesupport\/lib\/active_support\/.*)",2010-01-10,"yehuda katz",2,46,11
"1821","https://github.com/rails/rails.git","(?-mix:^actionmailer\/.*)",2010-01-10,"josé valim and mikel lindsaar",45,1489,11
"1822","https://github.com/rails/rails.git","(?-mix:^activesupport\/lib\/active_support\/core_ext\/module\/.*)",2010-01-10,"xavier noria",7,92,11
"1823","https://github.com/rails/rails.git","(?-mix:^railties\/environments\/.*)",2010-01-10,"joshua peek",2,0,11
"1824","https://github.com/rails/rails.git","(?-mix:^railties\/configs\/.*)",2010-01-10,"joshua peek",1,0,11
"1825","https://github.com/rails/rails.git","(?-mix:^railties\/lib\/rails_generator\/.*)",2010-01-10,"joshua peek",2,4,11
"1826","https://github.com/rails/rails.git","(?-mix:^actionpack\/lib\/action_view\/.*)",2010-01-10,"joshua peek",3,23,11
"1827","https://github.com/rails/rails.git","(?-mix:^actionpack\/lib\/action_controller\/.*)",2010-01-10,"josé valim and mikel lindsaar",1,29,11
"1828","https://github.com/rails/rails.git","(?-mix:^activesupport\/lib\/active_support\/core_ext\/array\/.*)",2010-01-10,"josé valim and mikel lindsaar",1,13,11
"1829","https://github.com/rails/rails.git","(?-mix:^activesupport\/lib\/active_support\/core_ext\/hash\/.*)",2010-01-10,"josé valim and mikel lindsaar",2,28,11
"1830","https://github.com/rails/rails.git","(?-mix:^activerecord\/lib\/.*)",2010-01-10,"jack christensen",1,6,11
"1831","https://github.com/rails/rails.git","(?-mix:^railties\/lib\/rails_generator\/.*)",2010-01-10,"mikel lindsaar",1,4,11
"1832","https://github.com/rails/rails.git","(?-mix:^activesupport\/lib\/active_support\/core_ext\/class\/.*)",2010-01-10,"xavier noria",5,57,11
"1833","https://github.com/rails/rails.git","(?-mix:^activesupport\/lib\/active_support\/core_ext\/object\/.*)",2010-01-10,"xavier noria",7,63,11
"1834","https://github.com/rails/rails.git","(?-mix:^activerecord\/lib\/.*)",2010-01-10,"aaron patterson",1,6,11
"1835","https://github.com/rails/rails.git","(?-mix:^actionpack\/lib\/action_view\/.*)",2010-01-10,"erik st. martin",2,6,11
"1836","https://github.com/rails/rails.git","(?-mix:^activesupport\/.*)",2010-01-10,"mikel lindsaar",1,2,11
"1837","https://github.com/rails/rails.git","(?-mix:^railties\/lib\/rails_generator\/.*)",2010-01-10,"jeremy kemper",2,7,11
"1838","https://github.com/rails/rails.git","(?-mix:^activesupport\/lib\/active_support\/.*)",2010-01-10,"snusnu",1,2,11
"1839","https://github.com/rails/rails.git","(?-mix:^actionmailer\/.*)",2010-01-10,"jeremy kemper",2,30,11
"1840","https://github.com/rails/rails.git","(?-mix:^railties\/environments\/.*)",2010-01-10,"carlhuda",1,2,11
"1841","https://github.com/rails/rails.git","(?-mix:^railties\/lib\/rails\/.*)",2010-01-10,"paul rosania",1,2,11
"1842","https://github.com/rails/rails.git","(?-mix:^activemodel\/lib\/active_model\/.*)",2010-01-10,"josé valim",1,21,11
"1843","https://github.com/rails/rails.git","(?-mix:^activemodel\/lib\/.*)",2010-01-10,"joshua peek",1,1,11
"1844","https://github.com/rails/rails.git","(?-mix:^activemodel\/lib\/active_model\/.*)",2010-01-10,"joshua peek",1,70,11
"1845","https://github.com/rails/rails.git","(?-mix:^actionpack\/.*)",2010-01-10,"mikel lindsaar",2,4,11
"1846","https://github.com/rails/rails.git","(?-mix:^activemodel\/lib\/.*)",2010-01-10,"mikel lindsaar",1,2,11
"1847","https://github.com/rails/rails.git","(?-mix:^activerecord\/lib\/.*)",2010-01-10,"mikel lindsaar",2,13,11
"1848","https://github.com/rails/rails.git","(?-mix:^railties\/lib\/.*)",2010-01-10,"mikel lindsaar",2,5,11
"1849","https://github.com/rails/rails.git","(?-mix:^actionpack\/.*)",2010-01-10,"yehuda katz",1,4,11
"1850","https://github.com/rails/rails.git","(?-mix:^actionpack\/lib\/action_view\/.*)",2010-01-10,"yehuda katz",2,4,11
"1851","https://github.com/rails/rails.git","(?-mix:^actionpack\/lib\/action_view\/erb\/.*)",2010-01-10,"yehuda katz",1,49,11
"1852","https://github.com/rails/rails.git","(?-mix:^activesupport\/.*)",2010-01-10,"yehuda katz",1,1,11
"1853","https://github.com/rails/rails.git","(?-mix:^railties\/environments\/.*)",2010-01-10,"carl lerche",2,27,11
"1854","https://github.com/rails/rails.git","(?-mix:^actionpack\/.*)",2010-01-10,"santiago pastorino",2,3,11
"1855","https://github.com/rails/rails.git","(?-mix:^actionpack\/lib\/action_view\/.*)",2010-01-10,"jeremy kemper",3,9,11
"1856","https://github.com/rails/rails.git","(?-mix:^activerecord\/lib\/.*)",2010-01-10,"jeremy kemper",1,9,11
"1857","https://github.com/rails/rails.git","(?-mix:^railties\/guides\/.*)",2010-01-10,"xavier noria",3,22,11
"1858","https://github.com/rails/rails.git","(?-mix:^actionpack\/lib\/action_controller\/.*)",2010-01-10,"sam ruby",1,132,11
"1859","https://github.com/rails/rails.git","(?-mix:^activerecord\/lib\/.*)",2010-01-10,"corey johnson",1,2,11
"1860","https://github.com/rails/rails.git","(?-mix:^actionpack\/lib\/action_controller\/.*)",2010-01-10,"santiago pastorino and josé ignacio costa",1,3,11
"1861","https://github.com/rails/rails.git","(?-mix:^activerecord\/lib\/.*)",2010-01-10,"subbarao pasupuleti",1,2,11
"1862","https://github.com/rails/rails.git","(?-mix:^actionmailer\/.*)",2010-01-10,"david heinemeier hansson",1,2,11
"1863","https://github.com/rails/rails.git","(?-mix:^actionpack\/.*)",2010-01-10,"david heinemeier hansson",1,2,11
"1864","https://github.com/rails/rails.git","(?-mix:^railties\/lib\/rails\/.*)",2010-01-10,"david heinemeier hansson",1,2,11
"1865","https://github.com/rails/rails.git","(?-mix:^railties\/environments\/.*)",2010-01-10,"jeremy kemper",2,32,11
"1866","https://github.com/rails/rails.git","(?-mix:^railties\/lib\/.*)",2010-01-10,"jeremy kemper",1,1,11
"1867","https://github.com/rails/rails.git","(?-mix:^actionpack\/lib\/action_view\/helpers\/.*)",2010-01-10,"santiago pastorino and josé ignacio costa",4,12,11
"1868","https://github.com/rails/rails.git","(?-mix:^railties\/lib\/commands\/.*)",2010-01-10,"henrik n",1,5,11
"1869","https://github.com/rails/rails.git","(?-mix:^actionmailer\/.*)",2010-01-10,"prem sichanugrist",1,2,11
"1870","https://github.com/rails/rails.git","(?-mix:^actionpack\/.*)",2010-01-10,"prem sichanugrist",1,2,11
"1871","https://github.com/rails/rails.git","(?-mix:^railties\/lib\/rails\/.*)",2010-01-10,"prem sichanugrist",1,2,11
"1872","https://github.com/rails/rails.git","(?-mix:^activesupport\/lib\/active_support\/core_ext\/kernel\/.*)",2010-01-10,"xavier noria",1,7,11
"1873","https://github.com/rails/rails.git","(?-mix:^railties\/lib\/rails\/rack\/.*)",2010-01-10,"xavier noria",1,2,11
"1874","https://github.com/rails/rails.git","(?-mix:^actionmailer\/.*)",2010-01-10,"romd",1,2,11
"1875","https://github.com/rails/rails.git","(?-mix:^activerecord\/lib\/.*)",2010-01-10,"romd",1,4,11
"1876","https://github.com/rails/rails.git","(?-mix:^activesupport\/lib\/active_support\/.*)",2010-01-10,"romd",2,2,11
"1877","https://github.com/rails/rails.git","(?-mix:^railties\/lib\/commands\/.*)",2010-01-10,"romd",2,14,11
"1878","https://github.com/rails/rails.git","(?-mix:^railties\/lib\/rails_generator\/.*)",2010-01-10,"romd",1,4,11
"1879","https://github.com/rails/rails.git","(?-mix:^railties\/lib\/rails\/rack\/.*)",2010-01-10,"romd",1,2,11
"1880","https://github.com/rails/rails.git","(?-mix:^activerecord\/lib\/.*)",2010-01-10,"david heinemeier hansson",1,10,11
"1881","https://github.com/rails/rails.git","(?-mix:^railties\/lib\/rails_generator\/.*)",2010-01-10,"dan kubb",1,2,11
"1882","https://github.com/rails/rails.git","(?-mix:^activesupport\/lib\/active_support\/core_ext\/file\/.*)",2010-01-10,"jeremy kemper",1,2,11
"1883","https://github.com/rails/rails.git","(?-mix:^activesupport\/lib\/active_support\/core_ext\/string\/.*)",2010-01-10,"jeremy kemper",1,2,11
"1884","https://github.com/rails/rails.git","(?-mix:^railties\/lib\/.*)",2010-02-09,"jeremy kemper",1,2,12
"1885","https://github.com/rails/rails.git","(?-mix:^railties\/lib\/commands\/.*)",2010-02-09,"jeremy kemper",1,2,12
"1886","https://github.com/rails/rails.git","(?-mix:^activesupport\/lib\/active_support\/core_ext\/object\/.*)",2010-02-09,"jeremy kemper",3,36,12
"1887","https://github.com/rails/rails.git","(?-mix:^railties\/lib\/commands\/.*)",2010-02-09,"prem sichanugrist",4,16,12
"1888","https://github.com/rails/rails.git","(?-mix:^railties\/lib\/.*)",2010-02-09,"simo niemelä",1,7,12
"1889","https://github.com/rails/rails.git","(?-mix:^railties\/lib\/commands\/.*)",2010-02-09,"simo niemelä",1,15,12
"1890","https://github.com/rails/rails.git","(?-mix:^railties\/lib\/rails_generator\/.*)",2010-02-09,"michael bleigh",1,2,12
"1891","https://github.com/rails/rails.git","(?-mix:^railties\/lib\/rails\/.*)",2010-02-09,"carl lerche",1,11,12
"1892","https://github.com/rails/rails.git","(?-mix:^activerecord\/lib\/.*)",2010-02-09,"pratik naik",3,36,12
"1893","https://github.com/rails/rails.git","(?-mix:^activesupport\/lib\/active_support\/.*)",2010-02-09,"yehuda katz",10,341,12
"1894","https://github.com/rails/rails.git","(?-mix:^railties\/lib\/rails\/rack\/.*)",2010-02-09,"yehuda katz",1,2,12
"1895","https://github.com/rails/rails.git","(?-mix:^activerecord\/lib\/.*)",2010-02-09,"joshua peek",1,1,12
"1896","https://github.com/rails/rails.git","(?-mix:^activerecord\/lib\/.*)",2010-02-09,"xavier noria",2,8,12
"1897","https://github.com/rails/rails.git","(?-mix:^actionpack\/lib\/action_controller\/.*)",2010-02-09,"yehuda katz",2,6,12
"1898","https://github.com/rails/rails.git","(?-mix:^activerecord\/lib\/.*)",2010-02-09,"prem sichanugrist",1,2,12
"1899","https://github.com/rails/rails.git","(?-mix:^actionpack\/lib\/action_controller\/.*)",2010-02-09,"josé valim",4,41,12
"1900","https://github.com/rails/rails.git","(?-mix:^railties\/lib\/rails\/.*)",2010-02-09,"josé valim",1,10,12
"1901","https://github.com/rails/rails.git","(?-mix:^railties\/lib\/rails_generator\/.*)",2010-02-09,"josé valim",1,10,12
"1902","https://github.com/rails/rails.git","(?-mix:^railties\/guides\/.*)",2010-02-09,"xavier noria",2,12,12
"1903","https://github.com/rails/rails.git","(?-mix:^activesupport\/lib\/active_support\/core_ext\/file\/.*)",2010-02-09,"jeremy kemper",1,3,12
"1904","https://github.com/rails/rails.git","(?-mix:^actionmailer\/.*)",2010-02-09,"josé valim",7,74,12
"1905","https://github.com/rails/rails.git","(?-mix:^activesupport\/lib\/active_support\/core_ext\/string\/.*)",2010-02-09,"santiago pastorino",1,1,12
"1906","https://github.com/rails/rails.git","(?-mix:^actionpack\/lib\/action_controller\/.*)",2010-02-09,"carlhuda",37,504,12
"1907","https://github.com/rails/rails.git","(?-mix:^actionpack\/lib\/action_controller\/.*)",2010-02-09,"snusnu",2,25,12
"1908","https://github.com/rails/rails.git","(?-mix:^activerecord\/lib\/.*)",2010-02-09,"josé valim",2,16,12
"1909","https://github.com/rails/rails.git","(?-mix:^actionpack\/lib\/action_controller\/assertions\/.*)",2010-02-09,"martin schürrer",1,22,12
"1910","https://github.com/rails/rails.git","(?-mix:^actionmailer\/.*)",2010-02-09,"mikel lindsaar",1,15,12
"1911","https://github.com/rails/rails.git","(?-mix:^actionpack\/lib\/action_view\/.*)",2010-02-09,"josé valim",24,372,12
"1912","https://github.com/rails/rails.git","(?-mix:^activerecord\/lib\/.*)",2010-02-09,"santiago pastorino",3,5,12
"1913","https://github.com/rails/rails.git","(?-mix:^activerecord\/lib\/.*)",2010-02-09,"carlhuda",1,1,12
"1914","https://github.com/rails/rails.git","(?-mix:^actionpack\/lib\/action_controller\/.*)",2010-02-09,"carl lerche",7,111,12
"1915","https://github.com/rails/rails.git","(?-mix:^activerecord\/lib\/.*)",2010-02-09,"jeremy kemper",3,10,12
"1916","https://github.com/rails/rails.git","(?-mix:^activesupport\/lib\/active_support\/core_ext\/class\/.*)",2010-02-09,"jeremy kemper",1,12,12
"1917","https://github.com/rails/rails.git","(?-mix:^activemodel\/lib\/active_model\/.*)",2010-02-09,"jeremy kemper",1,2,12
"1918","https://github.com/rails/rails.git","(?-mix:^railties\/lib\/rails\/.*)",2010-02-09,"jeremy kemper",3,30,12
"1919","https://github.com/rails/rails.git","(?-mix:^actionpack\/.*)",2010-02-09,"carlhuda",3,5,12
"1920","https://github.com/rails/rails.git","(?-mix:^actionpack\/lib\/action_view\/helpers\/.*)",2010-02-09,"carlhuda",9,96,12
"1921","https://github.com/rails/rails.git","(?-mix:^activerecord\/lib\/.*)",2010-02-09,"henry hsu",1,2,12
"1922","https://github.com/rails/rails.git","(?-mix:^railties\/lib\/rails_generator\/.*)",2010-02-09,"dr nic williams",1,4,12
"1923","https://github.com/rails/rails.git","(?-mix:^activerecord\/lib\/.*)",2010-02-09,"tobias bielohlawek",1,2,12
"1924","https://github.com/rails/rails.git","(?-mix:^railties\/lib\/.*)",2010-02-09,"josé valim",1,2,12
"1925","https://github.com/rails/rails.git","(?-mix:^railties\/lib\/.*)",2010-02-09,"yehuda katz",2,3,12
"1926","https://github.com/rails/rails.git","(?-mix:^actionpack\/lib\/action_controller\/.*)",2010-02-09,"joshua peek",4,95,12
"1927","https://github.com/rails/rails.git","(?-mix:^railties\/environments\/.*)",2010-02-09,"joshua peek",1,9,12
"1928","https://github.com/rails/rails.git","(?-mix:^actionpack\/lib\/action_view\/.*)",2010-02-09,"carlhuda",3,38,12
"1929","https://github.com/rails/rails.git","(?-mix:^actionmailer\/.*)",2010-02-09,"bryan helmkamp",1,5,12
"1930","https://github.com/rails/rails.git","(?-mix:^actionpack\/.*)",2010-02-09,"bryan helmkamp",1,7,12
"1931","https://github.com/rails/rails.git","(?-mix:^railties\/lib\/rails\/.*)",2010-02-09,"bryan helmkamp",1,5,12
"1932","https://github.com/rails/rails.git","(?-mix:^railties\/lib\/.*)",2010-02-09,"teng siong ong",1,4,12
"1933","https://github.com/rails/rails.git","(?-mix:^activesupport\/lib\/active_support\/.*)",2010-02-09,"windock",1,2,12
"1934","https://github.com/rails/rails.git","(?-mix:^actionpack\/.*)",2010-02-09,"carl lerche",1,1,12
"1935","https://github.com/rails/rails.git","(?-mix:^actionmailer\/.*)",2010-02-09,"pavel golubeff",1,2,12
"1936","https://github.com/rails/rails.git","(?-mix:^activesupport\/lib\/active_support\/.*)",2010-02-09,"carlhuda",1,6,12
"1937","https://github.com/rails/rails.git","(?-mix:^actionpack\/lib\/action_view\/.*)",2010-02-09,"carl lerche",1,2,12
"1938","https://github.com/rails/rails.git","(?-mix:^railties\/configs\/.*)",2010-02-09,"carlhuda",3,13,12
"1939","https://github.com/rails/rails.git","(?-mix:^activerecord\/lib\/.*)",2010-02-09,"aaron patterson",4,53,12
"1940","https://github.com/rails/rails.git","(?-mix:^actionmailer\/.*)",2010-02-09,"wycats",2,3,12
"1941","https://github.com/rails/rails.git","(?-mix:^actionpack\/lib\/action_controller\/.*)",2010-02-09,"wycats",5,49,12
"1942","https://github.com/rails/rails.git","(?-mix:^actionpack\/.*)",2010-02-09,"wycats",1,2,12
"1943","https://github.com/rails/rails.git","(?-mix:^actionpack\/lib\/action_view\/.*)",2010-02-09,"wycats",1,2,12
"1944","https://github.com/rails/rails.git","(?-mix:^actionpack\/lib\/action_view\/helpers\/.*)",2010-02-09,"wycats",5,51,12
"1945","https://github.com/rails/rails.git","(?-mix:^activerecord\/lib\/.*)",2010-02-09,"wycats",2,179,12
"1946","https://github.com/rails/rails.git","(?-mix:^activesupport\/.*)",2010-02-09,"wycats",1,3,12
"1947","https://github.com/rails/rails.git","(?-mix:^activesupport\/lib\/active_support\/.*)",2010-02-09,"wycats",1,7,12
"1948","https://github.com/rails/rails.git","(?-mix:^railties\/lib\/.*)",2010-02-09,"wycats",1,4,12
"1949","https://github.com/rails/rails.git","(?-mix:^actionpack\/.*)",2010-02-09,"josé valim",3,3,12
"1950","https://github.com/rails/rails.git","(?-mix:^activerecord\/lib\/.*)",2010-02-09,"carlos antonio da silva",1,6,12
"1951","https://github.com/rails/rails.git","(?-mix:^actionpack\/lib\/action_controller\/.*)",2010-02-09,"justin ko",1,1,12
"1952","https://github.com/rails/rails.git","(?-mix:^actionpack\/.*)",2010-02-09,"joshua peek",1,1,12
"1953","https://github.com/jenkinsci/jenkins.git","(?-mix:^core\/src\/main\/java\/hudson\/tasks\/junit\/.*)",2013-04-02,"christoph kutzinski",2,14,1
"1954","https://github.com/jenkinsci/jenkins.git","(?-mix:^core\/src\/main\/java\/hudson\/util\/jna\/.*)",2013-04-02,"kohsuke kawaguchi",1,4,1
"1955","https://github.com/jenkinsci/jenkins.git","(?-mix:^core\/src\/main\/java\/hudson\/util\/io\/.*)",2013-04-02,"kohsuke kawaguchi",1,2,1
"1956","https://github.com/jenkinsci/jenkins.git","(?-mix:^core\/src\/main\/java\/hudson\/tasks\/junit\/.*)",2013-04-02,"kohsuke kawaguchi",2,18,1
"1957","https://github.com/jenkinsci/jenkins.git","(?-mix:^maven-plugin\/src\/main\/java\/hudson\/maven\/.*)",2013-04-02,"kohsuke kawaguchi",2,15,1
"1958","https://github.com/jenkinsci/jenkins.git","(?-mix:^core\/src\/main\/java\/hudson\/node_monitors\/.*)",2013-04-02,"kohsuke kawaguchi",4,61,1
"1959","https://github.com/jenkinsci/jenkins.git","(?-mix:^maven-plugin\/src\/main\/java\/hudson\/maven\/reporters\/.*)",2013-04-02,"jesse glick",3,86,1
"1960","https://github.com/jenkinsci/jenkins.git","(?-mix:^core\/src\/main\/java\/hudson\/.*)",2013-04-02,"ssogabe",1,66,1
"1961","https://github.com/jenkinsci/jenkins.git","(?-mix:^core\/src\/main\/java\/hudson\/tasks\/junit\/.*)",2013-05-02,"donny nadolny",5,27,2
"1962","https://github.com/jenkinsci/jenkins.git","(?-mix:^core\/src\/main\/java\/jenkins\/model\/lazy\/.*)",2013-05-02,"kohsuke kawaguchi",1,2,2
"1963","https://github.com/jenkinsci/jenkins.git","(?-mix:^maven-plugin\/src\/main\/java\/hudson\/maven\/reporters\/.*)",2013-05-02,"ronald tschalär",1,33,2
"1964","https://github.com/jenkinsci/jenkins.git","(?-mix:^core\/src\/main\/java\/hudson\/security\/.*)",2013-06-03,"kohsuke kawaguchi",7,126,3
"1965","https://github.com/jenkinsci/jenkins.git","(?-mix:^maven-plugin\/src\/main\/java\/hudson\/maven\/reporters\/.*)",2013-06-03,"bernard leach",1,47,3
"1966","https://github.com/jenkinsci/jenkins.git","(?-mix:^maven-plugin\/src\/main\/java\/hudson\/maven\/reporters\/.*)",2013-06-03,"olivier lamy",1,47,3
"1967","https://github.com/jenkinsci/jenkins.git","(?-mix:^core\/src\/main\/java\/hudson\/model\/listeners\/.*)",2013-06-03,"kohsuke kawaguchi",1,2,3
"1968","https://github.com/jenkinsci/jenkins.git","(?-mix:^maven-plugin\/src\/main\/java\/hudson\/maven\/.*)",2013-06-03,"christoph kutzinski",1,17,3
"1969","https://github.com/jenkinsci/jenkins.git","(?-mix:^core\/src\/main\/java\/hudson\/tasks\/junit\/.*)",2013-06-03,"christoph kutzinski",3,29,3
"1970","https://github.com/jenkinsci/jenkins.git","(?-mix:^core\/src\/main\/java\/hudson\/model\/.*)",2013-06-03,"christoph kutzinski",2,19,3
"1971","https://github.com/jenkinsci/jenkins.git","(?-mix:^core\/src\/main\/java\/hudson\/.*)",2013-06-03,"tim lantz",1,10,3
"1972","https://github.com/jenkinsci/jenkins.git","(?-mix:^core\/src\/main\/java\/hudson\/node_monitors\/.*)",2013-06-03,"jesse glick",7,34,3
"1973","https://github.com/jenkinsci/jenkins.git","(?-mix:^core\/src\/main\/java\/hudson\/.*)",2013-06-03,"stephen connolly",1,16,3
"1974","https://github.com/jenkinsci/jenkins.git","(?-mix:^core\/src\/main\/java\/hudson\/slaves\/.*)",2013-06-03,"stephen connolly",1,14,3
"1975","https://github.com/jenkinsci/jenkins.git","(?-mix:^core\/src\/main\/java\/hudson\/slaves\/.*)",2013-06-03,"ryan campbell",1,25,3
"1976","https://github.com/jenkinsci/jenkins.git","(?-mix:^maven-plugin\/src\/main\/java\/hudson\/maven\/.*)",2013-06-03,"jesse glick",2,4,3
"1977","https://github.com/jenkinsci/jenkins.git","(?-mix:^maven-plugin\/src\/main\/java\/hudson\/maven\/reporters\/.*)",2013-06-03,"jesse glick",3,20,3
"1978","https://github.com/jenkinsci/jenkins.git","(?-mix:^core\/src\/main\/java\/hudson\/tasks\/.*)",2013-06-03,"kohsuke kawaguchi",1,6,3
"1979","https://github.com/jenkinsci/jenkins.git","(?-mix:^core\/src\/main\/java\/hudson\/node_monitors\/.*)",2013-06-03,"kohsuke kawaguchi",9,203,3
"1980","https://github.com/jenkinsci/jenkins.git","(?-mix:^core\/src\/main\/java\/hudson\/model\/.*)",2013-06-03,"nicolas de loof",3,27,3
"1981","https://github.com/jenkinsci/jenkins.git","(?-mix:^core\/src\/main\/java\/jenkins\/scm\/.*)",2013-06-03,"kohsuke kawaguchi",1,6,3
"1982","https://github.com/jenkinsci/jenkins.git","(?-mix:^core\/src\/main\/java\/hudson\/matrix\/.*)",2013-06-03,"kohsuke kawaguchi",1,7,3
"1983","https://github.com/jenkinsci/jenkins.git","(?-mix:^core\/src\/main\/java\/hudson\/matrix\/listeners\/.*)",2013-06-03,"kohsuke kawaguchi",1,2,3
"1984","https://github.com/jenkinsci/jenkins.git","(?-mix:^core\/src\/main\/java\/hudson\/node_monitors\/.*)",2013-06-03,"christoph kutzinski",1,27,3
"1985","https://github.com/jenkinsci/jenkins.git","(?-mix:^maven-plugin\/src\/main\/java\/hudson\/maven\/reporters\/.*)",2013-06-03,"kohsuke kawaguchi",2,4,3
"1986","https://github.com/jenkinsci/jenkins.git","(?-mix:^core\/src\/main\/java\/hudson\/model\/.*)",2013-06-03,"lvotypko",1,10,3
"1987","https://github.com/jenkinsci/jenkins.git","(?-mix:^core\/src\/main\/java\/hudson\/tasks\/junit\/.*)",2013-07-02,"kohsuke kawaguchi",6,105,4
"1988","https://github.com/jenkinsci/jenkins.git","(?-mix:^core\/src\/main\/java\/hudson\/util\/.*)",2013-07-02,"kohsuke kawaguchi",4,99,4
"1989","https://github.com/jenkinsci/jenkins.git","(?-mix:^core\/src\/main\/java\/hudson\/model\/.*)",2013-07-02,"kohsuke kawaguchi",14,90,4
"1990","https://github.com/jenkinsci/jenkins.git","(?-mix:^core\/src\/main\/java\/hudson\/tasks\/.*)",2013-07-02,"kohsuke kawaguchi",1,2,4
"1991","https://github.com/jenkinsci/jenkins.git","(?-mix:^core\/src\/main\/java\/jenkins\/model\/.*)",2013-07-02,"kohsuke kawaguchi",1,19,4
"1992","https://github.com/jenkinsci/jenkins.git","(?-mix:^maven-plugin\/src\/main\/java\/hudson\/maven\/.*)",2013-07-02,"kohsuke kawaguchi",3,18,4
"1993","https://github.com/jenkinsci/jenkins.git","(?-mix:^core\/src\/main\/java\/hudson\/matrix\/.*)",2013-07-02,"kohsuke kawaguchi",2,12,4
"1994","https://github.com/jenkinsci/jenkins.git","(?-mix:^core\/src\/main\/java\/hudson\/model\/.*)",2013-07-02,"stephen connolly",5,100,4
"1995","https://github.com/jenkinsci/jenkins.git","(?-mix:^maven-plugin\/src\/main\/java\/hudson\/maven\/.*)",2013-07-02,"christoph kutzinski",4,11,4
"1996","https://github.com/jenkinsci/jenkins.git","(?-mix:^core\/src\/main\/java\/hudson\/tasks\/.*)",2013-07-02,"glöckle bastian",1,5,4
"1997","https://github.com/jenkinsci/jenkins.git","(?-mix:^core\/src\/main\/java\/hudson\/.*)",2013-07-02,"vjuranek",1,5,4
"1998","https://github.com/jenkinsci/jenkins.git","(?-mix:^core\/src\/main\/java\/hudson\/model\/.*)",2013-07-02,"christoph kutzinski",6,86,4
"1999","https://github.com/jenkinsci/jenkins.git","(?-mix:^core\/src\/main\/java\/hudson\/.*)",2013-07-02,"nicolas de loof",1,4,4
"2000","https://github.com/jenkinsci/jenkins.git","(?-mix:^core\/src\/main\/java\/hudson\/matrix\/.*)",2013-07-02,"jesse glick",1,4,4
"2001","https://github.com/jenkinsci/jenkins.git","(?-mix:^core\/src\/main\/java\/hudson\/model\/.*)",2013-07-02,"jesse glick",13,42,4
"2002","https://github.com/jenkinsci/jenkins.git","(?-mix:^core\/src\/main\/java\/jenkins\/model\/lazy\/.*)",2013-07-02,"jesse glick",1,3,4
"2003","https://github.com/jenkinsci/jenkins.git","(?-mix:^core\/src\/main\/java\/hudson\/model\/.*)",2013-07-02,"richard mortimer",1,8,4
"2004","https://github.com/jenkinsci/jenkins.git","(?-mix:^core\/src\/main\/java\/hudson\/node_monitors\/.*)",2013-07-02,"richard mortimer",1,6,4
"2005","https://github.com/jenkinsci/jenkins.git","(?-mix:^maven-plugin\/src\/main\/java\/hudson\/maven\/reporters\/.*)",2013-07-02,"jesse glick",7,139,4
"2006","https://github.com/jenkinsci/jenkins.git","(?-mix:^core\/src\/main\/java\/hudson\/search\/.*)",2013-07-02,"vincent latombe",2,31,4
"2007","https://github.com/jenkinsci/jenkins.git","(?-mix:^core\/src\/main\/java\/jenkins\/model\/.*)",2013-07-02,"vincent latombe",1,4,4
"2008","https://github.com/jenkinsci/jenkins.git","(?-mix:^core\/src\/main\/java\/hudson\/.*)",2013-07-02,"christoph kutzinski",3,14,4
"2009","https://github.com/jenkinsci/jenkins.git","(?-mix:^core\/src\/main\/java\/hudson\/model\/.*)",2013-07-02,"vincent latombe",2,57,4
"2010","https://github.com/jenkinsci/jenkins.git","(?-mix:^core\/src\/main\/java\/hudson\/security\/.*)",2013-07-02,"luke petre",1,12,4
"2011","https://github.com/jenkinsci/jenkins.git","(?-mix:^maven-plugin\/src\/main\/java\/hudson\/maven\/.*)",2013-07-02,"nikolas falco",2,26,4
"2012","https://github.com/jenkinsci/jenkins.git","(?-mix:^maven-plugin\/src\/main\/java\/hudson\/maven\/util\/.*)",2013-07-02,"nikolas falco",2,106,4
"2013","https://github.com/jenkinsci/jenkins.git","(?-mix:^maven-plugin\/src\/main\/java\/hudson\/maven\/.*)",2013-07-02,"jesse glick",17,177,4
"2014","https://github.com/jenkinsci/jenkins.git","(?-mix:^core\/src\/main\/java\/hudson\/console\/.*)",2013-07-02,"kohsuke kawaguchi",1,4,4
"2015","https://github.com/jenkinsci/jenkins.git","(?-mix:^core\/src\/main\/java\/hudson\/model\/.*)",2013-07-02,"jyrki puttonen",1,8,4
"2016","https://github.com/jenkinsci/jenkins.git","(?-mix:^core\/src\/main\/java\/hudson\/.*)",2013-07-02,"kohsuke kawaguchi",2,32,4
"2017","https://github.com/jenkinsci/jenkins.git","(?-mix:^core\/src\/main\/java\/hudson\/security\/.*)",2013-07-02,"kohsuke kawaguchi",1,10,4
"2018","https://github.com/jenkinsci/jenkins.git","(?-mix:^core\/src\/main\/java\/hudson\/model\/.*)",2013-07-02,"oliver gondža",1,6,4
"2019","https://github.com/jenkinsci/jenkins.git","(?-mix:^maven-plugin\/src\/main\/java\/hudson\/maven\/.*)",2013-07-02,"olivier lamy",22,487,4
"2020","https://github.com/jenkinsci/jenkins.git","(?-mix:^maven-plugin\/src\/main\/java\/hudson\/maven\/util\/.*)",2013-07-02,"olivier lamy",1,2,4
"2021","https://github.com/jenkinsci/jenkins.git","(?-mix:^core\/src\/main\/java\/hudson\/matrix\/.*)",2013-07-02,"mark waite",4,8,4
"2022","https://github.com/jenkinsci/jenkins.git","(?-mix:^core\/src\/main\/java\/hudson\/model\/.*)",2013-07-02,"mark waite",25,76,4
"2023","https://github.com/jenkinsci/jenkins.git","(?-mix:^core\/src\/main\/java\/hudson\/node_monitors\/.*)",2013-07-02,"mark waite",1,2,4
"2024","https://github.com/jenkinsci/jenkins.git","(?-mix:^core\/src\/main\/java\/hudson\/search\/.*)",2013-07-02,"mark waite",1,2,4
"2025","https://github.com/jenkinsci/jenkins.git","(?-mix:^core\/src\/main\/java\/hudson\/util\/.*)",2013-07-02,"mark waite",4,12,4
"2026","https://github.com/jenkinsci/jenkins.git","(?-mix:^core\/src\/main\/java\/jenkins\/util\/xstream\/.*)",2013-07-02,"mark waite",1,2,4
"2027","https://github.com/jenkinsci/jenkins.git","(?-mix:^core\/src\/main\/java\/hudson\/security\/.*)",2013-07-02,"mark waite",2,4,4
"2028","https://github.com/jenkinsci/jenkins.git","(?-mix:^core\/src\/main\/java\/hudson\/security\/csrf\/.*)",2013-07-02,"mark waite",3,11,4
"2029","https://github.com/jenkinsci/jenkins.git","(?-mix:^core\/src\/main\/java\/hudson\/util\/jna\/.*)",2013-07-02,"mark waite",1,2,4
"2030","https://github.com/jenkinsci/jenkins.git","(?-mix:^core\/src\/main\/java\/hudson\/.*)",2013-07-02,"mark waite",3,8,4
"2031","https://github.com/jenkinsci/jenkins.git","(?-mix:^core\/src\/main\/java\/jenkins\/mvn\/.*)",2013-07-02,"mark waite",1,2,4
"2032","https://github.com/jenkinsci/jenkins.git","(?-mix:^core\/src\/main\/java\/jenkins\/slaves\/.*)",2013-07-02,"mark waite",1,2,4
"2033","https://github.com/jenkinsci/jenkins.git","(?-mix:^core\/src\/main\/java\/hudson\/tasks\/junit\/.*)",2013-07-02,"mark waite",1,2,4
"2034","https://github.com/jenkinsci/jenkins.git","(?-mix:^core\/src\/main\/java\/jenkins\/model\/.*)",2013-07-02,"mark waite",3,7,4
"2035","https://github.com/jenkinsci/jenkins.git","(?-mix:^core\/src\/main\/java\/hudson\/tasks\/.*)",2013-07-02,"mark waite",3,5,4
"2036","https://github.com/jenkinsci/jenkins.git","(?-mix:^core\/src\/main\/java\/hudson\/cli\/handlers\/.*)",2013-07-02,"mark waite",1,2,4
"2037","https://github.com/jenkinsci/jenkins.git","(?-mix:^core\/src\/main\/java\/hudson\/fsp\/.*)",2013-07-02,"mark waite",1,2,4
"2038","https://github.com/jenkinsci/jenkins.git","(?-mix:^core\/src\/main\/java\/hudson\/init\/.*)",2013-07-02,"mark waite",2,5,4
"2039","https://github.com/jenkinsci/jenkins.git","(?-mix:^core\/src\/main\/java\/hudson\/model\/listeners\/.*)",2013-07-02,"mark waite",1,2,4
"2040","https://github.com/jenkinsci/jenkins.git","(?-mix:^core\/src\/main\/java\/hudson\/model\/queue\/.*)",2013-07-02,"mark waite",7,20,4
"2041","https://github.com/jenkinsci/jenkins.git","(?-mix:^core\/src\/main\/java\/hudson\/scm\/.*)",2013-07-02,"mark waite",1,2,4
"2042","https://github.com/jenkinsci/jenkins.git","(?-mix:^core\/src\/main\/java\/jenkins\/model\/lazy\/.*)",2013-07-02,"mark waite",1,2,4
"2043","https://github.com/jenkinsci/jenkins.git","(?-mix:^core\/src\/main\/java\/hudson\/tools\/.*)",2013-07-02,"mark waite",2,4,4
"2044","https://github.com/jenkinsci/jenkins.git","(?-mix:^core\/src\/main\/java\/hudson\/slaves\/.*)",2013-07-02,"mark waite",3,10,4
"2045","https://github.com/jenkinsci/jenkins.git","(?-mix:^core\/src\/main\/java\/hudson\/.*)",2013-07-02,"jesse glick",6,101,4
"2046","https://github.com/jenkinsci/jenkins.git","(?-mix:^core\/src\/main\/java\/hudson\/triggers\/.*)",2013-07-02,"mark waite",1,2,4
"2047","https://github.com/jenkinsci/jenkins.git","(?-mix:^core\/src\/main\/java\/hudson\/slaves\/.*)",2013-07-02,"jesse glick",1,3,4
"2048","https://github.com/jenkinsci/jenkins.git","(?-mix:^core\/src\/main\/java\/jenkins\/model\/.*)",2013-07-02,"jesse glick",2,18,4
"2049","https://github.com/jenkinsci/jenkins.git","(?-mix:^core\/src\/main\/java\/hudson\/tasks\/.*)",2013-07-02,"jesse glick",2,31,4
"2050","https://github.com/jenkinsci/jenkins.git","(?-mix:^core\/src\/main\/java\/hudson\/tools\/.*)",2013-07-02,"jesse glick",1,5,4
"2051","https://github.com/jenkinsci/jenkins.git","(?-mix:^core\/src\/main\/java\/hudson\/model\/.*)",2013-07-02,"mcdonan",1,20,4
"2052","https://github.com/jenkinsci/jenkins.git","(?-mix:^core\/src\/main\/java\/hudson\/logging\/.*)",2013-07-02,"jesse glick",2,6,4
"2053","https://github.com/jenkinsci/jenkins.git","(?-mix:^core\/src\/main\/java\/hudson\/.*)",2013-07-02,"larry north",1,4,4
"2054","https://github.com/jenkinsci/jenkins.git","(?-mix:^core\/src\/main\/java\/hudson\/.*)",2013-07-02,"ssogabe",2,5,4
"2055","https://github.com/jenkinsci/jenkins.git","(?-mix:^core\/src\/main\/java\/hudson\/util\/.*)",2013-07-02,"jesse glick",2,17,4
"2056","https://github.com/jenkinsci/jenkins.git","(?-mix:^core\/src\/main\/java\/jenkins\/util\/.*)",2013-07-02,"jesse glick",1,2,4
"2057","https://github.com/jenkinsci/jenkins.git","(?-mix:^core\/src\/main\/java\/jenkins\/model\/lazy\/.*)",2013-07-02,"kohsuke kawaguchi",1,1,4
"2058","https://github.com/jenkinsci/jenkins.git","(?-mix:^core\/src\/main\/java\/jenkins\/security\/.*)",2013-07-02,"kohsuke kawaguchi",1,76,4
"2059","https://github.com/jenkinsci/jenkins.git","(?-mix:^core\/src\/main\/java\/hudson\/.*)",2013-07-31,"jesse glick",8,149,5
"2060","https://github.com/jenkinsci/jenkins.git","(?-mix:^core\/src\/main\/java\/jenkins\/model\/.*)",2013-07-31,"jesse glick",3,6,5
"2061","https://github.com/jenkinsci/jenkins.git","(?-mix:^core\/src\/main\/java\/hudson\/model\/.*)",2013-07-31,"kohsuke kawaguchi",6,121,5
"2062","https://github.com/jenkinsci/jenkins.git","(?-mix:^core\/src\/main\/java\/jenkins\/model\/.*)",2013-07-31,"kohsuke kawaguchi",1,23,5
"2063","https://github.com/jenkinsci/jenkins.git","(?-mix:^core\/src\/main\/java\/hudson\/search\/.*)",2013-07-31,"jesse glick",3,21,5
"2064","https://github.com/jenkinsci/jenkins.git","(?-mix:^core\/src\/main\/java\/hudson\/tasks\/.*)",2013-07-31,"oliver gondža",1,6,5
"2065","https://github.com/jenkinsci/jenkins.git","(?-mix:^core\/src\/main\/java\/hudson\/util\/.*)",2013-07-31,"oliver gondža",1,43,5
"2066","https://github.com/jenkinsci/jenkins.git","(?-mix:^core\/src\/main\/java\/hudson\/tasks\/.*)",2013-07-31,"jesse glick",7,115,5
"2067","https://github.com/jenkinsci/jenkins.git","(?-mix:^core\/src\/main\/java\/hudson\/.*)",2013-07-31,"kohsuke kawaguchi",3,62,5
"2068","https://github.com/jenkinsci/jenkins.git","(?-mix:^core\/src\/main\/java\/hudson\/search\/.*)",2013-07-31,"vincent latombe",2,70,5
"2069","https://github.com/jenkinsci/jenkins.git","(?-mix:^core\/src\/main\/java\/hudson\/model\/.*)",2013-07-31,"christoph kutzinski",1,17,5
"2070","https://github.com/jenkinsci/jenkins.git","(?-mix:^core\/src\/main\/java\/hudson\/tasks\/.*)",2013-07-31,"lvotypko",1,2,5
"2071","https://github.com/jenkinsci/jenkins.git","(?-mix:^core\/src\/main\/java\/hudson\/model\/.*)",2013-07-31,"jesse glick",17,501,5
"2072","https://github.com/jenkinsci/jenkins.git","(?-mix:^core\/src\/main\/java\/hudson\/tasks\/junit\/.*)",2013-07-31,"jesse glick",2,3,5
"2073","https://github.com/jenkinsci/jenkins.git","(?-mix:^core\/src\/main\/java\/hudson\/util\/.*)",2013-07-31,"matthias vach",1,5,5
"2074","https://github.com/jenkinsci/jenkins.git","(?-mix:^core\/src\/main\/java\/hudson\/util\/.*)",2013-07-31,"kohsuke kawaguchi",1,120,5
"2075","https://github.com/jenkinsci/jenkins.git","(?-mix:^cli\/src\/main\/java\/hudson\/cli\/.*)",2013-07-31,"jesse glick",1,22,5
"2076","https://github.com/jenkinsci/jenkins.git","(?-mix:^core\/src\/main\/java\/hudson\/util\/.*)",2013-07-31,"oleg nenashev",1,3,5
"2077","https://github.com/jenkinsci/jenkins.git","(?-mix:^core\/src\/main\/java\/hudson\/model\/.*)",2013-07-31,"vincent latombe",1,7,5
"2078","https://github.com/jenkinsci/jenkins.git","(?-mix:^core\/src\/main\/java\/jenkins\/model\/lazy\/.*)",2013-07-31,"jesse glick",1,2,5
"2079","https://github.com/jenkinsci/jenkins.git","(?-mix:^core\/src\/main\/java\/hudson\/util\/.*)",2013-07-31,"jesse glick",6,76,5
"2080","https://github.com/jenkinsci/jenkins.git","(?-mix:^maven-plugin\/src\/main\/java\/hudson\/maven\/.*)",2013-07-31,"jesse glick",16,379,5
"2081","https://github.com/jenkinsci/jenkins.git","(?-mix:^maven-plugin\/src\/main\/java\/hudson\/maven\/reporters\/.*)",2013-07-31,"jesse glick",9,42,5
"2082","https://github.com/jenkinsci/jenkins.git","(?-mix:^core\/src\/main\/java\/hudson\/model\/.*)",2013-07-31,"oliver gondža",1,7,5
"2083","https://github.com/jenkinsci/jenkins.git","(?-mix:^core\/src\/main\/java\/hudson\/security\/.*)",2013-07-31,"kanstantsin shautsou",1,2,5
"2084","https://github.com/jenkinsci/jenkins.git","(?-mix:^core\/src\/main\/java\/hudson\/matrix\/.*)",2013-07-31,"jesse glick",2,10,5
"2085","https://github.com/jenkinsci/jenkins.git","(?-mix:^core\/src\/main\/java\/hudson\/cli\/.*)",2013-07-31,"jesse glick",1,16,5
"2086","https://github.com/jenkinsci/jenkins.git","(?-mix:^maven-plugin\/src\/main\/java\/hudson\/maven\/.*)",2013-07-31,"olivier lamy",2,61,5
"2087","https://github.com/jenkinsci/jenkins.git","(?-mix:^core\/src\/main\/java\/hudson\/model\/.*)",2013-07-31,"kanstantsin shautsou",1,12,5
"2088","https://github.com/jenkinsci/jenkins.git","(?-mix:^core\/src\/main\/java\/jenkins\/model\/.*)",2013-07-31,"nicolas de loof",2,26,5
"2089","https://github.com/jenkinsci/jenkins.git","(?-mix:^core\/src\/main\/java\/hudson\/.*)",2013-07-31,"evernat",4,65,5
"2090","https://github.com/jenkinsci/jenkins.git","(?-mix:^core\/src\/main\/java\/hudson\/model\/.*)",2013-07-31,"evernat",1,4,5
"2091","https://github.com/jenkinsci/jenkins.git","(?-mix:^core\/src\/main\/java\/hudson\/cli\/.*)",2013-07-31,"larry north",4,21,5
"2092","https://github.com/jenkinsci/jenkins.git","(?-mix:^core\/src\/main\/java\/hudson\/model\/.*)",2013-07-31,"larry north",1,2,5
"2093","https://github.com/jenkinsci/jenkins.git","(?-mix:^core\/src\/main\/java\/hudson\/model\/.*)",2013-07-31,"nicolas de loof",1,2,5
"2094","https://github.com/jenkinsci/jenkins.git","(?-mix:^core\/src\/main\/java\/hudson\/tools\/.*)",2013-07-31,"jesse glick",1,2,5
"2095","https://github.com/jenkinsci/jenkins.git","(?-mix:^core\/src\/main\/java\/jenkins\/model\/lazy\/.*)",2013-07-31,"olivier dagenais",2,13,5
"2096","https://github.com/jenkinsci/jenkins.git","(?-mix:^core\/src\/main\/java\/hudson\/security\/csrf\/.*)",2013-08-30,"jesse glick",2,6,6
"2097","https://github.com/jenkinsci/jenkins.git","(?-mix:^core\/src\/main\/java\/hudson\/model\/.*)",2013-08-30,"daniel olausson",2,4,6
"2098","https://github.com/jenkinsci/jenkins.git","(?-mix:^core\/src\/main\/java\/hudson\/model\/.*)",2013-08-30,"rednuht",2,6,6
"2099","https://github.com/jenkinsci/jenkins.git","(?-mix:^core\/src\/main\/java\/hudson\/util\/.*)",2013-08-30,"nicolas de loof",1,25,6
"2100","https://github.com/jenkinsci/jenkins.git","(?-mix:^core\/src\/main\/java\/hudson\/model\/.*)",2013-08-30,"kohsuke kawaguchi",19,419,6
"2101","https://github.com/jenkinsci/jenkins.git","(?-mix:^core\/src\/main\/java\/hudson\/slaves\/.*)",2013-08-30,"kohsuke kawaguchi",1,2,6
"2102","https://github.com/jenkinsci/jenkins.git","(?-mix:^core\/src\/main\/java\/hudson\/model\/.*)",2013-08-30,"jesse glick",11,88,6
"2103","https://github.com/jenkinsci/jenkins.git","(?-mix:^core\/src\/main\/java\/hudson\/model\/.*)",2013-08-30,"vincent latombe",1,2,6
"2104","https://github.com/jenkinsci/jenkins.git","(?-mix:^core\/src\/main\/java\/hudson\/.*)",2013-08-30,"vjuranek",1,3,6
"2105","https://github.com/jenkinsci/jenkins.git","(?-mix:^core\/src\/main\/java\/jenkins\/model\/.*)",2013-08-30,"kohsuke kawaguchi",3,26,6
"2106","https://github.com/jenkinsci/jenkins.git","(?-mix:^maven-plugin\/src\/main\/java\/hudson\/maven\/.*)",2013-08-30,"jesse glick",2,14,6
"2107","https://github.com/jenkinsci/jenkins.git","(?-mix:^core\/src\/main\/java\/hudson\/tasks\/.*)",2013-08-30,"jesse glick",1,3,6
"2108","https://github.com/jenkinsci/jenkins.git","(?-mix:^core\/src\/main\/java\/hudson\/.*)",2013-08-30,"jesse glick",1,7,6
"2109","https://github.com/jenkinsci/jenkins.git","(?-mix:^core\/src\/main\/java\/hudson\/model\/.*)",2013-08-30,"ctapobep",2,26,6
"2110","https://github.com/jenkinsci/jenkins.git","(?-mix:^core\/src\/main\/java\/hudson\/model\/.*)",2013-08-30,"oliver gondža",3,16,6
"2111","https://github.com/jenkinsci/jenkins.git","(?-mix:^core\/src\/main\/java\/hudson\/util\/.*)",2013-08-30,"mark waite",1,2,6
"2112","https://github.com/jenkinsci/jenkins.git","(?-mix:^core\/src\/main\/java\/hudson\/.*)",2013-08-30,"kohsuke kawaguchi",4,19,6
"2113","https://github.com/jenkinsci/jenkins.git","(?-mix:^maven-plugin\/src\/main\/java\/hudson\/maven\/.*)",2013-08-30,"kohsuke kawaguchi",4,8,6
"2114","https://github.com/jenkinsci/jenkins.git","(?-mix:^core\/src\/main\/java\/hudson\/util\/.*)",2013-08-30,"kohsuke kawaguchi",2,4,6
"2115","https://github.com/jenkinsci/jenkins.git","(?-mix:^core\/src\/main\/java\/hudson\/init\/.*)",2013-08-30,"kohsuke kawaguchi",1,172,6
"2116","https://github.com/jenkinsci/jenkins.git","(?-mix:^core\/src\/main\/java\/hudson\/node_monitors\/.*)",2013-08-30,"kohsuke kawaguchi",1,6,6
"2117","https://github.com/jenkinsci/jenkins.git","(?-mix:^core\/src\/main\/java\/hudson\/cli\/.*)",2013-08-30,"kohsuke kawaguchi",1,9,6
"2118","https://github.com/jenkinsci/jenkins.git","(?-mix:^core\/src\/main\/java\/jenkins\/model\/.*)",2013-08-30,"jesse glick",3,20,6
"2119","https://github.com/jenkinsci/jenkins.git","(?-mix:^core\/src\/main\/java\/jenkins\/model\/.*)",2013-08-30,"vincent latombe",1,11,6
"2120","https://github.com/jenkinsci/jenkins.git","(?-mix:^core\/src\/main\/java\/hudson\/tools\/.*)",2013-08-30,"gili tzabari",2,33,6
"2121","https://github.com/jenkinsci/jenkins.git","(?-mix:^core\/src\/main\/java\/hudson\/matrix\/.*)",2013-08-30,"kohsuke kawaguchi",1,11,6
"2122","https://github.com/jenkinsci/jenkins.git","(?-mix:^core\/src\/main\/java\/hudson\/tasks\/.*)",2013-08-30,"kohsuke kawaguchi",1,19,6
"2123","https://github.com/jenkinsci/jenkins.git","(?-mix:^core\/src\/main\/java\/jenkins\/scm\/.*)",2013-08-30,"jesse glick",1,5,6
"2124","https://github.com/jenkinsci/jenkins.git","(?-mix:^core\/src\/main\/java\/hudson\/model\/.*)",2013-08-30,"stephen connolly",3,70,6
"2125","https://github.com/jenkinsci/jenkins.git","(?-mix:^core\/src\/main\/java\/jenkins\/model\/.*)",2013-08-30,"stephen connolly",2,24,6
"2126","https://github.com/jenkinsci/jenkins.git","(?-mix:^cli\/src\/main\/java\/hudson\/cli\/.*)",2013-08-30,"stephen connolly",1,4,6
"2127","https://github.com/jenkinsci/jenkins.git","(?-mix:^core\/src\/main\/java\/hudson\/model\/.*)",2013-08-30,"christian wolfgang",1,4,6
"2128","https://github.com/jenkinsci/jenkins.git","(?-mix:^core\/src\/main\/java\/hudson\/scm\/.*)",2013-08-30,"christian wolfgang",1,7,6
"2129","https://github.com/jenkinsci/jenkins.git","(?-mix:^core\/src\/main\/java\/hudson\/cli\/.*)",2013-08-30,"stephen connolly",1,24,6
"2130","https://github.com/jenkinsci/jenkins.git","(?-mix:^core\/src\/main\/java\/hudson\/model\/.*)",2013-08-30,"mathieu-pousse",1,2,6
"2131","https://github.com/jenkinsci/jenkins.git","(?-mix:^core\/src\/main\/java\/hudson\/security\/.*)",2013-08-30,"stephen connolly",1,5,6
"2132","https://github.com/jenkinsci/jenkins.git","(?-mix:^maven-plugin\/src\/main\/java\/hudson\/maven\/.*)",2013-08-30,"oliver gondža",1,24,6
"2133","https://github.com/jenkinsci/jenkins.git","(?-mix:^maven-plugin\/src\/main\/java\/hudson\/maven\/.*)",2013-09-29,"jesse glick",4,131,7
"2134","https://github.com/jenkinsci/jenkins.git","(?-mix:^core\/src\/main\/java\/hudson\/.*)",2013-09-29,"nicolas de loof",1,3,7
"2135","https://github.com/jenkinsci/jenkins.git","(?-mix:^core\/src\/main\/java\/hudson\/model\/.*)",2013-09-29,"oliver gondža",2,32,7
"2136","https://github.com/jenkinsci/jenkins.git","(?-mix:^core\/src\/main\/java\/hudson\/model\/.*)",2013-09-29,"jesse glick",19,229,7
"2137","https://github.com/jenkinsci/jenkins.git","(?-mix:^core\/src\/main\/java\/jenkins\/model\/.*)",2013-09-29,"ian hopkins",1,7,7
"2138","https://github.com/jenkinsci/jenkins.git","(?-mix:^core\/src\/main\/java\/hudson\/security\/.*)",2013-09-29,"jesse glick",5,775,7
"2139","https://github.com/jenkinsci/jenkins.git","(?-mix:^core\/src\/main\/java\/hudson\/model\/.*)",2013-09-29,"vjuranek",1,1,7
"2140","https://github.com/jenkinsci/jenkins.git","(?-mix:^maven-plugin\/src\/main\/java\/hudson\/maven\/.*)",2013-09-29,"kohsuke kawaguchi",45,12044,7
"2141","https://github.com/jenkinsci/jenkins.git","(?-mix:^maven-plugin\/src\/main\/java\/hudson\/maven\/local_repo\/.*)",2013-09-29,"kohsuke kawaguchi",5,140,7
"2142","https://github.com/jenkinsci/jenkins.git","(?-mix:^maven-plugin\/src\/main\/java\/hudson\/maven\/reporters\/.*)",2013-09-29,"kohsuke kawaguchi",21,2994,7
"2143","https://github.com/jenkinsci/jenkins.git","(?-mix:^maven-plugin\/src\/main\/java\/hudson\/maven\/util\/.*)",2013-09-29,"kohsuke kawaguchi",1,447,7
"2144","https://github.com/jenkinsci/jenkins.git","(?-mix:^core\/src\/main\/java\/hudson\/.*)",2013-09-29,"jesse glick",11,59,7
"2145","https://github.com/jenkinsci/jenkins.git","(?-mix:^core\/src\/main\/java\/hudson\/.*)",2013-09-29,"andrew kiellor",2,26,7
"2146","https://github.com/jenkinsci/jenkins.git","(?-mix:^core\/src\/main\/java\/hudson\/model\/.*)",2013-09-29,"kohsuke kawaguchi",11,281,7
"2147","https://github.com/jenkinsci/jenkins.git","(?-mix:^core\/src\/main\/java\/jenkins\/model\/lazy\/.*)",2013-09-29,"jesse glick",1,6,7
"2148","https://github.com/jenkinsci/jenkins.git","(?-mix:^core\/src\/main\/java\/hudson\/model\/.*)",2013-09-29,"andrew kiellor",2,28,7
"2149","https://github.com/jenkinsci/jenkins.git","(?-mix:^core\/src\/main\/java\/jenkins\/model\/.*)",2013-09-29,"andrew kiellor",3,24,7
"2150","https://github.com/jenkinsci/jenkins.git","(?-mix:^core\/src\/main\/java\/hudson\/util\/.*)",2013-09-29,"jesse glick",1,10,7
"2151","https://github.com/jenkinsci/jenkins.git","(?-mix:^core\/src\/main\/java\/hudson\/matrix\/.*)",2013-09-29,"kohsuke kawaguchi",2,85,7
"2152","https://github.com/jenkinsci/jenkins.git","(?-mix:^core\/src\/main\/java\/hudson\/.*)",2013-09-29,"vjuranek",1,5,7
"2153","https://github.com/jenkinsci/jenkins.git","(?-mix:^core\/src\/main\/java\/hudson\/cli\/.*)",2013-09-29,"oliver gondža",11,122,7
"2154","https://github.com/jenkinsci/jenkins.git","(?-mix:^core\/src\/main\/java\/jenkins\/model\/.*)",2013-09-29,"oliver gondža",1,38,7
"2155","https://github.com/jenkinsci/jenkins.git","(?-mix:^core\/src\/main\/java\/hudson\/cli\/declarative\/.*)",2013-09-29,"oliver gondža",1,43,7
"2156","https://github.com/jenkinsci/jenkins.git","(?-mix:^maven-plugin\/src\/main\/java\/hudson\/maven\/reporters\/.*)",2013-09-29,"oliver gondža",2,143,7
"2157","https://github.com/jenkinsci/jenkins.git","(?-mix:^maven-plugin\/src\/main\/java\/hudson\/maven\/.*)",2013-09-29,"oliver gondža",2,110,7
"2158","https://github.com/jenkinsci/jenkins.git","(?-mix:^core\/src\/main\/java\/hudson\/model\/.*)",2013-09-29,"sghill",1,34,7
"2159","https://github.com/jenkinsci/jenkins.git","(?-mix:^core\/src\/main\/java\/jenkins\/model\/.*)",2013-09-29,"kohsuke kawaguchi",3,23,7
"2160","https://github.com/jenkinsci/jenkins.git","(?-mix:^core\/src\/main\/java\/jenkins\/model\/.*)",2013-09-29,"jesse glick",2,28,7
"2161","https://github.com/jenkinsci/jenkins.git","(?-mix:^core\/src\/main\/java\/hudson\/model\/.*)",2013-09-29,"nicolas de loof",1,14,7
"2162","https://github.com/jenkinsci/jenkins.git","(?-mix:^core\/src\/main\/java\/hudson\/cli\/.*)",2013-09-29,"marco miller",3,12,7
"2163","https://github.com/jenkinsci/jenkins.git","(?-mix:^core\/src\/main\/java\/hudson\/cli\/.*)",2013-09-29,"jesse glick",2,8,7
"2164","https://github.com/jenkinsci/jenkins.git","(?-mix:^core\/src\/main\/java\/hudson\/cli\/handlers\/.*)",2013-09-29,"jesse glick",2,55,7
"2165","https://github.com/jenkinsci/jenkins.git","(?-mix:^core\/src\/main\/java\/hudson\/.*)",2013-09-29,"kohsuke kawaguchi",1,5,7
"2166","https://github.com/jenkinsci/jenkins.git","(?-mix:^core\/src\/main\/java\/hudson\/.*)",2013-09-29,"ikedam",2,229,7
"2167","https://github.com/jenkinsci/jenkins.git","(?-mix:^core\/src\/main\/java\/hudson\/util\/.*)",2013-09-29,"kohsuke kawaguchi",2,4,7
"2168","https://github.com/jenkinsci/jenkins.git","(?-mix:^core\/src\/main\/java\/hudson\/model\/.*)",2013-09-29,"marcus jacobsson",1,12,7
"2169","https://github.com/jenkinsci/jenkins.git","(?-mix:^core\/src\/main\/java\/hudson\/cli\/.*)",2013-09-29,"kohsuke kawaguchi",1,3,7
"2170","https://github.com/jenkinsci/jenkins.git","(?-mix:^core\/src\/main\/java\/hudson\/model\/.*)",2013-09-29,"ryan campbell",4,56,7
"2171","https://github.com/jenkinsci/jenkins.git","(?-mix:^core\/src\/main\/java\/hudson\/node_monitors\/.*)",2013-09-29,"ryan campbell",1,12,7
"2172","https://github.com/jenkinsci/jenkins.git","(?-mix:^core\/src\/main\/java\/hudson\/triggers\/.*)",2013-09-29,"ryan campbell",1,36,7
"2173","https://github.com/jenkinsci/jenkins.git","(?-mix:^core\/src\/main\/java\/hudson\/util\/.*)",2013-09-29,"ryan campbell",1,20,7
"2174","https://github.com/jenkinsci/jenkins.git","(?-mix:^core\/src\/main\/java\/jenkins\/model\/.*)",2013-09-29,"ryan campbell",2,29,7
"2175","https://github.com/jenkinsci/jenkins.git","(?-mix:^core\/src\/main\/java\/hudson\/.*)",2013-09-29,"ssogabe",1,55,7
"2176","https://github.com/jenkinsci/jenkins.git","(?-mix:^core\/src\/main\/java\/hudson\/model\/.*)",2013-10-29,"jesse glick",27,153,8
"2177","https://github.com/jenkinsci/jenkins.git","(?-mix:^core\/src\/main\/java\/hudson\/.*)",2013-10-29,"hans-joachim kliemeck",1,39,8
"2178","https://github.com/jenkinsci/jenkins.git","(?-mix:^core\/src\/main\/java\/hudson\/.*)",2013-10-29,"jesse glick",18,168,8
"2179","https://github.com/jenkinsci/jenkins.git","(?-mix:^core\/src\/main\/java\/hudson\/util\/ssh\/.*)",2013-10-29,"jesse glick",2,5,8
"2180","https://github.com/jenkinsci/jenkins.git","(?-mix:^core\/src\/main\/java\/hudson\/.*)",2013-10-29,"ssogabe",1,35,8
"2181","https://github.com/jenkinsci/jenkins.git","(?-mix:^core\/src\/main\/java\/hudson\/model\/.*)",2013-10-29,"lvotypko",1,6,8
"2182","https://github.com/jenkinsci/jenkins.git","(?-mix:^core\/src\/main\/java\/hudson\/.*)",2013-10-29,"ikedam",2,260,8
"2183","https://github.com/jenkinsci/jenkins.git","(?-mix:^core\/src\/main\/java\/hudson\/diagnosis\/.*)",2013-10-29,"jesse glick",2,18,8
"2184","https://github.com/jenkinsci/jenkins.git","(?-mix:^core\/src\/main\/java\/hudson\/security\/.*)",2013-10-29,"daniel beck",1,11,8
"2185","https://github.com/jenkinsci/jenkins.git","(?-mix:^core\/src\/main\/java\/hudson\/tasks\/junit\/.*)",2013-10-29,"james nord",2,2,8
"2186","https://github.com/jenkinsci/jenkins.git","(?-mix:^core\/src\/main\/java\/hudson\/cli\/.*)",2013-10-29,"jesse glick",4,12,8
"2187","https://github.com/jenkinsci/jenkins.git","(?-mix:^core\/src\/main\/java\/hudson\/triggers\/.*)",2013-10-29,"jesse glick",2,25,8
"2188","https://github.com/jenkinsci/jenkins.git","(?-mix:^core\/src\/main\/java\/hudson\/scm\/.*)",2013-10-29,"jesse glick",2,15,8
"2189","https://github.com/jenkinsci/jenkins.git","(?-mix:^cli\/src\/main\/java\/hudson\/cli\/.*)",2013-10-29,"kohsuke kawaguchi",2,6,8
"2190","https://github.com/jenkinsci/jenkins.git","(?-mix:^core\/src\/main\/java\/hudson\/.*)",2013-10-29,"kohsuke kawaguchi",4,92,8
"2191","https://github.com/jenkinsci/jenkins.git","(?-mix:^core\/src\/main\/java\/hudson\/model\/listeners\/.*)",2013-10-29,"jesse glick",1,8,8
"2192","https://github.com/jenkinsci/jenkins.git","(?-mix:^core\/src\/main\/java\/hudson\/slaves\/.*)",2013-10-29,"kohsuke kawaguchi",1,8,8
"2193","https://github.com/jenkinsci/jenkins.git","(?-mix:^core\/src\/main\/java\/hudson\/diagnosis\/.*)",2013-10-29,"harald albers",1,5,8
"2194","https://github.com/jenkinsci/jenkins.git","(?-mix:^core\/src\/main\/java\/hudson\/security\/.*)",2013-10-29,"harald albers",1,2,8
"2195","https://github.com/jenkinsci/jenkins.git","(?-mix:^core\/src\/main\/java\/hudson\/util\/jna\/.*)",2013-10-29,"kohsuke kawaguchi",3,13,8
"2196","https://github.com/jenkinsci/jenkins.git","(?-mix:^core\/src\/main\/java\/hudson\/console\/.*)",2013-10-29,"edmund wong",1,2,8
"2197","https://github.com/jenkinsci/jenkins.git","(?-mix:^core\/src\/main\/java\/hudson\/model\/.*)",2013-10-29,"kohsuke kawaguchi",2,22,8
"2198","https://github.com/jenkinsci/jenkins.git","(?-mix:^core\/src\/main\/java\/hudson\/model\/.*)",2013-10-29,"stephen connolly",2,38,8
"2199","https://github.com/jenkinsci/jenkins.git","(?-mix:^core\/src\/main\/java\/jenkins\/model\/.*)",2013-10-29,"oliver gondža",2,6,8
"2200","https://github.com/jenkinsci/jenkins.git","(?-mix:^core\/src\/main\/java\/jenkins\/.*)",2013-10-29,"kohsuke kawaguchi",1,7,8
"2201","https://github.com/jenkinsci/jenkins.git","(?-mix:^core\/src\/main\/java\/hudson\/matrix\/.*)",2013-10-29,"oliver gondža",1,4,8
"2202","https://github.com/jenkinsci/jenkins.git","(?-mix:^cli\/src\/main\/java\/hudson\/cli\/.*)",2013-10-29,"marco miller",1,7,8
"2203","https://github.com/jenkinsci/jenkins.git","(?-mix:^core\/src\/main\/java\/hudson\/model\/.*)",2013-10-29,"bruno p. kinoshita",1,2,8
"2204","https://github.com/jenkinsci/jenkins.git","(?-mix:^core\/src\/main\/java\/hudson\/console\/.*)",2013-10-29,"jesse glick",2,8,8
"2205","https://github.com/jenkinsci/jenkins.git","(?-mix:^core\/src\/main\/java\/hudson\/node_monitors\/.*)",2013-10-29,"jesse glick",5,43,8
"2206","https://github.com/jenkinsci/jenkins.git","(?-mix:^core\/src\/main\/java\/hudson\/os\/windows\/.*)",2013-10-29,"jesse glick",2,11,8
"2207","https://github.com/jenkinsci/jenkins.git","(?-mix:^core\/src\/main\/java\/hudson\/slaves\/.*)",2013-10-29,"jesse glick",2,9,8
"2208","https://github.com/jenkinsci/jenkins.git","(?-mix:^core\/src\/main\/java\/hudson\/tasks\/.*)",2013-10-29,"jesse glick",1,5,8
"2209","https://github.com/jenkinsci/jenkins.git","(?-mix:^core\/src\/main\/java\/hudson\/tasks\/junit\/.*)",2013-10-29,"jesse glick",2,16,8
"2210","https://github.com/jenkinsci/jenkins.git","(?-mix:^core\/src\/main\/java\/hudson\/util\/.*)",2013-10-29,"jesse glick",6,33,8
"2211","https://github.com/jenkinsci/jenkins.git","(?-mix:^core\/src\/main\/java\/hudson\/util\/io\/.*)",2013-10-29,"jesse glick",2,7,8
"2212","https://github.com/jenkinsci/jenkins.git","(?-mix:^core\/src\/main\/java\/jenkins\/security\/.*)",2013-10-29,"jesse glick",1,5,8
"2213","https://github.com/jenkinsci/jenkins.git","(?-mix:^core\/src\/main\/java\/jenkins\/slaves\/.*)",2013-10-29,"jesse glick",1,5,8
"2214","https://github.com/jenkinsci/jenkins.git","(?-mix:^core\/src\/main\/java\/hudson\/security\/captcha\/.*)",2013-10-29,"jesse glick",1,4,8
"2215","https://github.com/jenkinsci/jenkins.git","(?-mix:^core\/src\/main\/java\/jenkins\/.*)",2013-10-29,"jesse glick",4,12,8
"2216","https://github.com/jenkinsci/jenkins.git","(?-mix:^cli\/src\/main\/java\/hudson\/cli\/.*)",2013-10-29,"jesse glick",1,7,8
"2217","https://github.com/jenkinsci/jenkins.git","(?-mix:^core\/src\/main\/java\/hudson\/security\/.*)",2013-10-29,"jesse glick",1,2,8
"2218","https://github.com/jenkinsci/jenkins.git","(?-mix:^core\/src\/main\/java\/hudson\/tools\/.*)",2013-10-29,"jesse glick",2,18,8
"2219","https://github.com/jenkinsci/jenkins.git","(?-mix:^core\/src\/main\/java\/hudson\/cli\/.*)",2013-10-29,"mark waite",1,2,8
"2220","https://github.com/jenkinsci/jenkins.git","(?-mix:^core\/src\/main\/java\/hudson\/model\/.*)",2013-10-29,"mark waite",2,5,8
"2221","https://github.com/jenkinsci/jenkins.git","(?-mix:^core\/src\/main\/java\/hudson\/.*)",2013-10-29,"marco miller",1,22,8
"2222","https://github.com/jenkinsci/jenkins.git","(?-mix:^core\/src\/main\/java\/jenkins\/model\/.*)",2013-10-29,"jesse glick",2,16,8
"2223","https://github.com/jenkinsci/jenkins.git","(?-mix:^core\/src\/main\/java\/hudson\/cli\/.*)",2013-10-29,"oliver gondža",1,2,8
"2224","https://github.com/jenkinsci/jenkins.git","(?-mix:^core\/src\/main\/java\/hudson\/init\/.*)",2013-10-29,"kohsuke kawaguchi",2,59,8
"2225","https://github.com/jenkinsci/jenkins.git","(?-mix:^core\/src\/main\/java\/hudson\/util\/.*)",2013-10-29,"kohsuke kawaguchi",11,83,8
"2226","https://github.com/jenkinsci/jenkins.git","(?-mix:^core\/src\/main\/java\/hudson\/matrix\/.*)",2013-10-29,"mark waite",1,3,8
"2227","https://github.com/jenkinsci/jenkins.git","(?-mix:^core\/src\/main\/java\/jenkins\/model\/.*)",2013-10-29,"kohsuke kawaguchi",2,4,8
"2228","https://github.com/jenkinsci/jenkins.git","(?-mix:^core\/src\/main\/java\/hudson\/model\/.*)",2013-10-29,"nicolas de loof",1,27,8
"2229","https://github.com/jenkinsci/jenkins.git","(?-mix:^core\/src\/main\/java\/hudson\/model\/queue\/.*)",2013-10-29,"jesse glick",2,8,8
"2230","https://github.com/jenkinsci/jenkins.git","(?-mix:^core\/src\/main\/java\/hudson\/.*)",2013-10-29,"bruno kühnen meneguello",1,9,8
"2231","https://github.com/jenkinsci/jenkins.git","(?-mix:^core\/src\/main\/java\/jenkins\/model\/.*)",2013-10-29,"bruno kühnen meneguello",1,10,8
"2232","https://github.com/jenkinsci/jenkins.git","(?-mix:^core\/src\/main\/java\/hudson\/model\/.*)",2013-10-29,"oliver gondža",1,3,8
"2233","https://github.com/jenkinsci/jenkins.git","(?-mix:^core\/src\/main\/java\/hudson\/cli\/.*)",2013-10-29,"daniel beck",1,2,8
"2234","https://github.com/jenkinsci/jenkins.git","(?-mix:^core\/src\/main\/java\/hudson\/.*)",2013-10-29,"oliver gondža",1,12,8
"2235","https://github.com/jenkinsci/jenkins.git","(?-mix:^core\/src\/main\/java\/hudson\/model\/listeners\/.*)",2013-10-29,"alex earl",1,2,8
"2236","https://github.com/jenkinsci/jenkins.git","(?-mix:^core\/src\/main\/java\/hudson\/model\/.*)",2013-12-02,"kohsuke kawaguchi",1,15,9
"2237","https://github.com/jenkinsci/jenkins.git","(?-mix:^core\/src\/main\/java\/hudson\/node_monitors\/.*)",2013-12-02,"chris arnott",3,22,9
"2238","https://github.com/jenkinsci/jenkins.git","(?-mix:^core\/src\/main\/java\/hudson\/util\/.*)",2013-12-02,"josh gibbs",1,2,9
"2239","https://github.com/jenkinsci/jenkins.git","(?-mix:^core\/src\/main\/java\/jenkins\/model\/.*)",2013-12-02,"kohsuke kawaguchi",1,1,9
"2240","https://github.com/jenkinsci/jenkins.git","(?-mix:^core\/src\/main\/java\/hudson\/model\/.*)",2013-12-02,"oliver gondža",1,9,9
"2241","https://github.com/jenkinsci/jenkins.git","(?-mix:^core\/src\/main\/java\/hudson\/tasks\/junit\/.*)",2013-12-02,"chris arnott",1,4,9
"2242","https://github.com/jenkinsci/jenkins.git","(?-mix:^core\/src\/main\/java\/hudson\/cli\/.*)",2013-12-02,"jesse glick",2,13,9
"2243","https://github.com/jenkinsci/jenkins.git","(?-mix:^core\/src\/main\/java\/hudson\/util\/.*)",2013-12-02,"jesse glick",7,57,9
"2244","https://github.com/jenkinsci/jenkins.git","(?-mix:^core\/src\/main\/java\/hudson\/model\/.*)",2013-12-02,"jesse glick",46,546,9
"2245","https://github.com/jenkinsci/jenkins.git","(?-mix:^core\/src\/main\/java\/jenkins\/util\/.*)",2013-12-02,"jesse glick",2,12,9
"2246","https://github.com/jenkinsci/jenkins.git","(?-mix:^core\/src\/main\/java\/hudson\/.*)",2013-12-02,"jesse glick",2,14,9
"2247","https://github.com/jenkinsci/jenkins.git","(?-mix:^core\/src\/main\/java\/hudson\/model\/listeners\/.*)",2013-12-02,"alex earl",1,2,9
"2248","https://github.com/jenkinsci/jenkins.git","(?-mix:^core\/src\/main\/java\/hudson\/.*)",2013-12-02,"ikedam",3,69,9
"2249","https://github.com/jenkinsci/jenkins.git","(?-mix:^core\/src\/main\/java\/jenkins\/model\/lazy\/.*)",2013-12-02,"jesse glick",5,195,9
"2250","https://github.com/jenkinsci/jenkins.git","(?-mix:^core\/src\/main\/java\/hudson\/tasks\/junit\/.*)",2013-12-02,"jesse glick",3,11,9
"2251","https://github.com/jenkinsci/jenkins.git","(?-mix:^core\/src\/main\/java\/hudson\/matrix\/.*)",2013-12-02,"jesse glick",1,3,9
"2252","https://github.com/jenkinsci/jenkins.git","(?-mix:^core\/src\/main\/java\/hudson\/model\/queue\/.*)",2013-12-02,"jesse glick",1,2,9
"2253","https://github.com/jenkinsci/jenkins.git","(?-mix:^core\/src\/main\/java\/jenkins\/model\/.*)",2013-12-02,"jesse glick",10,51,9
"2254","https://github.com/jenkinsci/jenkins.git","(?-mix:^core\/src\/main\/java\/hudson\/.*)",2013-12-02,"oliver gondža",1,4,9
"2255","https://github.com/jenkinsci/jenkins.git","(?-mix:^core\/src\/main\/java\/hudson\/security\/.*)",2013-12-02,"jesse glick",2,40,9
"2256","https://github.com/jenkinsci/jenkins.git","(?-mix:^core\/src\/main\/java\/jenkins\/model\/.*)",2013-12-02,"vincent latombe",1,12,9
"2257","https://github.com/jenkinsci/jenkins.git","(?-mix:^core\/src\/main\/java\/hudson\/logging\/.*)",2013-12-02,"jesse glick",2,10,9
"2258","https://github.com/jenkinsci/jenkins.git","(?-mix:^core\/src\/main\/java\/hudson\/node_monitors\/.*)",2013-12-02,"jesse glick",1,6,9
"2259","https://github.com/jenkinsci/jenkins.git","(?-mix:^core\/src\/main\/java\/hudson\/util\/xstream\/.*)",2013-12-02,"jesse glick",1,4,9
"2260","https://github.com/jenkinsci/jenkins.git","(?-mix:^core\/src\/main\/java\/hudson\/triggers\/.*)",2013-12-02,"alex earl",1,6,9
"2261","https://github.com/jenkinsci/jenkins.git","(?-mix:^core\/src\/main\/java\/hudson\/model\/listeners\/.*)",2013-12-02,"jesse glick",3,72,9
"2262","https://github.com/jenkinsci/jenkins.git","(?-mix:^core\/src\/main\/java\/hudson\/tasks\/.*)",2013-12-02,"jesse glick",2,17,9
"2263","https://github.com/jenkinsci/jenkins.git","(?-mix:^core\/src\/main\/java\/hudson\/model\/.*)",2013-12-02,"oleg nenashev",1,8,9
"2264","https://github.com/jenkinsci/jenkins.git","(?-mix:^core\/src\/main\/java\/jenkins\/model\/lazy\/.*)",2013-12-02,"oleg nenashev",1,11,9
"2265","https://github.com/jenkinsci/jenkins.git","(?-mix:^core\/src\/main\/java\/hudson\/triggers\/.*)",2013-12-02,"jesse glick",1,2,9
"2266","https://github.com/jenkinsci/jenkins.git","(?-mix:^core\/src\/main\/java\/hudson\/tools\/.*)",2013-12-31,"oleg nenashev",1,79,10
"2267","https://github.com/jenkinsci/jenkins.git","(?-mix:^core\/src\/main\/java\/hudson\/.*)",2013-12-31,"jesse glick",1,3,10
"2268","https://github.com/jenkinsci/jenkins.git","(?-mix:^core\/src\/main\/java\/hudson\/os\/windows\/.*)",2013-12-31,"jesse glick",5,873,10
"2269","https://github.com/jenkinsci/jenkins.git","(?-mix:^core\/src\/main\/java\/hudson\/model\/.*)",2013-12-31,"bruno kühnen meneguello",1,12,10
"2270","https://github.com/jenkinsci/jenkins.git","(?-mix:^core\/src\/main\/java\/hudson\/model\/.*)",2013-12-31,"jesse glick",14,185,10
"2271","https://github.com/jenkinsci/jenkins.git","(?-mix:^core\/src\/main\/java\/hudson\/model\/listeners\/.*)",2013-12-31,"jesse glick",1,6,10
"2272","https://github.com/jenkinsci/jenkins.git","(?-mix:^core\/src\/main\/java\/hudson\/security\/.*)",2013-12-31,"jesse glick",1,11,10
"2273","https://github.com/jenkinsci/jenkins.git","(?-mix:^core\/src\/main\/java\/hudson\/model\/labels\/.*)",2013-12-31,"jesse glick",1,1,10
"2274","https://github.com/jenkinsci/jenkins.git","(?-mix:^core\/src\/main\/java\/hudson\/tasks\/.*)",2013-12-31,"jesse glick",1,2,10
"2275","https://github.com/jenkinsci/jenkins.git","(?-mix:^core\/src\/main\/java\/hudson\/triggers\/.*)",2013-12-31,"jesse glick",1,7,10
"2276","https://github.com/jenkinsci/jenkins.git","(?-mix:^core\/src\/main\/java\/jenkins\/model\/lazy\/.*)",2013-12-31,"jesse glick",1,6,10
"2277","https://github.com/jenkinsci/jenkins.git","(?-mix:^core\/src\/main\/java\/hudson\/model\/.*)",2013-12-31,"stephen connolly",1,8,10
"2278","https://github.com/jenkinsci/jenkins.git","(?-mix:^core\/src\/main\/java\/hudson\/model\/.*)",2013-12-31,"oliver gondža",1,13,10
"2279","https://github.com/jenkinsci/jenkins.git","(?-mix:^core\/src\/main\/java\/hudson\/security\/.*)",2013-12-31,"stephen connolly",2,41,10
"2280","https://github.com/jenkinsci/jenkins.git","(?-mix:^core\/src\/main\/java\/hudson\/model\/.*)",2013-12-31,"jonathan a. sternberg",1,8,10
"2281","https://github.com/jenkinsci/jenkins.git","(?-mix:^core\/src\/main\/java\/hudson\/logging\/.*)",2013-12-31,"daniel beck",2,87,10
"2282","https://github.com/jenkinsci/jenkins.git","(?-mix:^core\/src\/main\/java\/hudson\/model\/.*)",2013-12-31,"jens brejner",1,46,10
"2283","https://github.com/jenkinsci/jenkins.git","(?-mix:^core\/src\/main\/java\/hudson\/scheduler\/.*)",2013-12-31,"jesse glick",1,10,10
"2284","https://github.com/jenkinsci/jenkins.git","(?-mix:^core\/src\/main\/java\/hudson\/model\/.*)",2013-12-31,"kohsuke kawaguchi",1,2,10
"2285","https://github.com/jenkinsci/jenkins.git","(?-mix:^core\/src\/main\/java\/hudson\/tasks\/.*)",2013-12-31,"kohsuke kawaguchi",1,18,10
"2286","https://github.com/jenkinsci/jenkins.git","(?-mix:^core\/src\/main\/java\/hudson\/node_monitors\/.*)",2013-12-31,"daniel beck",1,2,10
"2287","https://github.com/jenkinsci/jenkins.git","(?-mix:^core\/src\/main\/java\/hudson\/model\/.*)",2013-12-31,"daniel beck",1,2,10
"2288","https://github.com/jenkinsci/jenkins.git","(?-mix:^core\/src\/main\/java\/hudson\/markup\/.*)",2014-01-27,"jesse glick",6,473,11
"2289","https://github.com/jenkinsci/jenkins.git","(?-mix:^core\/src\/main\/java\/hudson\/model\/.*)",2014-01-27,"oliver gondža",4,14,11
"2290","https://github.com/jenkinsci/jenkins.git","(?-mix:^core\/src\/main\/java\/hudson\/slaves\/.*)",2014-01-27,"oliver gondža",3,41,11
"2291","https://github.com/jenkinsci/jenkins.git","(?-mix:^core\/src\/main\/java\/hudson\/.*)",2014-01-27,"jesse glick",11,126,11
"2292","https://github.com/jenkinsci/jenkins.git","(?-mix:^core\/src\/main\/java\/hudson\/slaves\/.*)",2014-01-27,"jesse glick",1,2,11
"2293","https://github.com/jenkinsci/jenkins.git","(?-mix:^core\/src\/main\/java\/hudson\/model\/.*)",2014-01-27,"kohsuke kawaguchi",4,11,11
"2294","https://github.com/jenkinsci/jenkins.git","(?-mix:^core\/src\/main\/java\/hudson\/model\/.*)",2014-01-27,"kevin p. fleming",3,0,11
"2295","https://github.com/jenkinsci/jenkins.git","(?-mix:^core\/src\/main\/java\/hudson\/scm\/.*)",2014-01-27,"kevin p. fleming",2,0,11
"2296","https://github.com/jenkinsci/jenkins.git","(?-mix:^core\/src\/main\/java\/hudson\/slaves\/.*)",2014-01-27,"kevin p. fleming",1,0,11
"2297","https://github.com/jenkinsci/jenkins.git","(?-mix:^core\/src\/main\/java\/hudson\/util\/.*)",2014-01-27,"kevin p. fleming",2,0,11
"2298","https://github.com/jenkinsci/jenkins.git","(?-mix:^core\/src\/main\/java\/jenkins\/model\/.*)",2014-01-27,"kevin p. fleming",1,0,11
"2299","https://github.com/jenkinsci/jenkins.git","(?-mix:^core\/src\/main\/java\/hudson\/model\/queue\/.*)",2014-01-27,"fred g",2,10,11
"2300","https://github.com/jenkinsci/jenkins.git","(?-mix:^core\/src\/main\/java\/hudson\/security\/.*)",2014-01-27,"ikedam",1,23,11
"2301","https://github.com/jenkinsci/jenkins.git","(?-mix:^core\/src\/main\/java\/hudson\/model\/.*)",2014-01-27,"boev",1,28,11
"2302","https://github.com/jenkinsci/jenkins.git","(?-mix:^core\/src\/main\/java\/hudson\/model\/.*)",2014-01-27,"vjuranek",2,8,11
"2303","https://github.com/jenkinsci/jenkins.git","(?-mix:^core\/src\/main\/java\/hudson\/.*)",2014-01-27,"ulli hafner",1,3,11
"2304","https://github.com/jenkinsci/jenkins.git","(?-mix:^core\/src\/main\/java\/hudson\/model\/.*)",2014-01-27,"ulli hafner",1,9,11
"2305","https://github.com/jenkinsci/jenkins.git","(?-mix:^core\/src\/main\/java\/hudson\/model\/.*)",2014-01-27,"jesse glick",15,283,11
"2306","https://github.com/jenkinsci/jenkins.git","(?-mix:^core\/src\/main\/java\/jenkins\/model\/.*)",2014-01-27,"daniel beck",1,2,11
"2307","https://github.com/jenkinsci/jenkins.git","(?-mix:^core\/src\/main\/java\/hudson\/tasks\/.*)",2014-01-27,"stefan wolf",1,5,11
"2308","https://github.com/jenkinsci/jenkins.git","(?-mix:^core\/src\/main\/java\/hudson\/model\/.*)",2014-01-27,"daniel beck",7,59,11
"2309","https://github.com/jenkinsci/jenkins.git","(?-mix:^core\/src\/main\/java\/hudson\/.*)",2014-01-27,"nicolas de loof",4,53,11
"2310","https://github.com/jenkinsci/jenkins.git","(?-mix:^core\/src\/main\/java\/hudson\/util\/.*)",2014-01-27,"jesse glick",4,49,11
"2311","https://github.com/jenkinsci/jenkins.git","(?-mix:^core\/src\/main\/java\/hudson\/security\/.*)",2014-01-27,"vjuranek",1,1,11
"2312","https://github.com/jenkinsci/jenkins.git","(?-mix:^core\/src\/main\/java\/hudson\/markup\/.*)",2014-01-27,"vjuranek",1,1,11
"2313","https://github.com/jenkinsci/jenkins.git","(?-mix:^core\/src\/main\/java\/jenkins\/model\/.*)",2014-01-27,"jesse glick",3,16,11
"2314","https://github.com/jenkinsci/jenkins.git","(?-mix:^core\/src\/main\/java\/hudson\/security\/.*)",2014-01-27,"jesse glick",1,13,11
"2315","https://github.com/jenkinsci/jenkins.git","(?-mix:^core\/src\/main\/java\/jenkins\/security\/.*)",2014-01-27,"jesse glick",1,15,11
"2316","https://github.com/jenkinsci/jenkins.git","(?-mix:^core\/src\/main\/java\/hudson\/cli\/.*)",2014-01-27,"vjuranek",1,1,11
"2317","https://github.com/jenkinsci/jenkins.git","(?-mix:^core\/src\/main\/java\/hudson\/cli\/.*)",2014-01-27,"daniel beck",1,6,11
"2318","https://github.com/jenkinsci/jenkins.git","(?-mix:^core\/src\/main\/java\/hudson\/diagnosis\/.*)",2014-01-27,"jesse glick",1,13,11
"2319","https://github.com/jenkinsci/jenkins.git","(?-mix:^core\/src\/main\/java\/hudson\/tasks\/junit\/.*)",2014-01-27,"kohsuke kawaguchi",1,9,11
"2320","https://github.com/jenkinsci/jenkins.git","(?-mix:^cli\/src\/main\/java\/hudson\/cli\/.*)",2014-01-27,"kohsuke kawaguchi",1,2,11
"2321","https://github.com/jenkinsci/jenkins.git","(?-mix:^core\/src\/main\/java\/hudson\/model\/.*)",2014-01-27,"jens brejner",1,23,11
"2322","https://github.com/jenkinsci/jenkins.git","(?-mix:^maven-plugin\/src\/main\/java\/hudson\/maven\/.*)",2014-01-27,"jesse glick",1,60,11
"2323","https://github.com/jenkinsci/jenkins.git","(?-mix:^maven-plugin\/src\/main\/java\/hudson\/maven\/.*)",2014-01-27,"harald albers",1,2,11
"2324","https://github.com/jenkinsci/jenkins.git","(?-mix:^core\/src\/main\/java\/hudson\/util\/.*)",2014-01-27,"christ66",3,411,11
"2325","https://github.com/jenkinsci/jenkins.git","(?-mix:^core\/src\/main\/java\/jenkins\/.*)",2014-01-27,"jesse glick",1,106,11
"2326","https://github.com/jenkinsci/jenkins.git","(?-mix:^core\/src\/main\/java\/hudson\/model\/.*)",2014-01-27,"christ66",1,10,11
"2327","https://github.com/jenkinsci/jenkins.git","(?-mix:^core\/src\/main\/java\/hudson\/util\/.*)",2014-01-27,"kohsuke kawaguchi",1,2,11
"2328","https://github.com/jenkinsci/jenkins.git","(?-mix:^core\/src\/main\/java\/hudson\/.*)",2014-02-26,"jesse glick",7,64,12
"2329","https://github.com/jenkinsci/jenkins.git","(?-mix:^core\/src\/main\/java\/hudson\/model\/.*)",2014-02-26,"jesse glick",81,1270,12
"2330","https://github.com/jenkinsci/jenkins.git","(?-mix:^core\/src\/main\/java\/hudson\/model\/.*)",2014-02-26,"christ66",5,27,12
"2331","https://github.com/jenkinsci/jenkins.git","(?-mix:^core\/src\/main\/java\/hudson\/search\/.*)",2014-02-26,"christ66",1,5,12
"2332","https://github.com/jenkinsci/jenkins.git","(?-mix:^core\/src\/main\/java\/hudson\/util\/.*)",2014-02-26,"jesse glick",4,12,12
"2333","https://github.com/jenkinsci/jenkins.git","(?-mix:^core\/src\/main\/java\/hudson\/cli\/.*)",2014-02-26,"jesse glick",4,10,12
"2334","https://github.com/jenkinsci/jenkins.git","(?-mix:^core\/src\/main\/java\/hudson\/slaves\/.*)",2014-02-26,"jesse glick",1,2,12
"2335","https://github.com/jenkinsci/jenkins.git","(?-mix:^core\/src\/main\/java\/jenkins\/security\/.*)",2014-02-26,"jesse glick",1,2,12
"2336","https://github.com/jenkinsci/jenkins.git","(?-mix:^core\/src\/main\/java\/jenkins\/model\/.*)",2014-02-26,"jesse glick",3,9,12
"2337","https://github.com/jenkinsci/jenkins.git","(?-mix:^core\/src\/main\/java\/hudson\/.*)",2014-02-26,"christ66",2,34,12
"2338","https://github.com/jenkinsci/jenkins.git","(?-mix:^core\/src\/main\/java\/hudson\/lifecycle\/.*)",2014-02-26,"kohsuke kawaguchi",1,5,12
"2339","https://github.com/jenkinsci/jenkins.git","(?-mix:^core\/src\/main\/java\/hudson\/matrix\/.*)",2014-02-26,"jesse glick",3,9,12
"2340","https://github.com/jenkinsci/jenkins.git","(?-mix:^core\/src\/main\/java\/hudson\/tools\/.*)",2014-02-26,"ben parees",1,8,12
"2341","https://github.com/jenkinsci/jenkins.git","(?-mix:^cli\/src\/main\/java\/hudson\/cli\/.*)",2014-02-26,"oliver gondža",1,110,12
"2342","https://github.com/jenkinsci/jenkins.git","(?-mix:^core\/src\/main\/java\/hudson\/.*)",2014-02-26,"stephen connolly",2,30,12
"2343","https://github.com/jenkinsci/jenkins.git","(?-mix:^core\/src\/main\/java\/hudson\/triggers\/.*)",2014-02-26,"jesse glick",1,3,12
"2344","https://github.com/jenkinsci/jenkins.git","(?-mix:^core\/src\/main\/java\/hudson\/.*)",2014-02-26,"kohsuke kawaguchi",2,10,12
"2345","https://github.com/jenkinsci/jenkins.git","(?-mix:^core\/src\/main\/java\/hudson\/security\/.*)",2014-02-26,"kohsuke kawaguchi",4,44,12
"2346","https://github.com/jenkinsci/jenkins.git","(?-mix:^core\/src\/main\/java\/hudson\/model\/.*)",2014-02-26,"kohsuke kawaguchi",9,103,12
"2347","https://github.com/jenkinsci/jenkins.git","(?-mix:^core\/src\/main\/java\/jenkins\/security\/.*)",2014-02-26,"kohsuke kawaguchi",1,21,12
"2348","https://github.com/jenkinsci/jenkins.git","(?-mix:^core\/src\/main\/java\/hudson\/model\/.*)",2014-02-26,"ikedam",1,2,12
"2349","https://github.com/jenkinsci/jenkins.git","(?-mix:^core\/src\/main\/java\/hudson\/model\/.*)",2014-02-26,"oleg nenashev",1,9,12
"2350","https://github.com/jenkinsci/jenkins.git","(?-mix:^core\/src\/main\/java\/hudson\/diagnosis\/.*)",2014-02-26,"jesse glick",3,157,12
"2351","https://github.com/jenkinsci/jenkins.git","(?-mix:^core\/src\/main\/java\/hudson\/tools\/.*)",2014-02-26,"larry shatzer, jr",2,2,12
"2352","https://github.com/jenkinsci/jenkins.git","(?-mix:^core\/src\/main\/java\/hudson\/cli\/.*)",2014-02-26,"oliver gondža",2,4,12
"2353","https://github.com/jenkinsci/jenkins.git","(?-mix:^core\/src\/main\/java\/hudson\/slaves\/.*)",2014-02-26,"kohsuke kawaguchi",1,2,12
"2354","https://github.com/jenkinsci/jenkins.git","(?-mix:^core\/src\/main\/java\/hudson\/model\/.*)",2014-02-26,"mads nielsen",1,13,12
"2355","https://github.com/jenkinsci/jenkins.git","(?-mix:^maven-plugin\/src\/main\/java\/hudson\/maven\/.*)",2014-02-26,"jesse glick",1,12,12
"2356","https://github.com/ansible/ansible.git","(?-mix:^lib\/ansible\/[^\/]*)",2014-02-28,"michael dehaan",29,413,1
"2357","https://github.com/ansible/ansible.git","(?-mix:^library\/cloud\/.*)",2014-02-28,"joshua conner",4,61,1
"2358","https://github.com/ansible/ansible.git","(?-mix:^library\/utilities\/.*)",2014-02-28,"michael dehaan",1,9,1
"2359","https://github.com/ansible/ansible.git","(?-mix:^lib\/ansible\/[^\/]*)",2014-02-28,"tefnet",2,4,1
"2360","https://github.com/ansible/ansible.git","(?-mix:^library\/system\/.*)",2014-02-28,"brian coca",1,4,1
"2361","https://github.com/ansible/ansible.git","(?-mix:^library\/cloud\/.*)",2014-02-28,"jake kreider",2,4,1
"2362","https://github.com/ansible/ansible.git","(?-mix:^lib\/ansible\/[^\/]*)",2014-02-28,"hagai",2,4,1
"2363","https://github.com/ansible/ansible.git","(?-mix:^lib\/ansible\/[^\/]*)",2014-02-28,"dag wieers",3,10,1
"2364","https://github.com/ansible/ansible.git","(?-mix:^lib\/ansible\/[^\/]*)",2014-02-28,"james tanner",38,899,1
"2365","https://github.com/ansible/ansible.git","(?-mix:^library\/cloud\/.*)",2014-02-28,"james cammarata",18,144,1
"2366","https://github.com/ansible/ansible.git","(?-mix:^lib\/ansible\/[^\/]*)",2014-02-28,"jesse keating",3,14,1
"2367","https://github.com/ansible/ansible.git","(?-mix:^library\/cloud\/.*)",2014-02-28,"quinn slack",1,4,1
"2368","https://github.com/ansible/ansible.git","(?-mix:^library\/web_infrastructure\/.*)",2014-02-28,"tobereplaced",1,3,1
"2369","https://github.com/ansible/ansible.git","(?-mix:^library\/cloud\/.*)",2014-02-28,"jim kytola",2,4,1
"2370","https://github.com/ansible/ansible.git","(?-mix:^library\/cloud\/.*)",2014-02-28,"michael scherer",2,8,1
"2371","https://github.com/ansible/ansible.git","(?-mix:^library\/system\/.*)",2014-02-28,"anatoly techtonik",2,12,1
"2372","https://github.com/ansible/ansible.git","(?-mix:^lib\/ansible\/[^\/]*)",2014-02-28,"aaron bassett",1,10,1
"2373","https://github.com/ansible/ansible.git","(?-mix:^lib\/ansible\/[^\/]*)",2014-02-28,"richard isaacson",7,188,1
"2374","https://github.com/ansible/ansible.git","(?-mix:^library\/cloud\/.*)",2014-02-28,"franck cuny",4,226,1
"2375","https://github.com/ansible/ansible.git","(?-mix:^plugins\/inventory\/.*\.py)",2014-02-28,"franck cuny",2,15,1
"2376","https://github.com/ansible/ansible.git","(?-mix:^library\/notification\/.*)",2014-02-28,"leo r. lundgren",2,8,1
"2377","https://github.com/ansible/ansible.git","(?-mix:^lib\/ansible\/[^\/]*)",2014-02-28,"luca berruti",2,4,1
"2378","https://github.com/ansible/ansible.git","(?-mix:^library\/system\/.*)",2014-02-28,"julien dauphant",2,12,1
"2379","https://github.com/ansible/ansible.git","(?-mix:^lib\/ansible\/[^\/]*)",2014-02-28,"james cammarata",54,609,1
"2380","https://github.com/ansible/ansible.git","(?-mix:^library\/monitoring\/.*)",2014-02-28,"andrew newdigate",2,89,1
"2381","https://github.com/ansible/ansible.git","(?-mix:^lib\/ansible\/[^\/]*)",2014-02-28,"aresch",2,8,1
"2382","https://github.com/ansible/ansible.git","(?-mix:^library\/utilities\/.*)",2014-02-28,"james cammarata",4,363,1
"2383","https://github.com/ansible/ansible.git","(?-mix:^library\/database\/.*)",2014-02-28,"amree",2,4,1
"2384","https://github.com/ansible/ansible.git","(?-mix:^lib\/ansible\/[^\/]*)",2014-02-28,"brian coca",10,50,1
"2385","https://github.com/ansible/ansible.git","(?-mix:^library\/database\/.*)",2014-02-28,"jimena cabrera-notari",1,3,1
"2386","https://github.com/ansible/ansible.git","(?-mix:^lib\/ansible\/[^\/]*)",2014-02-28,"andrew resch",2,20,1
"2387","https://github.com/ansible/ansible.git","(?-mix:^lib\/ansible\/[^\/]*)",2014-02-28,"paul durivage",1,2,1
"2388","https://github.com/ansible/ansible.git","(?-mix:^library\/cloud\/.*)",2014-02-28,"scott anderson",1,9,1
"2389","https://github.com/ansible/ansible.git","(?-mix:^library\/packaging\/.*)",2014-02-28,"aresch",1,2,1
"2390","https://github.com/ansible/ansible.git","(?-mix:^library\/files\/.*)",2014-02-28,"richard isaacson",1,22,1
"2391","https://github.com/ansible/ansible.git","(?-mix:^library\/system\/.*)",2014-02-28,"charles duffy",3,45,1
"2392","https://github.com/ansible/ansible.git","(?-mix:^library\/cloud\/.*)",2014-02-28,"markus amalthea magnuson",1,14,1
"2393","https://github.com/ansible/ansible.git","(?-mix:^lib\/ansible\/[^\/]*)",2014-02-28,"seth woodworth",1,4,1
"2394","https://github.com/ansible/ansible.git","(?-mix:^library\/packaging\/.*)",2014-02-28,"hagai",1,2,1
"2395","https://github.com/ansible/ansible.git","(?-mix:^library\/cloud\/.*)",2014-02-28,"federico feroldi",1,2,1
"2396","https://github.com/ansible/ansible.git","(?-mix:^library\/system\/.*)",2014-02-28,"richard isaacson",3,54,1
"2397","https://github.com/ansible/ansible.git","(?-mix:^library\/system\/.*)",2014-02-28,"matthew riedel",1,7,1
"2398","https://github.com/ansible/ansible.git","(?-mix:^lib\/ansible\/[^\/]*)",2014-02-28,"matt martz",5,169,1
"2399","https://github.com/ansible/ansible.git","(?-mix:^library\/system\/.*)",2014-02-28,"james tanner",7,85,1
"2400","https://github.com/ansible/ansible.git","(?-mix:^library\/database\/.*)",2014-02-28,"james cammarata",3,45,1
"2401","https://github.com/ansible/ansible.git","(?-mix:^library\/monitoring\/.*)",2014-02-28,"james cammarata",15,441,1
"2402","https://github.com/ansible/ansible.git","(?-mix:^library\/net_infrastructure\/.*)",2014-02-28,"james cammarata",7,164,1
"2403","https://github.com/ansible/ansible.git","(?-mix:^library\/notification\/.*)",2014-02-28,"james cammarata",6,146,1
"2404","https://github.com/ansible/ansible.git","(?-mix:^library\/packaging\/.*)",2014-02-28,"james cammarata",7,80,1
"2405","https://github.com/ansible/ansible.git","(?-mix:^library\/files\/.*)",2014-02-28,"james tanner",3,25,1
"2406","https://github.com/ansible/ansible.git","(?-mix:^library\/notification\/.*)",2014-02-28,"james tanner",2,4,1
"2407","https://github.com/ansible/ansible.git","(?-mix:^library\/packaging\/.*)",2014-02-28,"james tanner",15,430,1
"2408","https://github.com/ansible/ansible.git","(?-mix:^library\/source_control\/.*)",2014-02-28,"james tanner",6,196,1
"2409","https://github.com/ansible/ansible.git","(?-mix:^library\/web_infrastructure\/.*)",2014-02-28,"james tanner",2,6,1
"2410","https://github.com/ansible/ansible.git","(?-mix:^library\/monitoring\/.*)",2014-02-28,"michael dehaan",2,16,1
"2411","https://github.com/ansible/ansible.git","(?-mix:^lib\/ansible\/[^\/]*)",2014-02-28,"serge van ginderachter",21,730,1
"2412","https://github.com/ansible/ansible.git","(?-mix:^library\/packaging\/.*)",2014-02-28,"michael dehaan",18,183,1
"2413","https://github.com/ansible/ansible.git","(?-mix:^library\/cloud\/.*)",2014-02-28,"michael dehaan",8,28,1
"2414","https://github.com/ansible/ansible.git","(?-mix:^library\/cloud\/.*)",2014-02-28,"james tanner",5,19,1
"2415","https://github.com/ansible/ansible.git","(?-mix:^library\/packaging\/.*)",2014-02-28,"fabian freyer",4,203,1
"2416","https://github.com/ansible/ansible.git","(?-mix:^library\/cloud\/.*)",2014-02-28,"vadim kuznetsov",1,2,1
"2417","https://github.com/ansible/ansible.git","(?-mix:^library\/cloud\/.*)",2014-02-28,"richard isaacson",8,29,1
"2418","https://github.com/ansible/ansible.git","(?-mix:^library\/cloud\/.*)",2014-02-28,"devon crouse",2,4,1
"2419","https://github.com/ansible/ansible.git","(?-mix:^library\/files\/.*)",2014-02-28,"brian coca",2,7,1
"2420","https://github.com/ansible/ansible.git","(?-mix:^library\/web_infrastructure\/.*)",2014-02-28,"richard isaacson",1,8,1
"2421","https://github.com/ansible/ansible.git","(?-mix:^library\/packaging\/.*)",2014-02-28,"andy trevorah",1,45,1
"2422","https://github.com/ansible/ansible.git","(?-mix:^library\/system\/.*)",2014-02-28,"james laska",1,2,1
"2423","https://github.com/ansible/ansible.git","(?-mix:^library\/system\/.*)",2014-02-28,"michael dehaan",10,2280,1
"2424","https://github.com/ansible/ansible.git","(?-mix:^library\/system\/.*)",2014-02-28,"ryan",1,12,1
"2425","https://github.com/ansible/ansible.git","(?-mix:^library\/files\/.*)",2014-02-28,"jakub jirutka",1,5,1
"2426","https://github.com/ansible/ansible.git","(?-mix:^library\/source_control\/.*)",2014-02-28,"patrick smith",1,4,1
"2427","https://github.com/ansible/ansible.git","(?-mix:^lib\/ansible\/[^\/]*)",2014-02-28,"dan koch",1,2,1
"2428","https://github.com/ansible/ansible.git","(?-mix:^library\/source_control\/.*)",2014-02-28,"michael dehaan",1,3,1
"2429","https://github.com/ansible/ansible.git","(?-mix:^library\/database\/.*)",2014-02-28,"michael dehaan",2,12,1
"2430","https://github.com/ansible/ansible.git","(?-mix:^library\/packaging\/.*)",2014-02-28,"daniel jaouen",3,31,1
"2431","https://github.com/ansible/ansible.git","(?-mix:^library\/database\/.*)",2014-02-28,"james martin",1,9,1
"2432","https://github.com/ansible/ansible.git","(?-mix:^library\/packaging\/.*)",2014-02-28,"philippe pepiot",1,2,1
"2433","https://github.com/ansible/ansible.git","(?-mix:^library\/source_control\/.*)",2014-02-28,"patrickheeney",1,9,1
"2434","https://github.com/ansible/ansible.git","(?-mix:^library\/cloud\/.*)",2014-02-28,"paul durivage",2,10,1
"2435","https://github.com/ansible/ansible.git","(?-mix:^library\/packaging\/.*)",2014-02-28,"patrick gerken",1,2,1
"2436","https://github.com/ansible/ansible.git","(?-mix:^library\/packaging\/.*)",2014-02-28,"sam hanes",1,4,1
"2437","https://github.com/ansible/ansible.git","(?-mix:^library\/cloud\/.*)",2014-02-28,"johannes 'fish' ziemke",1,20,1
"2438","https://github.com/ansible/ansible.git","(?-mix:^library\/packaging\/.*)",2014-02-28,"james laska",1,4,1
"2439","https://github.com/ansible/ansible.git","(?-mix:^lib\/ansible\/[^\/]*)",2014-02-28,"brdo",1,1,1
"2440","https://github.com/ansible/ansible.git","(?-mix:^library\/cloud\/.*)",2014-02-28,"follower",1,2,1
"2441","https://github.com/ansible/ansible.git","(?-mix:^library\/files\/.*)",2014-02-28,"ali asad lotia",2,4,1
"2442","https://github.com/ansible/ansible.git","(?-mix:^lib\/ansible\/[^\/]*)",2014-02-28,"oleg bulatov",1,38,1
"2443","https://github.com/ansible/ansible.git","(?-mix:^library\/packaging\/.*)",2014-02-28,"jonathan dray",1,2,1
"2444","https://github.com/ansible/ansible.git","(?-mix:^lib\/ansible\/[^\/]*)",2014-02-28,"patrickheeney",1,14,1
"2445","https://github.com/ansible/ansible.git","(?-mix:^library\/packaging\/.*)",2014-02-28,"matt martz",1,48,1
"2446","https://github.com/ansible/ansible.git","(?-mix:^library\/packaging\/.*)",2014-02-28,"vyrak bunleang",1,4,1
"2447","https://github.com/ansible/ansible.git","(?-mix:^library\/cloud\/.*)",2014-02-28,"matt bray",1,20,1
"2448","https://github.com/ansible/ansible.git","(?-mix:^library\/source_control\/.*)",2014-02-28,"andreaskern",1,2,1
"2449","https://github.com/ansible/ansible.git","(?-mix:^library\/cloud\/.*)",2014-02-28,"joehack3r",1,3,1
"2450","https://github.com/ansible/ansible.git","(?-mix:^plugins\/inventory\/.*\.py)",2014-02-28,"james cammarata",1,30,1
"2451","https://github.com/ansible/ansible.git","(?-mix:^library\/notification\/.*)",2014-02-28,"michael dehaan",1,4,1
"2452","https://github.com/ansible/ansible.git","(?-mix:^library\/system\/.*)",2014-02-28,"till maas",2,9,1
"2453","https://github.com/ansible/ansible.git","(?-mix:^lib\/ansible\/[^\/]*)",2014-02-28,"till maas",2,25,1
"2454","https://github.com/ansible/ansible.git","(?-mix:^library\/cloud\/.*)",2014-02-28,"oleg bulatov",1,1,1
"2455","https://github.com/ansible/ansible.git","(?-mix:^library\/cloud\/.*)",2014-02-28,"jjshoe",1,2,1
"2456","https://github.com/ansible/ansible.git","(?-mix:^library\/cloud\/.*)",2014-02-28,"maykel moya",7,205,1
"2457","https://github.com/ansible/ansible.git","(?-mix:^lib\/ansible\/[^\/]*)",2014-02-28,"joshua conner",1,3,1
"2458","https://github.com/ansible/ansible.git","(?-mix:^library\/packaging\/.*)",2014-02-28,"will thames",1,4,1
"2459","https://github.com/ansible/ansible.git","(?-mix:^lib\/ansible\/[^\/]*)",2014-02-28,"manuel faux",1,1,1
"2460","https://github.com/ansible/ansible.git","(?-mix:^library\/cloud\/.*)",2014-02-28,"will thames",1,190,1
"2461","https://github.com/ansible/ansible.git","(?-mix:^library\/packaging\/.*)",2014-02-28,"colin mattson",1,8,1
"2462","https://github.com/ansible/ansible.git","(?-mix:^library\/notification\/.*)",2014-02-28,"brent langston",2,25,1
"2463","https://github.com/ansible/ansible.git","(?-mix:^lib\/ansible\/[^\/]*)",2014-02-28,"pierre-louis bonicoli",2,4,1
"2464","https://github.com/ansible/ansible.git","(?-mix:^lib\/ansible\/[^\/]*)",2014-02-28,"francisco josé marques vieira",1,1,1
"2465","https://github.com/ansible/ansible.git","(?-mix:^library\/cloud\/.*)",2014-02-28,"ian pointer",1,2,1
"2466","https://github.com/ansible/ansible.git","(?-mix:^library\/network\/.*)",2014-02-28,"bryan hunt",3,20,1
"2467","https://github.com/ansible/ansible.git","(?-mix:^library\/files\/.*)",2014-02-28,"robert wehner",2,4,1
"2468","https://github.com/ansible/ansible.git","(?-mix:^lib\/ansible\/[^\/]*)",2014-02-28,"apenav",1,2,1
"2469","https://github.com/ansible/ansible.git","(?-mix:^lib\/ansible\/[^\/]*)",2014-02-28,"sébastien gross",1,3,1
"2470","https://github.com/ansible/ansible.git","(?-mix:^lib\/ansible\/[^\/]*)",2014-02-28,"ramon de la fuente",1,14,1
"2471","https://github.com/ansible/ansible.git","(?-mix:^library\/files\/.*)",2014-02-28,"jjshoe",2,15,1
"2472","https://github.com/ansible/ansible.git","(?-mix:^library\/cloud\/.*)",2014-02-28,"hagai",2,20,1
"2473","https://github.com/ansible/ansible.git","(?-mix:^library\/cloud\/.*)",2014-02-28,"matt martz",1,40,1
"2474","https://github.com/ansible/ansible.git","(?-mix:^lib\/ansible\/[^\/]*)",2014-02-28,"paul oyston",1,4,1
"2475","https://github.com/ansible/ansible.git","(?-mix:^lib\/ansible\/[^\/]*)",2014-02-28,"cristian ciupitu",3,8,1
"2476","https://github.com/ansible/ansible.git","(?-mix:^library\/cloud\/.*)",2014-02-28,"cristian ciupitu",4,10,1
"2477","https://github.com/ansible/ansible.git","(?-mix:^library\/system\/.*)",2014-02-28,"cristian ciupitu",1,2,1
"2478","https://github.com/ansible/ansible.git","(?-mix:^library\/web_infrastructure\/.*)",2014-02-28,"michael dehaan",1,20,1
"2479","https://github.com/ansible/ansible.git","(?-mix:^library\/files\/.*)",2014-02-28,"andrea.mandolo",3,23,1
"2480","https://github.com/ansible/ansible.git","(?-mix:^library\/files\/.*)",2014-02-28,"michael dehaan",2,7,1
"2481","https://github.com/ansible/ansible.git","(?-mix:^library\/files\/.*)",2014-02-28,"cgtx",1,2,1
"2482","https://github.com/ansible/ansible.git","(?-mix:^library\/system\/.*)",2014-02-28,"adam nielsen",1,2,1
"2483","https://github.com/ansible/ansible.git","(?-mix:^library\/cloud\/.*)",2014-02-28,"matt way",1,3,1
"2484","https://github.com/ansible/ansible.git","(?-mix:^library\/network\/.*)",2014-03-31,"sven schliesing",2,10,2
"2485","https://github.com/ansible/ansible.git","(?-mix:^lib\/ansible\/[^\/]*)",2014-03-31,"till maas",2,5,2
"2486","https://github.com/ansible/ansible.git","(?-mix:^lib\/ansible\/[^\/]*)",2014-03-31,"james tanner",11,157,2
"2487","https://github.com/ansible/ansible.git","(?-mix:^lib\/ansible\/[^\/]*)",2014-03-31,"james cammarata",29,384,2
"2488","https://github.com/ansible/ansible.git","(?-mix:^library\/system\/.*)",2014-03-31,"tim g",1,4,2
"2489","https://github.com/ansible/ansible.git","(?-mix:^library\/packaging\/.*)",2014-03-31,"sven schliesing",1,2,2
"2490","https://github.com/ansible/ansible.git","(?-mix:^library\/cloud\/.*)",2014-03-31,"follower",2,4,2
"2491","https://github.com/ansible/ansible.git","(?-mix:^library\/cloud\/.*)",2014-03-31,"jjshoe",1,2,2
"2492","https://github.com/ansible/ansible.git","(?-mix:^library\/packaging\/.*)",2014-03-31,"andrew resch",1,2,2
"2493","https://github.com/ansible/ansible.git","(?-mix:^library\/cloud\/.*)",2014-03-31,"matt martz",3,66,2
"2494","https://github.com/ansible/ansible.git","(?-mix:^library\/database\/.*)",2014-03-31,"matt martz",1,2,2
"2495","https://github.com/ansible/ansible.git","(?-mix:^library\/cloud\/.*)",2014-03-31,"james cammarata",2,54,2
"2496","https://github.com/ansible/ansible.git","(?-mix:^library\/source_control\/.*)",2014-03-31,"oleg a. mamontov",1,2,2
"2497","https://github.com/ansible/ansible.git","(?-mix:^lib\/ansible\/[^\/]*)",2014-03-31,"boscomw",2,8,2
"2498","https://github.com/ansible/ansible.git","(?-mix:^library\/cloud\/.*)",2014-03-31,"capttofu",2,3,2
"2499","https://github.com/ansible/ansible.git","(?-mix:^library\/system\/.*)",2014-03-31,"james cammarata",3,53,2
"2500","https://github.com/ansible/ansible.git","(?-mix:^library\/packaging\/.*)",2014-03-31,"michael dehaan",6,87,2
"2501","https://github.com/ansible/ansible.git","(?-mix:^library\/network\/.*)",2014-03-31,"michael dehaan",1,22,2
"2502","https://github.com/ansible/ansible.git","(?-mix:^lib\/ansible\/[^\/]*)",2014-03-31,"harlan lieberman-berg",1,1,2
"2503","https://github.com/ansible/ansible.git","(?-mix:^library\/system\/.*)",2014-03-31,"michael dehaan",2,8,2
"2504","https://github.com/ansible/ansible.git","(?-mix:^library\/system\/.*)",2014-03-31,"joshua lund",1,2,2
"2505","https://github.com/ansible/ansible.git","(?-mix:^library\/system\/.*)",2014-03-31,"andrew resch",1,2,2
"2506","https://github.com/ansible/ansible.git","(?-mix:^library\/cloud\/.*)",2014-03-31,"paul durivage",1,4,2
"2507","https://github.com/ansible/ansible.git","(?-mix:^lib\/ansible\/[^\/]*)",2014-03-31,"matt martz",2,36,2
"2508","https://github.com/ansible/ansible.git","(?-mix:^library\/cloud\/.*)",2014-03-31,"atlas health",4,69,2
"2509","https://github.com/ansible/ansible.git","(?-mix:^library\/source_control\/.*)",2014-03-31,"gael pasgrimaud",1,2,2
"2510","https://github.com/ansible/ansible.git","(?-mix:^library\/cloud\/.*)",2014-03-31,"james tanner",9,71,2
"2511","https://github.com/ansible/ansible.git","(?-mix:^library\/source_control\/.*)",2014-03-31,"james tanner",2,39,2
"2512","https://github.com/ansible/ansible.git","(?-mix:^lib\/ansible\/[^\/]*)",2014-03-31,"michael dehaan",2,44,2
"2513","https://github.com/ansible/ansible.git","(?-mix:^library\/files\/.*)",2014-03-31,"michael dehaan",1,5,2
"2514","https://github.com/ansible/ansible.git","(?-mix:^lib\/ansible\/[^\/]*)",2014-03-31,"serge van ginderachter",4,51,2
"2515","https://github.com/ansible/ansible.git","(?-mix:^library\/packaging\/.*)",2014-03-31,"drew blas",1,2,2
"2516","https://github.com/ansible/ansible.git","(?-mix:^library\/system\/.*)",2014-03-31,"serge van ginderachter",1,4,2
"2517","https://github.com/ansible/ansible.git","(?-mix:^library\/cloud\/.*)",2014-03-31,"ted timmons",2,4,2
"2518","https://github.com/ansible/ansible.git","(?-mix:^library\/database\/.*)",2014-03-31,"cove schneider",2,73,2
"2519","https://github.com/ansible/ansible.git","(?-mix:^library\/system\/.*)",2014-03-31,"morrisa",1,4,2
"2520","https://github.com/ansible/ansible.git","(?-mix:^library\/system\/.*)",2014-03-31,"eric lake",1,8,2
"2521","https://github.com/ansible/ansible.git","(?-mix:^library\/files\/.*)",2014-03-31,"james cammarata",3,38,2
"2522","https://github.com/ansible/ansible.git","(?-mix:^library\/monitoring\/.*)",2014-03-31,"james tanner",1,1,2
"2523","https://github.com/ansible/ansible.git","(?-mix:^library\/web_infrastructure\/.*)",2014-03-31,"james tanner",1,3,2
"2524","https://github.com/ansible/ansible.git","(?-mix:^library\/packaging\/.*)",2014-03-31,"james tanner",5,26,2
"2525","https://github.com/ansible/ansible.git","(?-mix:^library\/messaging\/.*)",2014-03-31,"james tanner",3,3,2
"2526","https://github.com/ansible/ansible.git","(?-mix:^library\/source_control\/.*)",2014-03-31,"james cammarata",1,2,2
"2527","https://github.com/ansible/ansible.git","(?-mix:^library\/system\/.*)",2014-03-31,"james tanner",1,2,2
"2528","https://github.com/ansible/ansible.git","(?-mix:^library\/cloud\/.*)",2014-03-31,"will thames",10,411,2
"2529","https://github.com/ansible/ansible.git","(?-mix:^lib\/ansible\/[^\/]*)",2014-03-31,"brian coca",1,8,2
"2530","https://github.com/ansible/ansible.git","(?-mix:^library\/cloud\/.*)",2014-03-31,"eugene brevdo",1,9,2
"2531","https://github.com/ansible/ansible.git","(?-mix:^library\/source_control\/.*)",2014-03-31,"constantine peresypkin",1,3,2
"2532","https://github.com/ansible/ansible.git","(?-mix:^library\/files\/.*)",2014-03-31,"james tanner",3,4,2
"2533","https://github.com/ansible/ansible.git","(?-mix:^library\/cloud\/.*)",2014-03-31,"matt bray",2,19,2
"2534","https://github.com/ansible/ansible.git","(?-mix:^library\/cloud\/.*)",2014-03-31,"michael j. schultz",1,3,2
"2535","https://github.com/ansible/ansible.git","(?-mix:^plugins\/inventory\/.*\.py)",2014-03-31,"matt martz",1,1,2
"2536","https://github.com/ansible/ansible.git","(?-mix:^library\/cloud\/.*)",2014-03-31,"chris conway",5,95,2
"2537","https://github.com/ansible/ansible.git","(?-mix:^lib\/ansible\/[^\/]*)",2014-03-31,"aaron iles",1,5,2
"2538","https://github.com/ansible/ansible.git","(?-mix:^library\/cloud\/.*)",2014-03-31,"joshua conner",3,23,2
"2539","https://github.com/ansible/ansible.git","(?-mix:^plugins\/inventory\/.*\.py)",2014-03-31,"joe fiorini",1,6,2
"2540","https://github.com/ansible/ansible.git","(?-mix:^library\/packaging\/.*)",2014-03-31,"cédric ricard",1,2,2
"2541","https://github.com/ansible/ansible.git","(?-mix:^library\/cloud\/.*)",2014-03-31,"evanccopengeo",2,21,2
"2542","https://github.com/ansible/ansible.git","(?-mix:^lib\/ansible\/[^\/]*)",2014-03-31,"smoothify",1,2,2
"2543","https://github.com/ansible/ansible.git","(?-mix:^library\/packaging\/.*)",2014-03-31,"jjshoe",1,1,2
"2544","https://github.com/ansible/ansible.git","(?-mix:^library\/monitoring\/.*)",2014-03-31,"brian brazil",2,97,2
"2545","https://github.com/ansible/ansible.git","(?-mix:^library\/monitoring\/.*)",2014-03-31,"andrew newdigate",2,14,2
"2546","https://github.com/ansible/ansible.git","(?-mix:^library\/packaging\/.*)",2014-03-31,"andreas fleig",1,26,2
"2547","https://github.com/ansible/ansible.git","(?-mix:^library\/source_control\/.*)",2014-03-31,"chad nelson",1,9,2
"2548","https://github.com/ansible/ansible.git","(?-mix:^lib\/ansible\/[^\/]*)",2014-03-31,"sébastien gross",1,6,2
"2549","https://github.com/ansible/ansible.git","(?-mix:^library\/cloud\/.*)",2014-03-31,"mike buzzetti",3,105,2
"2550","https://github.com/ansible/ansible.git","(?-mix:^library\/cloud\/.*)",2014-03-31,"michael heca",2,6,2
"2551","https://github.com/ansible/ansible.git","(?-mix:^library\/cloud\/.*)",2014-03-31,"bruce pennypacker",3,24,2
"2552","https://github.com/ansible/ansible.git","(?-mix:^lib\/ansible\/[^\/]*)",2014-03-31,"jim kleckner",1,2,2
"2553","https://github.com/ansible/ansible.git","(?-mix:^lib\/ansible\/[^\/]*)",2014-03-31,"michael scherer",4,9,2
"2554","https://github.com/ansible/ansible.git","(?-mix:^library\/packaging\/.*)",2014-03-31,"radek simko",2,4,2
"2555","https://github.com/ansible/ansible.git","(?-mix:^library\/system\/.*)",2014-03-31,"michael scherer",1,2,2
"2556","https://github.com/ansible/ansible.git","(?-mix:^library\/cloud\/.*)",2014-03-31,"npeters",1,1,2
"2557","https://github.com/ansible/ansible.git","(?-mix:^lib\/ansible\/[^\/]*)",2014-03-31,"cédric ricard",1,1,2
"2558","https://github.com/ansible/ansible.git","(?-mix:^library\/files\/.*)",2014-03-31,"jjshoe",2,4,2
"2559","https://github.com/ansible/ansible.git","(?-mix:^library\/files\/.*)",2014-03-31,"joel schuweiler",1,2,2
"2560","https://github.com/ansible/ansible.git","(?-mix:^library\/files\/.*)",2014-03-31,"skyler leigh amador",1,8,2
"2561","https://github.com/ansible/ansible.git","(?-mix:^lib\/ansible\/[^\/]*)",2014-03-31,"jiri barton",1,8,2
"2562","https://github.com/ansible/ansible.git","(?-mix:^lib\/ansible\/[^\/]*)",2014-03-31,"carlos e. garcia",5,12,2
"2563","https://github.com/ansible/ansible.git","(?-mix:^library\/cloud\/.*)",2014-03-31,"carlos e. garcia",8,20,2
"2564","https://github.com/ansible/ansible.git","(?-mix:^library\/database\/.*)",2014-03-31,"carlos e. garcia",1,6,2
"2565","https://github.com/ansible/ansible.git","(?-mix:^library\/files\/.*)",2014-03-31,"carlos e. garcia",2,4,2
"2566","https://github.com/ansible/ansible.git","(?-mix:^library\/net_infrastructure\/.*)",2014-03-31,"carlos e. garcia",6,12,2
"2567","https://github.com/ansible/ansible.git","(?-mix:^library\/notification\/.*)",2014-03-31,"carlos e. garcia",1,2,2
"2568","https://github.com/ansible/ansible.git","(?-mix:^library\/packaging\/.*)",2014-03-31,"carlos e. garcia",1,2,2
"2569","https://github.com/ansible/ansible.git","(?-mix:^library\/system\/.*)",2014-03-31,"carlos e. garcia",1,2,2
"2570","https://github.com/ansible/ansible.git","(?-mix:^plugins\/callbacks\/.*\.py)",2014-03-31,"carlos e. garcia",1,10,2
"2571","https://github.com/ansible/ansible.git","(?-mix:^plugins\/inventory\/.*\.py)",2014-03-31,"carlos e. garcia",1,2,2
"2572","https://github.com/ansible/ansible.git","(?-mix:^lib\/ansible\/[^\/]*)",2014-03-31,"jeffrey 'jf' lim",1,4,2
"2573","https://github.com/ansible/ansible.git","(?-mix:^library\/files\/.*)",2014-04-29,"james cammarata",1,2,3
"2574","https://github.com/ansible/ansible.git","(?-mix:^library\/cloud\/.*)",2014-04-29,"atlas health",4,36,3
"2575","https://github.com/ansible/ansible.git","(?-mix:^library\/cloud\/.*)",2014-04-29,"bryan hunt",1,6,3
"2576","https://github.com/ansible/ansible.git","(?-mix:^lib\/ansible\/[^\/]*)",2014-04-29,"james cammarata",33,328,3
"2577","https://github.com/ansible/ansible.git","(?-mix:^library\/cloud\/.*)",2014-04-29,"will thames",2,47,3
"2578","https://github.com/ansible/ansible.git","(?-mix:^library\/cloud\/.*)",2014-04-29,"kesten broughton",1,3,3
"2579","https://github.com/ansible/ansible.git","(?-mix:^library\/system\/.*)",2014-04-29,"antti salminen",1,16,3
"2580","https://github.com/ansible/ansible.git","(?-mix:^lib\/ansible\/[^\/]*)",2014-04-29,"christian berendt",12,50,3
"2581","https://github.com/ansible/ansible.git","(?-mix:^plugins\/callbacks\/.*\.py)",2014-04-29,"christian berendt",1,10,3
"2582","https://github.com/ansible/ansible.git","(?-mix:^plugins\/inventory\/.*\.py)",2014-04-29,"christian berendt",3,10,3
"2583","https://github.com/ansible/ansible.git","(?-mix:^lib\/ansible\/[^\/]*)",2014-04-29,"denis phillips",1,2,3
"2584","https://github.com/ansible/ansible.git","(?-mix:^lib\/ansible\/[^\/]*)",2014-04-29,"veeti paananen",1,7,3
"2585","https://github.com/ansible/ansible.git","(?-mix:^library\/cloud\/.*)",2014-04-29,"james cammarata",8,74,3
"2586","https://github.com/ansible/ansible.git","(?-mix:^library\/database\/.*)",2014-04-29,"adam chainz",1,4,3
"2587","https://github.com/ansible/ansible.git","(?-mix:^library\/packaging\/.*)",2014-04-29,"james cammarata",2,26,3
"2588","https://github.com/ansible/ansible.git","(?-mix:^lib\/ansible\/[^\/]*)",2014-04-29,"chris church",2,15,3
"2589","https://github.com/ansible/ansible.git","(?-mix:^library\/utilities\/.*)",2014-04-29,"james cammarata",2,4,3
"2590","https://github.com/ansible/ansible.git","(?-mix:^library\/monitoring\/.*)",2014-04-29,"chris lamb",1,2,3
"2591","https://github.com/ansible/ansible.git","(?-mix:^library\/cloud\/.*)",2014-04-29,"napkindrawing",1,2,3
"2592","https://github.com/ansible/ansible.git","(?-mix:^library\/monitoring\/.*)",2014-04-29,"james cammarata",1,2,3
"2593","https://github.com/ansible/ansible.git","(?-mix:^library\/cloud\/.*)",2014-04-29,"herby gillot",1,6,3
"2594","https://github.com/ansible/ansible.git","(?-mix:^library\/cloud\/.*)",2014-04-29,"lukas grossar",1,5,3
"2595","https://github.com/ansible/ansible.git","(?-mix:^library\/system\/.*)",2014-04-29,"adam chainz",1,4,3
"2596","https://github.com/ansible/ansible.git","(?-mix:^library\/cloud\/.*)",2014-04-29,"johannes 'fish' ziemke",3,15,3
"2597","https://github.com/ansible/ansible.git","(?-mix:^library\/packaging\/.*)",2014-04-29,"yuichi tanikawa",1,4,3
"2598","https://github.com/ansible/ansible.git","(?-mix:^library\/cloud\/.*)",2014-04-29,"matt martz",4,28,3
"2599","https://github.com/ansible/ansible.git","(?-mix:^lib\/ansible\/[^\/]*)",2014-04-29,"marco re",1,2,3
"2600","https://github.com/ansible/ansible.git","(?-mix:^library\/files\/.*)",2014-04-29,"mikhail emelchenkov",1,4,3
"2601","https://github.com/ansible/ansible.git","(?-mix:^library\/cloud\/.*)",2014-04-29,"carson gee",1,1,3
"2602","https://github.com/ansible/ansible.git","(?-mix:^lib\/ansible\/[^\/]*)",2014-04-29,"allard hoeve",1,1,3
"2603","https://github.com/ansible/ansible.git","(?-mix:^library\/cloud\/.*)",2014-04-29,"konstantin shabanov",1,2,3
"2604","https://github.com/ansible/ansible.git","(?-mix:^lib\/ansible\/[^\/]*)",2014-04-29,"michal mach",1,5,3
"2605","https://github.com/ansible/ansible.git","(?-mix:^library\/source_control\/.*)",2014-04-29,"james cammarata",3,16,3
"2606","https://github.com/ansible/ansible.git","(?-mix:^lib\/ansible\/[^\/]*)",2014-04-29,"kevin bell",1,3,3
"2607","https://github.com/ansible/ansible.git","(?-mix:^library\/cloud\/.*)",2014-04-29,"matt bray",1,2,3
"2608","https://github.com/ansible/ansible.git","(?-mix:^library\/network\/.*)",2014-04-29,"james cammarata",1,1,3
"2609","https://github.com/ansible/ansible.git","(?-mix:^library\/packaging\/.*)",2014-04-29,"abhijit menon-sen",1,9,3
"2610","https://github.com/ansible/ansible.git","(?-mix:^lib\/ansible\/[^\/]*)",2014-04-29,"matt martz",3,10,3
"2611","https://github.com/ansible/ansible.git","(?-mix:^library\/cloud\/.*)",2014-04-29,"andrew snare",1,21,3
"2612","https://github.com/ansible/ansible.git","(?-mix:^lib\/ansible\/[^\/]*)",2014-04-29,"wakayama shirou",2,7,3
"2613","https://github.com/ansible/ansible.git","(?-mix:^library\/web_infrastructure\/.*)",2014-04-29,"michael warkentin",1,4,3
"2614","https://github.com/ansible/ansible.git","(?-mix:^library\/source_control\/.*)",2014-04-29,"aleksey khudyakov",1,2,3
"2615","https://github.com/ansible/ansible.git","(?-mix:^library\/packaging\/.*)",2014-04-29,"daniel jaouen",1,46,3
"2616","https://github.com/ansible/ansible.git","(?-mix:^lib\/ansible\/[^\/]*)",2014-04-29,"abhijit menon-sen",1,2,3
"2617","https://github.com/ansible/ansible.git","(?-mix:^library\/packaging\/.*)",2014-04-29,"andrew resch",3,8,3
"2618","https://github.com/ansible/ansible.git","(?-mix:^library\/network\/.*)",2014-04-29,"brian coca",1,2,3
"2619","https://github.com/ansible/ansible.git","(?-mix:^library\/web_infrastructure\/.*)",2014-04-29,"brian coca",1,2,3
"2620","https://github.com/ansible/ansible.git","(?-mix:^library\/system\/.*)",2014-04-29,"nicolas brisac",1,2,3
"2621","https://github.com/ansible/ansible.git","(?-mix:^lib\/ansible\/[^\/]*)",2014-04-29,"brian coca",2,52,3
"2622","https://github.com/ansible/ansible.git","(?-mix:^library\/cloud\/.*)",2014-04-29,"stephen paul suarez",3,9,3
"2623","https://github.com/ansible/ansible.git","(?-mix:^library\/files\/.*)",2014-04-29,"kit westneat",1,2,3
"2624","https://github.com/ansible/ansible.git","(?-mix:^library\/cloud\/.*)",2014-04-29,"jon chen",1,13,3
"2625","https://github.com/ansible/ansible.git","(?-mix:^lib\/ansible\/[^\/]*)",2014-04-29,"isao jonas",1,2,3
"2626","https://github.com/ansible/ansible.git","(?-mix:^lib\/ansible\/[^\/]*)",2014-05-30,"marc pujol",2,39,4
"2627","https://github.com/ansible/ansible.git","(?-mix:^lib\/ansible\/[^\/]*)",2014-05-30,"jack neely",1,3,4
"2628","https://github.com/ansible/ansible.git","(?-mix:^library\/cloud\/.*)",2014-05-30,"corbanr",1,4,4
"2629","https://github.com/ansible/ansible.git","(?-mix:^library\/cloud\/.*)",2014-05-30,"matt martz",4,109,4
"2630","https://github.com/ansible/ansible.git","(?-mix:^lib\/ansible\/[^\/]*)",2014-05-30,"brian coca",1,12,4
"2631","https://github.com/ansible/ansible.git","(?-mix:^library\/cloud\/.*)",2014-05-30,"christoph dwertmann",1,4,4
"2632","https://github.com/ansible/ansible.git","(?-mix:^library\/database\/.*)",2014-05-30,"josef Špak",1,2,4
"2633","https://github.com/ansible/ansible.git","(?-mix:^lib\/ansible\/[^\/]*)",2014-05-30,"james cammarata",16,166,4
"2634","https://github.com/ansible/ansible.git","(?-mix:^library\/cloud\/.*)",2014-05-30,"evanccopengeo",1,4,4
"2635","https://github.com/ansible/ansible.git","(?-mix:^library\/cloud\/.*)",2014-05-30,"james cammarata",4,20,4
"2636","https://github.com/ansible/ansible.git","(?-mix:^plugins\/inventory\/.*\.py)",2014-05-30,"hector acosta",1,24,4
"2637","https://github.com/ansible/ansible.git","(?-mix:^library\/net_infrastructure\/.*)",2014-05-30,"serge van ginderachter",2,35,4
"2638","https://github.com/ansible/ansible.git","(?-mix:^library\/packaging\/.*)",2014-05-30,"jean-frédéric",1,2,4
"2639","https://github.com/ansible/ansible.git","(?-mix:^library\/cloud\/.*)",2014-05-30,"ryan petrello",1,17,4
"2640","https://github.com/ansible/ansible.git","(?-mix:^library\/database\/.*)",2014-05-30,"james cammarata",1,4,4
"2641","https://github.com/ansible/ansible.git","(?-mix:^library\/files\/.*)",2014-05-30,"ahti kitsik",1,8,4
"2642","https://github.com/ansible/ansible.git","(?-mix:^lib\/ansible\/[^\/]*)",2014-05-30,"smoothify",1,4,4
"2643","https://github.com/ansible/ansible.git","(?-mix:^library\/system\/.*)",2014-05-30,"ron gomes",1,2,4
"2644","https://github.com/ansible/ansible.git","(?-mix:^library\/notification\/.*)",2014-05-30,"brad pitcher",1,34,4
"2645","https://github.com/ansible/ansible.git","(?-mix:^library\/cloud\/.*)",2014-05-30,"paul myjavec",1,19,4
"2646","https://github.com/ansible/ansible.git","(?-mix:^lib\/ansible\/[^\/]*)",2014-05-30,"eri bastos",1,4,4
"2647","https://github.com/ansible/ansible.git","(?-mix:^library\/system\/.*)",2014-05-30,"todd owen",1,19,4
"2648","https://github.com/ansible/ansible.git","(?-mix:^library\/cloud\/.*)",2014-05-30,"peter kolloch",1,10,4
"2649","https://github.com/ansible/ansible.git","(?-mix:^library\/system\/.*)",2014-05-30,"olivier louvignes",1,5,4
"2650","https://github.com/ansible/ansible.git","(?-mix:^library\/cloud\/.*)",2014-05-30,"brice leroy",1,2,4
"2651","https://github.com/ansible/ansible.git","(?-mix:^library\/system\/.*)",2014-05-30,"ruggero marchei",2,138,4
"2652","https://github.com/ansible/ansible.git","(?-mix:^library\/packaging\/.*)",2014-05-30,"matthew pherigo",1,7,4
"2653","https://github.com/ansible/ansible.git","(?-mix:^library\/packaging\/.*)",2014-05-30,"todd owen",1,6,4
"2654","https://github.com/ansible/ansible.git","(?-mix:^library\/files\/.*)",2014-05-30,"todd owen",2,8,4
"2655","https://github.com/ansible/ansible.git","(?-mix:^lib\/ansible\/[^\/]*)",2014-05-30,"matt bray",1,2,4
"2656","https://github.com/ansible/ansible.git","(?-mix:^library\/packaging\/.*)",2014-05-30,"james cammarata",2,38,4
"2657","https://github.com/ansible/ansible.git","(?-mix:^library\/files\/.*)",2014-05-30,"james cammarata",2,10,4
"2658","https://github.com/ansible/ansible.git","(?-mix:^library\/packaging\/.*)",2014-05-30,"koen punt",2,18,4
"2659","https://github.com/ansible/ansible.git","(?-mix:^lib\/ansible\/[^\/]*)",2014-05-30,"ruggero marchei",1,12,4
"2660","https://github.com/ansible/ansible.git","(?-mix:^library\/web_infrastructure\/.*)",2014-05-30,"joel crocker",1,1,4
"2661","https://github.com/ansible/ansible.git","(?-mix:^library\/system\/.*)",2014-05-30,"ilya rusalowski",1,2,4
"2662","https://github.com/ansible/ansible.git","(?-mix:^lib\/ansible\/[^\/]*)",2014-05-30,"michael dehaan",5,31,4
"2663","https://github.com/ansible/ansible.git","(?-mix:^library\/cloud\/.*)",2014-05-30,"will thames",1,13,4
"2664","https://github.com/ansible/ansible.git","(?-mix:^lib\/ansible\/[^\/]*)",2014-05-30,"chris church",21,230,4
"2665","https://github.com/ansible/ansible.git","(?-mix:^lib\/ansible\/[^\/]*)",2014-05-30,"matt martz",3,34,4
"2666","https://github.com/ansible/ansible.git","(?-mix:^library\/system\/.*)",2014-05-30,"matt martz",1,2,4
"2667","https://github.com/ansible/ansible.git","(?-mix:^library\/system\/.*)",2014-05-30,"michael dehaan",1,3,4
"2668","https://github.com/ansible/ansible.git","(?-mix:^library\/files\/.*)",2014-05-30,"norman j. harman jr",1,2,4
"2669","https://github.com/ansible/ansible.git","(?-mix:^library\/net_infrastructure\/.*)",2014-05-30,"david stygstra",2,10,4
"2670","https://github.com/ansible/ansible.git","(?-mix:^library\/system\/.*)",2014-05-30,"david stygstra",1,5,4
"2671","https://github.com/ansible/ansible.git","(?-mix:^library\/system\/.*)",2014-05-30,"james cammarata",1,2,4
"2672","https://github.com/ansible/ansible.git","(?-mix:^lib\/ansible\/[^\/]*)",2014-05-30,"chris hoffman",1,2,4
"2673","https://github.com/ansible/ansible.git","(?-mix:^library\/packaging\/.*)",2014-05-30,"yuyak",1,2,4
"2674","https://github.com/ansible/ansible.git","(?-mix:^lib\/ansible\/[^\/]*)",2014-05-30,"jakub jirutka",1,1,4
"2675","https://github.com/ansible/ansible.git","(?-mix:^lib\/ansible\/[^\/]*)",2014-05-30,"paul sokolovsky",2,12,4
"2676","https://github.com/ansible/ansible.git","(?-mix:^lib\/ansible\/[^\/]*)",2014-05-30,"thomas mangin",1,3,4
"2677","https://github.com/ansible/ansible.git","(?-mix:^library\/cloud\/.*)",2014-05-30,"michael peters",1,8,4
"2678","https://github.com/ansible/ansible.git","(?-mix:^library\/packaging\/.*)",2014-05-30,"sam hanes",1,4,4
"2679","https://github.com/ansible/ansible.git","(?-mix:^library\/cloud\/.*)",2014-05-30,"stephen paul suarez",2,11,4
"2680","https://github.com/ansible/ansible.git","(?-mix:^library\/cloud\/.*)",2014-05-30,"tim ruffles",1,2,4
"2681","https://github.com/ansible/ansible.git","(?-mix:^library\/packaging\/.*)",2014-05-30,"trbs",1,4,4
"2682","https://github.com/ansible/ansible.git","(?-mix:^library\/packaging\/.*)",2014-05-30,"sid",1,11,4
"2683","https://github.com/ansible/ansible.git","(?-mix:^library\/packaging\/.*)",2014-05-30,"hector acosta",2,110,4
"2684","https://github.com/ansible/ansible.git","(?-mix:^lib\/ansible\/[^\/]*)",2014-05-30,"mesk41in",2,9,4
"2685","https://github.com/ansible/ansible.git","(?-mix:^library\/system\/.*)",2014-05-30,"markus amalthea magnuson",1,2,4
"2686","https://github.com/ansible/ansible.git","(?-mix:^library\/cloud\/.*)",2014-05-30,"steve zesch",1,81,4
"2687","https://github.com/ansible/ansible.git","(?-mix:^library\/files\/.*)",2014-05-30,"brian coca",1,23,4
"2688","https://github.com/ansible/ansible.git","(?-mix:^plugins\/inventory\/.*\.py)",2014-06-29,"marc abramowitz",3,124,5
"2689","https://github.com/ansible/ansible.git","(?-mix:^library\/system\/.*)",2014-06-29,"prune",1,11,5
"2690","https://github.com/ansible/ansible.git","(?-mix:^lib\/ansible\/[^\/]*)",2014-06-29,"james cammarata",27,442,5
"2691","https://github.com/ansible/ansible.git","(?-mix:^plugins\/inventory\/.*\.py)",2014-06-29,"chris church",2,91,5
"2692","https://github.com/ansible/ansible.git","(?-mix:^lib\/ansible\/[^\/]*)",2014-06-29,"chris church",5,31,5
"2693","https://github.com/ansible/ansible.git","(?-mix:^plugins\/callbacks\/.*\.py)",2014-06-29,"chris church",5,18,5
"2694","https://github.com/ansible/ansible.git","(?-mix:^lib\/ansible\/[^\/]*)",2014-06-29,"marc abramowitz",1,10,5
"2695","https://github.com/ansible/ansible.git","(?-mix:^lib\/ansible\/[^\/]*)",2014-06-29,"casey fitzpatrick",1,2,5
"2696","https://github.com/ansible/ansible.git","(?-mix:^lib\/ansible\/[^\/]*)",2014-06-29,"henry finucane",1,14,5
"2697","https://github.com/ansible/ansible.git","(?-mix:^lib\/ansible\/[^\/]*)",2014-06-29,"michael dehaan",9,266,5
"2698","https://github.com/ansible/ansible.git","(?-mix:^library\/cloud\/.*)",2014-06-29,"quinn slack",1,3,5
"2699","https://github.com/ansible/ansible.git","(?-mix:^library\/cloud\/.*)",2014-06-29,"tim rupp",1,2,5
"2700","https://github.com/ansible/ansible.git","(?-mix:^lib\/ansible\/[^\/]*)",2014-06-29,"leonid evdokimov",1,4,5
"2701","https://github.com/ansible/ansible.git","(?-mix:^lib\/ansible\/[^\/]*)",2014-06-29,"matt martz",1,15,5
"2702","https://github.com/ansible/ansible.git","(?-mix:^lib\/ansible\/[^\/]*)",2014-06-29,"serge van ginderachter",4,13,5
"2703","https://github.com/ansible/ansible.git","(?-mix:^library\/cloud\/.*)",2014-06-29,"eric brown",1,20,5
"2704","https://github.com/ansible/ansible.git","(?-mix:^library\/cloud\/.*)",2014-06-29,"joe moretti",1,11,5
"2705","https://github.com/ansible/ansible.git","(?-mix:^library\/system\/.*)",2014-06-29,"cristian ciupitu",1,2,5
"2706","https://github.com/ansible/ansible.git","(?-mix:^lib\/ansible\/[^\/]*)",2014-06-29,"dan slimmon",1,4,5
"2707","https://github.com/ansible/ansible.git","(?-mix:^lib\/ansible\/[^\/]*)",2014-06-29,"bjorn neergaard",1,5,5
"2708","https://github.com/ansible/ansible.git","(?-mix:^library\/source_control\/.*)",2014-06-29,"michael dehaan",1,4,5
"2709","https://github.com/ansible/ansible.git","(?-mix:^library\/packaging\/.*)",2014-06-29,"dustin c. hatch",1,2,5
"2710","https://github.com/ansible/ansible.git","(?-mix:^library\/packaging\/.*)",2014-06-29,"andrew demaria",1,3,5
"2711","https://github.com/ansible/ansible.git","(?-mix:^library\/files\/.*)",2014-06-29,"henry finucane",1,13,5
"2712","https://github.com/ansible/ansible.git","(?-mix:^library\/packaging\/.*)",2014-06-29,"henry finucane",1,2,5
"2713","https://github.com/ansible/ansible.git","(?-mix:^library\/packaging\/.*)",2014-06-29,"aladin jaermann",1,2,5
"2714","https://github.com/ansible/ansible.git","(?-mix:^plugins\/inventory\/.*\.py)",2014-06-29,"adam chainz",1,0,5
"2715","https://github.com/ansible/ansible.git","(?-mix:^library\/cloud\/.*)",2014-06-29,"james cammarata",2,1,5
"2716","https://github.com/ansible/ansible.git","(?-mix:^library\/files\/.*)",2014-06-29,"nick shobe",1,6,5
"2717","https://github.com/ansible/ansible.git","(?-mix:^library\/cloud\/.*)",2014-06-29,"napkindrawing",1,16,5
"2718","https://github.com/ansible/ansible.git","(?-mix:^lib\/ansible\/[^\/]*)",2014-06-29,"jacob leverich",1,2,5
"2719","https://github.com/ansible/ansible.git","(?-mix:^library\/system\/.*)",2014-06-29,"ruggero marchei",2,28,5
"2720","https://github.com/ansible/ansible.git","(?-mix:^library\/cloud\/.*)",2014-06-29,"andrea mandolo",1,2,5
"2721","https://github.com/ansible/ansible.git","(?-mix:^lib\/ansible\/[^\/]*)",2014-06-29,"ruggero marchei",1,2,5
"2722","https://github.com/ansible/ansible.git","(?-mix:^library\/monitoring\/.*)",2014-06-29,"michael dehaan",2,354,5
"2723","https://github.com/ansible/ansible.git","(?-mix:^library\/files\/.*)",2014-06-29,"michael dehaan",2,6,5
"2724","https://github.com/ansible/ansible.git","(?-mix:^lib\/ansible\/[^\/]*)",2014-06-29,"felix geyer",1,2,5
"2725","https://github.com/ansible/ansible.git","(?-mix:^library\/notification\/.*)",2014-06-29,"jimena cabrera-notari",1,15,5
"2726","https://github.com/ansible/ansible.git","(?-mix:^library\/cloud\/.*)",2014-06-29,"jacob hickey",1,6,5
"2727","https://github.com/ansible/ansible.git","(?-mix:^library\/system\/.*)",2014-06-29,"yasser nabi",1,2,5
"2728","https://github.com/ansible/ansible.git","(?-mix:^library\/net_infrastructure\/.*)",2014-06-29,"will angenent",1,4,5
"2729","https://github.com/ansible/ansible.git","(?-mix:^library\/files\/.*)",2014-06-29,"lee gillentine",2,5,5
"2730","https://github.com/ansible/ansible.git","(?-mix:^library\/system\/.*)",2014-06-29,"hector acosta",1,8,5
"2731","https://github.com/ansible/ansible.git","(?-mix:^library\/cloud\/.*)",2014-06-29,"michael dehaan",2,6,5
"2732","https://github.com/ansible/ansible.git","(?-mix:^lib\/ansible\/[^\/]*)",2014-06-29,"benno joy",1,7,5
"2733","https://github.com/ansible/ansible.git","(?-mix:^lib\/ansible\/[^\/]*)",2014-06-29,"someda",1,1,5
"2734","https://github.com/ansible/ansible.git","(?-mix:^library\/files\/.*)",2014-06-29,"anatoly techtonik",1,2,5
"2735","https://github.com/ansible/ansible.git","(?-mix:^library\/system\/.*)",2014-06-29,"tom lazar",1,0,5
"2736","https://github.com/ansible/ansible.git","(?-mix:^library\/cloud\/.*)",2014-06-29,"james martin",1,12,5
"2737","https://github.com/ansible/ansible.git","(?-mix:^library\/cloud\/.*)",2014-06-29,"james laska",1,2,5
"2738","https://github.com/ansible/ansible.git","(?-mix:^library\/system\/.*)",2014-06-29,"robin roth",2,4,5
"2739","https://github.com/ansible/ansible.git","(?-mix:^lib\/ansible\/[^\/]*)",2014-06-29,"veeti paananen",1,2,5
"2740","https://github.com/ansible/ansible.git","(?-mix:^library\/system\/.*)",2014-06-29,"bjorn neergaard",1,16,5
"2741","https://github.com/ansible/ansible.git","(?-mix:^lib\/ansible\/[^\/]*)",2014-07-28,"james cammarata",64,579,6
"2742","https://github.com/ansible/ansible.git","(?-mix:^lib\/ansible\/[^\/]*)",2014-07-28,"veeti paananen",2,4,6
"2743","https://github.com/ansible/ansible.git","(?-mix:^library\/cloud\/.*)",2014-07-28,"damjan georgievski",1,2,6
"2744","https://github.com/ansible/ansible.git","(?-mix:^library\/cloud\/.*)",2014-07-28,"kurt yoder",1,2,6
"2745","https://github.com/ansible/ansible.git","(?-mix:^library\/cloud\/.*)",2014-07-28,"dave johnson",1,6,6
"2746","https://github.com/ansible/ansible.git","(?-mix:^lib\/ansible\/[^\/]*)",2014-07-28,"marc abramowitz",1,8,6
"2747","https://github.com/ansible/ansible.git","(?-mix:^library\/cloud\/.*)",2014-07-28,"james cammarata",9,121,6
"2748","https://github.com/ansible/ansible.git","(?-mix:^library\/cloud\/.*)",2014-07-28,"lorin hochstein",1,3,6
"2749","https://github.com/ansible/ansible.git","(?-mix:^lib\/ansible\/[^\/]*)",2014-07-28,"grzegorz nosek",1,4,6
"2750","https://github.com/ansible/ansible.git","(?-mix:^plugins\/inventory\/.*\.py)",2014-07-28,"luke sneeringer",1,46,6
"2751","https://github.com/ansible/ansible.git","(?-mix:^library\/system\/.*)",2014-07-28,"jonathan mainguy",1,2,6
"2752","https://github.com/ansible/ansible.git","(?-mix:^library\/cloud\/.*)",2014-07-28,"capttofu",1,139,6
"2753","https://github.com/ansible/ansible.git","(?-mix:^library\/cloud\/.*)",2014-07-28,"monty taylor",39,991,6
"2754","https://github.com/ansible/ansible.git","(?-mix:^plugins\/inventory\/.*\.py)",2014-07-28,"monty taylor",1,28,6
"2755","https://github.com/ansible/ansible.git","(?-mix:^library\/packaging\/.*)",2014-07-28,"ebargtuo",1,2,6
"2756","https://github.com/ansible/ansible.git","(?-mix:^library\/cloud\/.*)",2014-07-28,"will thames",2,13,6
"2757","https://github.com/ansible/ansible.git","(?-mix:^library\/files\/.*)",2014-07-28,"michael dehaan",4,16,6
"2758","https://github.com/ansible/ansible.git","(?-mix:^lib\/ansible\/[^\/]*)",2014-07-28,"michael dehaan",19,154,6
"2759","https://github.com/ansible/ansible.git","(?-mix:^library\/cloud\/.*)",2014-07-28,"james martin",1,58,6
"2760","https://github.com/ansible/ansible.git","(?-mix:^library\/packaging\/.*)",2014-07-28,"jonathan mainguy",1,8,6
"2761","https://github.com/ansible/ansible.git","(?-mix:^lib\/ansible\/[^\/]*)",2014-07-28,"serge van ginderachter",9,53,6
"2762","https://github.com/ansible/ansible.git","(?-mix:^lib\/ansible\/[^\/]*)",2014-07-28,"jonathan mainguy",1,2,6
"2763","https://github.com/ansible/ansible.git","(?-mix:^lib\/ansible\/[^\/]*)",2014-07-28,"alexander lozovskoy",1,4,6
"2764","https://github.com/ansible/ansible.git","(?-mix:^library\/packaging\/.*)",2014-07-28,"christophe biocca",1,2,6
"2765","https://github.com/ansible/ansible.git","(?-mix:^lib\/ansible\/[^\/]*)",2014-07-28,"matt martz",6,214,6
"2766","https://github.com/ansible/ansible.git","(?-mix:^library\/cloud\/.*)",2014-07-28,"matt martz",11,261,6
"2767","https://github.com/ansible/ansible.git","(?-mix:^library\/files\/.*)",2014-07-28,"will thames",1,10,6
"2768","https://github.com/ansible/ansible.git","(?-mix:^lib\/ansible\/[^\/]*)",2014-07-28,"bekim berisha",1,2,6
"2769","https://github.com/ansible/ansible.git","(?-mix:^library\/cloud\/.*)",2014-07-28,"michael peters",2,5,6
"2770","https://github.com/ansible/ansible.git","(?-mix:^plugins\/inventory\/.*\.py)",2014-07-28,"michael peters",3,34,6
"2771","https://github.com/ansible/ansible.git","(?-mix:^library\/cloud\/.*)",2014-07-28,"alexey wasilyev",1,2,6
"2772","https://github.com/ansible/ansible.git","(?-mix:^library\/cloud\/.*)",2014-07-28,"michael dehaan",2,21,6
"2773","https://github.com/ansible/ansible.git","(?-mix:^lib\/ansible\/[^\/]*)",2014-07-28,"michael peters",1,10,6
"2774","https://github.com/ansible/ansible.git","(?-mix:^library\/cloud\/.*)",2014-07-28,"mike buzzetti",1,21,6
"2775","https://github.com/ansible/ansible.git","(?-mix:^library\/monitoring\/.*)",2014-07-28,"michael dehaan",1,6,6
"2776","https://github.com/ansible/ansible.git","(?-mix:^library\/packaging\/.*)",2014-07-28,"alexander gubin",1,24,6
"2777","https://github.com/ansible/ansible.git","(?-mix:^library\/packaging\/.*)",2014-07-28,"alxgu",2,5,6
"2778","https://github.com/ansible/ansible.git","(?-mix:^library\/packaging\/.*)",2014-07-28,"michael dehaan",2,3,6
"2779","https://github.com/ansible/ansible.git","(?-mix:^library\/packaging\/.*)",2014-07-28,"karol hosiawa",1,8,6
"2780","https://github.com/ansible/ansible.git","(?-mix:^library\/notification\/.*)",2014-07-28,"andrew hamilton",1,16,6
"2781","https://github.com/ansible/ansible.git","(?-mix:^library\/notification\/.*)",2014-07-28,"james cammarata",1,2,6
"2782","https://github.com/ansible/ansible.git","(?-mix:^library\/files\/.*)",2014-07-28,"piffey parlance",1,5,6
"2783","https://github.com/ansible/ansible.git","(?-mix:^lib\/ansible\/[^\/]*)",2014-07-28,"marcus cobden",4,95,6
"2784","https://github.com/ansible/ansible.git","(?-mix:^library\/packaging\/.*)",2014-07-28,"jeppe toustrup",1,5,6
"2785","https://github.com/ansible/ansible.git","(?-mix:^library\/files\/.*)",2014-07-28,"james cammarata",6,42,6
"2786","https://github.com/ansible/ansible.git","(?-mix:^lib\/ansible\/[^\/]*)",2014-07-28,"josh drake",4,45,6
"2787","https://github.com/ansible/ansible.git","(?-mix:^lib\/ansible\/[^\/]*)",2014-07-28,"jakub paweł głazik",2,25,6
"2788","https://github.com/ansible/ansible.git","(?-mix:^library\/cloud\/.*)",2014-07-28,"eric brown",2,5,6
"2789","https://github.com/ansible/ansible.git","(?-mix:^library\/packaging\/.*)",2014-07-28,"marcus jaschen",1,2,6
"2790","https://github.com/ansible/ansible.git","(?-mix:^lib\/ansible\/[^\/]*)",2014-07-28,"cristian ciupitu",1,4,6
"2791","https://github.com/ansible/ansible.git","(?-mix:^lib\/ansible\/[^\/]*)",2014-07-28,"lukas wunner",2,8,6
"2792","https://github.com/ansible/ansible.git","(?-mix:^library\/packaging\/.*)",2014-07-28,"rghe",1,11,6
"2793","https://github.com/ansible/ansible.git","(?-mix:^library\/net_infrastructure\/.*)",2014-07-28,"michael dehaan",4,1227,6
"2794","https://github.com/ansible/ansible.git","(?-mix:^lib\/ansible\/[^\/]*)",2014-07-28,"will thames",11,93,6
"2795","https://github.com/ansible/ansible.git","(?-mix:^library\/system\/.*)",2014-07-28,"johann schmitz",1,43,6
"2796","https://github.com/ansible/ansible.git","(?-mix:^library\/cloud\/.*)",2014-07-28,"eric d. white",1,1,6
"2797","https://github.com/ansible/ansible.git","(?-mix:^library\/files\/.*)",2014-07-28,"brian coca",1,2,6
"2798","https://github.com/ansible/ansible.git","(?-mix:^library\/system\/.*)",2014-07-28,"matt parker",2,7,6
"2799","https://github.com/ansible/ansible.git","(?-mix:^library\/system\/.*)",2014-07-28,"james cammarata",2,36,6
"2800","https://github.com/ansible/ansible.git","(?-mix:^lib\/ansible\/[^\/]*)",2014-07-28,"y_nk",1,3,6
"2801","https://github.com/ansible/ansible.git","(?-mix:^library\/system\/.*)",2014-07-28,"eri bastos",1,6,6
"2802","https://github.com/ansible/ansible.git","(?-mix:^library\/cloud\/.*)",2014-07-28,"peter fry",1,25,6
"2803","https://github.com/ansible/ansible.git","(?-mix:^library\/cloud\/.*)",2014-07-28,"emil palm",1,2,6
"2804","https://github.com/ansible/ansible.git","(?-mix:^lib\/ansible\/[^\/]*)",2014-07-28,"victor lin",9,104,6
"2805","https://github.com/ansible/ansible.git","(?-mix:^library\/system\/.*)",2014-08-28,"patrik lundin",1,12,7
"2806","https://github.com/ansible/ansible.git","(?-mix:^lib\/ansible\/[^\/]*)",2014-08-28,"matt martz",3,34,7
"2807","https://github.com/ansible/ansible.git","(?-mix:^library\/cloud\/.*)",2014-08-28,"jonathan richard henry evans (jrhe)",1,4,7
"2808","https://github.com/ansible/ansible.git","(?-mix:^lib\/ansible\/[^\/]*)",2014-08-28,"brian coca",1,10,7
"2809","https://github.com/ansible/ansible.git","(?-mix:^lib\/ansible\/[^\/]*)",2014-08-28,"james cammarata",32,367,7
"2810","https://github.com/ansible/ansible.git","(?-mix:^library\/cloud\/.*)",2014-08-28,"david stygstra",1,4,7
"2811","https://github.com/ansible/ansible.git","(?-mix:^lib\/ansible\/[^\/]*)",2014-08-28,"dionysis grigoropoulos",1,4,7
"2812","https://github.com/ansible/ansible.git","(?-mix:^library\/packaging\/.*)",2014-08-28,"tyler kellen",1,9,7
"2813","https://github.com/ansible/ansible.git","(?-mix:^lib\/ansible\/[^\/]*)",2014-08-28,"henry finucane",1,1,7
"2814","https://github.com/ansible/ansible.git","(?-mix:^lib\/ansible\/[^\/]*)",2014-08-28,"kristofor varhus",1,2,7
"2815","https://github.com/ansible/ansible.git","(?-mix:^library\/packaging\/.*)",2014-08-28,"kristofor varhus",2,105,7
"2816","https://github.com/ansible/ansible.git","(?-mix:^library\/cloud\/.*)",2014-08-28,"matt martz",2,4,7
"2817","https://github.com/ansible/ansible.git","(?-mix:^library\/packaging\/.*)",2014-08-28,"james cammarata",2,13,7
"2818","https://github.com/ansible/ansible.git","(?-mix:^plugins\/inventory\/.*\.py)",2014-08-28,"michal gasek",1,14,7
"2819","https://github.com/ansible/ansible.git","(?-mix:^lib\/ansible\/[^\/]*)",2014-08-28,"michael scherer",1,2,7
"2820","https://github.com/ansible/ansible.git","(?-mix:^library\/packaging\/.*)",2014-08-28,"alexander gubin",2,6,7
"2821","https://github.com/ansible/ansible.git","(?-mix:^library\/cloud\/.*)",2014-08-28,"tepwil",1,2,7
"2822","https://github.com/ansible/ansible.git","(?-mix:^lib\/ansible\/[^\/]*)",2014-08-28,"toshio kuratomi",3,195,7
"2823","https://github.com/ansible/ansible.git","(?-mix:^lib\/ansible\/[^\/]*)",2014-08-28,"bruno bailluet",1,1,7
"2824","https://github.com/ansible/ansible.git","(?-mix:^lib\/ansible\/[^\/]*)",2014-08-28,"niko felger",1,2,7
"2825","https://github.com/ansible/ansible.git","(?-mix:^library\/cloud\/.*)",2014-08-28,"toshio kuratomi",9,95,7
"2826","https://github.com/ansible/ansible.git","(?-mix:^lib\/ansible\/[^\/]*)",2014-08-28,"serge van ginderachter",1,2,7
"2827","https://github.com/ansible/ansible.git","(?-mix:^library\/cloud\/.*)",2014-08-28,"james cammarata",4,18,7
"2828","https://github.com/ansible/ansible.git","(?-mix:^lib\/ansible\/[^\/]*)",2014-08-28,"will thames",3,16,7
"2829","https://github.com/ansible/ansible.git","(?-mix:^library\/database\/.*)",2014-08-28,"james martin",1,1,7
"2830","https://github.com/ansible/ansible.git","(?-mix:^lib\/ansible\/[^\/]*)",2014-08-28,"michael dehaan",12,92,7
"2831","https://github.com/ansible/ansible.git","(?-mix:^library\/utilities\/.*)",2014-08-28,"james cammarata",1,8,7
"2832","https://github.com/ansible/ansible.git","(?-mix:^library\/system\/.*)",2014-08-28,"james cammarata",1,18,7
"2833","https://github.com/ansible/ansible.git","(?-mix:^library\/files\/.*)",2014-08-28,"tongliang liu",1,4,7
"2834","https://github.com/ansible/ansible.git","(?-mix:^library\/files\/.*)",2014-08-28,"james cammarata",2,12,7
"2835","https://github.com/ansible/ansible.git","(?-mix:^library\/cloud\/.*)",2014-08-28,"ted timmons",2,4,7
"2836","https://github.com/ansible/ansible.git","(?-mix:^library\/system\/.*)",2014-08-28,"toshio kuratomi",8,429,7
"2837","https://github.com/ansible/ansible.git","(?-mix:^library\/source_control\/.*)",2014-08-28,"devin austin",1,3,7
"2838","https://github.com/ansible/ansible.git","(?-mix:^library\/source_control\/.*)",2014-08-28,"james cammarata",1,38,7
"2839","https://github.com/ansible/ansible.git","(?-mix:^library\/cloud\/.*)",2014-08-28,"sam pierson",1,2,7
"2840","https://github.com/ansible/ansible.git","(?-mix:^library\/cloud\/.*)",2014-08-28,"evan coury",1,2,7
"2841","https://github.com/ansible/ansible.git","(?-mix:^library\/packaging\/.*)",2014-08-28,"james pharaoh",1,3,7
"2842","https://github.com/ansible/ansible.git","(?-mix:^library\/system\/.*)",2014-08-28,"michael scherer",1,1,7
"2843","https://github.com/ansible/ansible.git","(?-mix:^library\/cloud\/.*)",2014-08-28,"steven ringo",1,6,7
"2844","https://github.com/ansible/ansible.git","(?-mix:^lib\/ansible\/[^\/]*)",2014-08-28,"jakub roztocil",1,1,7
"2845","https://github.com/ansible/ansible.git","(?-mix:^library\/cloud\/.*)",2014-08-28,"michael dehaan",48,17424,7
"2846","https://github.com/ansible/ansible.git","(?-mix:^library\/database\/.*)",2014-08-28,"michael dehaan",6,2061,7
"2847","https://github.com/ansible/ansible.git","(?-mix:^library\/files\/.*)",2014-08-28,"michael dehaan",7,1902,7
"2848","https://github.com/ansible/ansible.git","(?-mix:^library\/messaging\/.*)",2014-08-28,"michael dehaan",5,834,7
"2849","https://github.com/ansible/ansible.git","(?-mix:^library\/monitoring\/.*)",2014-08-28,"michael dehaan",7,1196,7
"2850","https://github.com/ansible/ansible.git","(?-mix:^library\/net_infrastructure\/.*)",2014-08-28,"michael dehaan",9,2954,7
"2851","https://github.com/ansible/ansible.git","(?-mix:^library\/network\/.*)",2014-08-28,"michael dehaan",1,445,7
"2852","https://github.com/ansible/ansible.git","(?-mix:^library\/notification\/.*)",2014-08-28,"michael dehaan",8,1337,7
"2853","https://github.com/ansible/ansible.git","(?-mix:^library\/packaging\/.*)",2014-08-28,"michael dehaan",23,6790,7
"2854","https://github.com/ansible/ansible.git","(?-mix:^library\/source_control\/.*)",2014-08-28,"michael dehaan",4,1274,7
"2855","https://github.com/ansible/ansible.git","(?-mix:^library\/system\/.*)",2014-08-28,"michael dehaan",14,5314,7
"2856","https://github.com/ansible/ansible.git","(?-mix:^library\/utilities\/.*)",2014-08-28,"michael dehaan",3,828,7
"2857","https://github.com/ansible/ansible.git","(?-mix:^library\/web_infrastructure\/.*)",2014-08-28,"michael dehaan",5,1075,7
"2858","https://github.com/ansible/ansible.git","(?-mix:^lib\/ansible\/[^\/]*)",2014-09-26,"bruno bailluet",6,15,8
"2859","https://github.com/ansible/ansible.git","(?-mix:^lib\/ansible\/[^\/]*)",2014-09-26,"will thames",3,35,8
"2860","https://github.com/ansible/ansible.git","(?-mix:^lib\/ansible\/[^\/]*)",2014-09-26,"michael dehaan",6,23,8
"2861","https://github.com/ansible/ansible.git","(?-mix:^lib\/ansible\/[^\/]*)",2014-09-26,"toshio kuratomi",15,231,8
"2862","https://github.com/ansible/ansible.git","(?-mix:^lib\/ansible\/[^\/]*)",2014-09-26,"james laska",1,2,8
"2863","https://github.com/ansible/ansible.git","(?-mix:^lib\/ansible\/[^\/]*)",2014-09-26,"james cammarata",15,112,8
"2864","https://github.com/ansible/ansible.git","(?-mix:^library\/utilities\/.*)",2014-09-26,"michael dehaan",2,18,8
"2865","https://github.com/ansible/ansible.git","(?-mix:^lib\/ansible\/[^\/]*)",2014-09-26,"bruce pennypacker",1,20,8
"2866","https://github.com/ansible/ansible.git","(?-mix:^lib\/ansible\/[^\/]*)",2014-09-26,"brian coca",3,16,8
"2867","https://github.com/ansible/ansible.git","(?-mix:^lib\/ansible\/[^\/]*)",2014-09-26,"rob howard",1,5,8
"2868","https://github.com/ansible/ansible.git","(?-mix:^lib\/ansible\/[^\/]*)",2014-09-26,"chris church",2,7,8
"2869","https://github.com/ansible/ansible.git","(?-mix:^lib\/ansible\/[^\/]*)",2014-09-26,"matt coddington",1,2,8
"2870","https://github.com/ansible/ansible.git","(?-mix:^plugins\/inventory\/.*\.py)",2014-09-26,"david kirchner",1,8,8
"2871","https://github.com/ansible/ansible.git","(?-mix:^plugins\/inventory\/.*\.py)",2014-09-26,"szk.kentaro",1,8,8
"2872","https://github.com/ansible/ansible.git","(?-mix:^library\/utilities\/.*)",2014-09-26,"toshio kuratomi",1,4,8
"2873","https://github.com/ansible/ansible.git","(?-mix:^plugins\/inventory\/.*\.py)",2014-09-26,"andres silva",1,4,8
"2874","https://github.com/ansible/ansible.git","(?-mix:^lib\/ansible\/[^\/]*)",2014-09-26,"michael warkentin",1,2,8
"2875","https://github.com/ansible/ansible.git","(?-mix:^lib\/ansible\/[^\/]*)",2014-10-27,"brian coca",8,40,9
"2876","https://github.com/ansible/ansible.git","(?-mix:^lib\/ansible\/[^\/]*)",2014-10-27,"will thames",1,9,9
"2877","https://github.com/ansible/ansible.git","(?-mix:^lib\/ansible\/[^\/]*)",2014-10-27,"akinsley",1,2,9
"2878","https://github.com/ansible/ansible.git","(?-mix:^lib\/ansible\/[^\/]*)",2014-10-27,"james cammarata",10,155,9
"2879","https://github.com/ansible/ansible.git","(?-mix:^lib\/ansible\/[^\/]*)",2014-10-27,"matt martz",2,4,9
"2880","https://github.com/ansible/ansible.git","(?-mix:^lib\/ansible\/[^\/]*)",2014-10-27,"toshio kuratomi",30,299,9
"2881","https://github.com/ansible/ansible.git","(?-mix:^lib\/ansible\/[^\/]*)",2014-10-27,"ding deng",1,2,9
"2882","https://github.com/ansible/ansible.git","(?-mix:^plugins\/inventory\/.*\.py)",2014-10-27,"sergei antipov",1,1,9
"2883","https://github.com/ansible/ansible.git","(?-mix:^plugins\/inventory\/.*\.py)",2014-10-27,"matt martz",4,342,9
"2884","https://github.com/ansible/ansible.git","(?-mix:^lib\/ansible\/[^\/]*)",2014-10-27,"jon hadfield",1,19,9
"2885","https://github.com/ansible/ansible.git","(?-mix:^lib\/ansible\/[^\/]*)",2014-10-27,"kishin yagami",2,7,9
"2886","https://github.com/ansible/ansible.git","(?-mix:^lib\/ansible\/[^\/]*)",2014-10-27,"chris church",2,9,9
"2887","https://github.com/ansible/ansible.git","(?-mix:^lib\/ansible\/[^\/]*)",2014-10-27,"marc abramowitz",1,23,9
"2888","https://github.com/ansible/ansible.git","(?-mix:^lib\/ansible\/[^\/]*)",2014-11-25,"james cammarata",6,51,10
"2889","https://github.com/ansible/ansible.git","(?-mix:^lib\/ansible\/[^\/]*)",2014-11-25,"brian coca",12,51,10
"2890","https://github.com/ansible/ansible.git","(?-mix:^lib\/ansible\/[^\/]*)",2014-11-25,"hagai kariti",1,7,10
"2891","https://github.com/ansible/ansible.git","(?-mix:^lib\/ansible\/[^\/]*)",2014-11-25,"thomas quinot",1,21,10
"2892","https://github.com/ansible/ansible.git","(?-mix:^lib\/ansible\/[^\/]*)",2014-11-25,"chris church",1,2,10
"2893","https://github.com/ansible/ansible.git","(?-mix:^lib\/ansible\/[^\/]*)",2014-11-25,"toshio kuratomi",9,58,10
"2894","https://github.com/ansible/ansible.git","(?-mix:^lib\/ansible\/[^\/]*)",2014-11-25,"james keener",3,9,10
"2895","https://github.com/ansible/ansible.git","(?-mix:^lib\/ansible\/[^\/]*)",2014-11-25,"veres lajos",1,2,10
"2896","https://github.com/ansible/ansible.git","(?-mix:^lib\/ansible\/[^\/]*)",2014-11-25,"jszwedko",1,2,10
"2897","https://github.com/ansible/ansible.git","(?-mix:^lib\/ansible\/[^\/]*)",2014-11-25,"nicolas rémond",1,2,10
"2898","https://github.com/ansible/ansible.git","(?-mix:^lib\/ansible\/[^\/]*)",2014-11-25,"michael scherer",2,3,10
"2899","https://github.com/ansible/ansible.git","(?-mix:^lib\/ansible\/[^\/]*)",2014-11-25,"jason holland",1,1,10
"2900","https://github.com/ansible/ansible.git","(?-mix:^lib\/ansible\/[^\/]*)",2014-11-25,"root",1,7,10
"2901","https://github.com/ansible/ansible.git","(?-mix:^lib\/ansible\/[^\/]*)",2014-11-25,"jon hawkesworth",1,7,10
"2902","https://github.com/ansible/ansible.git","(?-mix:^plugins\/inventory\/.*\.py)",2014-11-25,"kale franz",1,8,10
"2903","https://github.com/ansible/ansible.git","(?-mix:^lib\/ansible\/[^\/]*)",2014-11-25,"nathan cahill",2,4,10
"2904","https://github.com/ansible/ansible.git","(?-mix:^plugins\/inventory\/.*\.py)",2014-11-25,"dan jenkins",1,4,10
"2905","https://github.com/ansible/ansible.git","(?-mix:^lib\/ansible\/[^\/]*)",2014-11-25,"costi ciudatu",1,10,10
"2906","https://github.com/ansible/ansible.git","(?-mix:^lib\/ansible\/[^\/]*)",2014-11-25,"luke macken",1,7,10
"2907","https://github.com/ansible/ansible.git","(?-mix:^library\/packaging\/.*)",2014-12-28,"james cammarata",1,280,11
"2908","https://github.com/ansible/ansible.git","(?-mix:^lib\/ansible\/[^\/]*)",2014-12-28,"sysadmin75",1,2,11
"2909","https://github.com/ansible/ansible.git","(?-mix:^plugins\/inventory\/.*\.py)",2014-12-28,"michael scherer",2,4,11
"2910","https://github.com/ansible/ansible.git","(?-mix:^plugins\/inventory\/.*\.py)",2014-12-28,"jason",1,2,11
"2911","https://github.com/ansible/ansible.git","(?-mix:^lib\/ansible\/[^\/]*)",2014-12-28,"toshio kuratomi",3,32,11
"2912","https://github.com/ansible/ansible.git","(?-mix:^lib\/ansible\/[^\/]*)",2014-12-28,"brian coca",4,50,11
"2913","https://github.com/ansible/ansible.git","(?-mix:^lib\/ansible\/[^\/]*)",2014-12-28,"shawn siefkas",1,4,11
"2914","https://github.com/ansible/ansible.git","(?-mix:^plugins\/inventory\/.*\.py)",2014-12-28,"chris meyers",1,4,11
"2915","https://github.com/ansible/ansible.git","(?-mix:^lib\/ansible\/[^\/]*)",2014-12-28,"jimena cabrera-notari",1,4,11
"2916","https://github.com/ansible/ansible.git","(?-mix:^lib\/ansible\/[^\/]*)",2014-12-28,"björn andersson",1,9,11
"2917","https://github.com/ansible/ansible.git","(?-mix:^lib\/ansible\/[^\/]*)",2015-01-25,"brian coca",25,335,12
"2918","https://github.com/ansible/ansible.git","(?-mix:^lib\/ansible\/[^\/]*)",2015-01-25,"toshio kuratomi",22,419,12
"2919","https://github.com/ansible/ansible.git","(?-mix:^lib\/ansible\/[^\/]*)",2015-01-25,"marc abramowitz",1,7,12
"2920","https://github.com/ansible/ansible.git","(?-mix:^lib\/ansible\/[^\/]*)",2015-01-25,"andreas reischuck",1,2,12
"2921","https://github.com/ansible/ansible.git","(?-mix:^plugins\/inventory\/.*\.py)",2015-01-25,"chris church",1,89,12
"2922","https://github.com/ansible/ansible.git","(?-mix:^lib\/ansible\/[^\/]*)",2015-01-25,"nicolas le manchet",1,2,12
"2923","https://github.com/ansible/ansible.git","(?-mix:^lib\/ansible\/[^\/]*)",2015-01-25,"matt martz",2,66,12
"2924","https://github.com/ansible/ansible.git","(?-mix:^library\/files\/.*)",2015-01-25,"tongliang liu",1,156,12
"2925","https://github.com/ansible/ansible.git","(?-mix:^lib\/ansible\/[^\/]*)",2015-01-25,"henry finucane",1,1,12
"2926","https://github.com/ansible/ansible.git","(?-mix:^lib\/ansible\/[^\/]*)",2015-01-25,"cove schneider",1,7,12
"2927","https://github.com/ansible/ansible.git","(?-mix:^lib\/ansible\/[^\/]*)",2015-01-25,"stratos moros",1,2,12
"2928","https://github.com/ansible/ansible.git","(?-mix:^lib\/ansible\/[^\/]*)",2015-01-25,"jensdepuydt",1,1,12
"2929","https://github.com/ansible/ansible.git","(?-mix:^lib\/ansible\/[^\/]*)",2015-01-25,"alvaro lopez ortega",2,12,12
