"","project","module","releaseDate","developer","touches","churn","commits_group_id"
"1","https://github.com/rails/rails.git","(?-mix:^actionpack\/lib\/action_view\/helpers\/.*)",2009-01-14,"pascal ehlert",1,3,4
"2","https://github.com/rails/rails.git","(?-mix:^actionpack\/lib\/action_view\/helpers\/.*)",2009-01-14,"andrew white",1,3,4
"3","https://github.com/rails/rails.git","(?-mix:^activesupport\/lib\/active_support\/.*)",2009-01-14,"david heinemeier hansson",1,2,4
"4","https://github.com/rails/rails.git","(?-mix:^activesupport\/lib\/active_support\/.*)",2009-01-14,"thijs de vries",1,2,4
"5","https://github.com/rails/rails.git","(?-mix:^actionpack\/lib\/action_view\/helpers\/.*)",2009-01-14,"chris finne",1,27,4
"6","https://github.com/rails/rails.git","(?-mix:^actionpack\/lib\/action_view\/helpers\/.*)",2009-01-14,"david heinemeier hansson",1,2,4
"7","https://github.com/rails/rails.git","(?-mix:^actionpack\/lib\/action_controller\/session\/.*)",2009-03-07,"joshua peek",7,64,3
"8","https://github.com/rails/rails.git","(?-mix:^activeresource\/lib\/active_resource\/.*)",2009-03-07,"jeremy kemper",4,64,3
"9","https://github.com/rails/rails.git","(?-mix:^actionpack\/lib\/action_controller\/.*)",2009-03-07,"eugene pimenov",1,2,3
"10","https://github.com/rails/rails.git","(?-mix:^activesupport\/lib\/active_support\/.*)",2009-01-14,"michael koziarski",1,2,4
"11","https://github.com/matthieu-foucault/jquery.git","src/core.js",2011-11-06,"timmy willison",1,3,11
"12","https://github.com/matthieu-foucault/jquery.git","src/core.js",2011-09-13,"timmy willison",1,2,12
"13","https://github.com/matthieu-foucault/jquery.git","src/event.js",2011-09-13,"dmethvin",20,265,12
"14","https://github.com/rails/rails.git","(?-mix:^actionpack\/lib\/action_view\/.*)",2009-03-16,"misfo",1,2,1
"15","https://github.com/rails/rails.git","(?-mix:^railties\/builtin\/rails_info\/.*)",2009-03-16,"joshua peek",1,4,1
"16","https://github.com/rails/rails.git","(?-mix:^activerecord\/lib\/.*)",2009-03-16,"jason king",1,53,1
"17","https://github.com/rails/rails.git","(?-mix:^actionpack\/lib\/action_controller\/.*)",2009-03-16,"joshua peek",2,8,1
"18","https://github.com/rails/rails.git","(?-mix:^railties\/lib\/.*)",2009-03-16,"david dollar",1,2,1
"19","https://github.com/rails/rails.git","(?-mix:^railties\/lib\/rails\/.*)",2009-03-16,"david dollar",1,210,1
"20","https://github.com/rails/rails.git","(?-mix:^railties\/lib\/rails\/.*)",2009-03-16,"zack hobson",1,9,1
"21","https://github.com/rails/rails.git","(?-mix:^railties\/environments\/.*)",2009-03-16,"john dzak",1,1,1
"22","https://github.com/rails/rails.git","(?-mix:^actionpack\/lib\/action_view\/.*)",2009-03-16,"jeremy kemper",3,38,1
"23","https://github.com/rails/rails.git","(?-mix:^activerecord\/lib\/.*)",2009-03-16,"luca guidi",2,47,1
"24","https://github.com/rails/rails.git","(?-mix:^activerecord\/lib\/.*)",2009-03-16,"elijah miller",1,1,1
"25","https://github.com/rails/rails.git","(?-mix:^activerecord\/lib\/.*)",2009-03-16,"murray steele",1,13,1
"26","https://github.com/rails/rails.git","(?-mix:^activerecord\/lib\/.*)",2009-03-16,"will bryant",1,2,1
"27","https://github.com/rails/rails.git","(?-mix:^activerecord\/lib\/.*)",2009-03-16,"pratik naik",3,9,1
"28","https://github.com/rails/rails.git","(?-mix:^activerecord\/lib\/.*)",2009-03-16,"jeremy kemper",1,4,1
"29","https://github.com/rails/rails.git","(?-mix:^activesupport\/lib\/active_support\/.*)",2009-03-16,"henrik n",1,6,1
"30","https://github.com/rails/rails.git","(?-mix:^actionpack\/.*)",2009-03-16,"joshua peek",1,5,1
"31","https://github.com/rails/rails.git","(?-mix:^actionmailer\/.*)",2009-03-16,"sean dague",1,2,1
"32","https://github.com/rails/rails.git","(?-mix:^activerecord\/lib\/.*)",2009-03-16,"manfred stienstra",2,15,1
"33","https://github.com/rails/rails.git","(?-mix:^activerecord\/lib\/.*)",2009-03-16,"bruce krysiak",1,18,1
"34","https://github.com/rails/rails.git","(?-mix:^railties\/lib\/rails\/rack\/.*)",2009-03-16,"joshua peek",1,13,1
"35","https://github.com/rails/rails.git","(?-mix:^activerecord\/lib\/.*)",2009-03-16,"curtis hawthorne",1,33,1
"36","https://github.com/rails/rails.git","(?-mix:^activerecord\/lib\/.*)",2009-03-16,"jim remsik and tim pope",1,2,1
"37","https://github.com/rails/rails.git","(?-mix:^actionpack\/lib\/action_view\/helpers\/.*)",2009-03-16,"rpheath",1,4,1
"38","https://github.com/rails/rails.git","(?-mix:^activerecord\/lib\/.*)",2009-03-16,"rob anderton",1,2,1
"39","https://github.com/rails/rails.git","(?-mix:^activerecord\/lib\/.*)",2009-03-16,"jan de poorter",1,2,1
"40","https://github.com/rails/rails.git","(?-mix:^railties\/lib\/rails\/.*)",2009-03-16,"matt jones",2,40,1
"41","https://github.com/rails/rails.git","(?-mix:^activerecord\/lib\/.*)",2009-03-16,"jeffrey hardy",1,5,1
"42","https://github.com/rails/rails.git","(?-mix:^activerecord\/lib\/.*)",2009-03-16,"john aughey",2,11,1
"43","https://github.com/rails/rails.git","(?-mix:^actionpack\/lib\/action_controller\/.*)",2009-03-16,"tom stuart",1,4,1
"44","https://github.com/rails/rails.git","(?-mix:^actionpack\/lib\/action_controller\/.*)",2009-03-07,"joshua peek",1,3,2
"45","https://github.com/rails/rails.git","(?-mix:^actionpack\/lib\/action_controller\/.*)",2009-03-07,"matt jones",1,10,2
"46","https://github.com/rails/rails.git","(?-mix:^activerecord\/lib\/.*)",2009-03-07,"stopdropandrew",1,14,2
"47","https://github.com/rails/rails.git","(?-mix:^activerecord\/lib\/.*)",2009-03-07,"arthur klepchukov",1,8,2
"48","https://github.com/rails/rails.git","(?-mix:^activerecord\/lib\/.*)",2009-03-07,"will bryant",4,30,3
"49","https://github.com/rails/rails.git","(?-mix:^activerecord\/lib\/.*)",2009-03-07,"adam cooper",2,6,3
"50","https://github.com/rails/rails.git","(?-mix:^activerecord\/lib\/.*)",2009-03-07,"dimitri krassovski",1,9,3
"51","https://github.com/rails/rails.git","(?-mix:^activerecord\/lib\/.*)",2009-03-07,"pratik naik",7,236,3
"52","https://github.com/rails/rails.git","(?-mix:^activerecord\/lib\/.*)",2009-03-07,"tom lea",1,10,3
"53","https://github.com/rails/rails.git","(?-mix:^railties\/lib\/commands\/.*)",2009-03-07,"pratik naik",1,4,3
"54","https://github.com/rails/rails.git","(?-mix:^activerecord\/lib\/.*)",2009-03-07,"jvoorhis",1,5,3
"55","https://github.com/rails/rails.git","(?-mix:^railties\/lib\/rails\/rack\/.*)",2009-03-07,"simon jefford",2,20,3
"56","https://github.com/rails/rails.git","(?-mix:^actionpack\/lib\/action_controller\/.*)",2009-03-07,"thedarkone",2,3,3
"57","https://github.com/rails/rails.git","(?-mix:^railties\/lib\/rails\/.*)",2009-03-07,"david heinemeier hansson",2,5,3
"58","https://github.com/rails/rails.git","(?-mix:^actionpack\/lib\/action_controller\/routing\/.*)",2009-03-07,"mike gunderloy",1,2,3
"59","https://github.com/rails/rails.git","(?-mix:^activerecord\/lib\/.*)",2009-03-07,"joshua peek",2,26,3
"60","https://github.com/rails/rails.git","(?-mix:^railties\/lib\/.*)",2009-03-07,"simon jefford",1,6,3
"61","https://github.com/rails/rails.git","(?-mix:^activerecord\/lib\/.*)",2009-03-07,"michael koziarski",3,39,3
"62","https://github.com/rails/rails.git","(?-mix:^actionmailer\/.*)",2009-03-07,"elliott wood",1,5,3
"63","https://github.com/rails/rails.git","(?-mix:^activerecord\/lib\/.*)",2009-03-07,"jason king",1,21,3
"64","https://github.com/rails/rails.git","(?-mix:^railties\/lib\/commands\/.*)",2009-03-07,"jeremy kemper",1,21,3
"65","https://github.com/rails/rails.git","(?-mix:^railties\/lib\/rails\/.*)",2009-03-07,"matt jones",1,11,3
"66","https://github.com/rails/rails.git","(?-mix:^railties\/lib\/commands\/.*)",2009-03-07,"charles nutter",1,21,3
"67","https://github.com/rails/rails.git","(?-mix:^railties\/guides\/.*)",2009-03-07,"pratik naik",11,345,3
"68","https://github.com/rails/rails.git","(?-mix:^actionpack\/lib\/action_view\/.*)",2009-03-07,"pratik naik",2,8,3
"69","https://github.com/rails/rails.git","(?-mix:^railties\/lib\/rails_generator\/.*)",2009-03-07,"pratik naik",2,4,3
"70","https://github.com/rails/rails.git","(?-mix:^railties\/lib\/rails_generator\/.*)",2009-03-07,"andrew vit",1,24,3
"71","https://github.com/rails/rails.git","(?-mix:^activerecord\/lib\/.*)",2009-03-07,"mike gunderloy",1,2,3
"72","https://github.com/rails/rails.git","(?-mix:^actionpack\/lib\/action_controller\/.*)",2009-03-07,"gregg pollack",1,42,3
"73","https://github.com/rails/rails.git","(?-mix:^railties\/lib\/rails_generator\/.*)",2009-03-07,"jeremy kemper",1,8,3
"74","https://github.com/rails/rails.git","(?-mix:^actionmailer\/.*)",2009-03-07,"david heinemeier hansson",1,2,3
"75","https://github.com/rails/rails.git","(?-mix:^actionpack\/.*)",2009-03-07,"david heinemeier hansson",1,2,3
"76","https://github.com/rails/rails.git","(?-mix:^activeresource\/lib\/active_resource\/.*)",2009-03-07,"david heinemeier hansson",1,2,3
"77","https://github.com/rails/rails.git","(?-mix:^activesupport\/lib\/active_support\/.*)",2009-03-07,"david heinemeier hansson",2,4,3
"78","https://github.com/rails/rails.git","(?-mix:^activerecord\/lib\/.*)",2009-03-07,"zack hobson",1,5,3
"79","https://github.com/rails/rails.git","(?-mix:^railties\/lib\/.*)",2009-03-07,"matthew rudy jacobs",1,2,3
"80","https://github.com/rails/rails.git","(?-mix:^railties\/lib\/rails\/.*)",2009-03-07,"matthew rudy jacobs",1,6,3
"81","https://github.com/rails/rails.git","(?-mix:^railties\/lib\/rails\/plugin\/.*)",2009-03-07,"matthew rudy jacobs",1,3,3
"82","https://github.com/rails/rails.git","(?-mix:^railties\/lib\/rails\/rack\/.*)",2009-03-07,"matthew rudy jacobs",1,15,3
"83","https://github.com/rails/rails.git","(?-mix:^activerecord\/lib\/.*)",2009-03-07,"david heinemeier hansson",10,442,3
"84","https://github.com/rails/rails.git","(?-mix:^railties\/lib\/rails\/plugin\/.*)",2009-03-07,"david heinemeier hansson",1,2,3
"85","https://github.com/rails/rails.git","(?-mix:^activerecord\/lib\/.*)",2009-03-07,"eloy duran",1,5,3
"86","https://github.com/rails/rails.git","(?-mix:^actionpack\/lib\/action_view\/helpers\/.*)",2009-03-07,"eloy duran",1,136,3
"87","https://github.com/rails/rails.git","(?-mix:^actionpack\/lib\/action_controller\/routing\/.*)",2009-03-07,"sam granieri",1,4,3
"88","https://github.com/rails/rails.git","(?-mix:^activerecord\/lib\/.*)",2009-03-07,"diego algorta",1,11,3
"89","https://github.com/rails/rails.git","(?-mix:^actionpack\/lib\/action_controller\/.*)",2009-03-07,"joshua peek",17,168,3
"90","https://github.com/rails/rails.git","(?-mix:^railties\/lib\/.*)",2009-03-07,"joshua peek",9,57,3
"91","https://github.com/rails/rails.git","(?-mix:^actionmailer\/.*)",2009-03-07,"marcus mateus",1,3,3
"92","https://github.com/rails/rails.git","(?-mix:^actionpack\/lib\/action_view\/.*)",2009-03-07,"thedarkone",7,276,3
"93","https://github.com/rails/rails.git","(?-mix:^actionpack\/lib\/action_controller\/.*)",2009-03-07,"matt jones",1,19,3
"94","https://github.com/rails/rails.git","(?-mix:^actionpack\/lib\/action_view\/.*)",2009-03-07,"matt jones",1,6,3
"95","https://github.com/rails/rails.git","(?-mix:^actionpack\/lib\/action_controller\/.*)",2009-03-07,"pratik naik",2,48,3
"96","https://github.com/rails/rails.git","(?-mix:^actionpack\/lib\/action_view\/helpers\/.*)",2009-03-07,"pratik naik",1,6,3
"97","https://github.com/rails/rails.git","(?-mix:^railties\/lib\/.*)",2009-03-07,"pratik naik",1,3,3
"98","https://github.com/rails/rails.git","(?-mix:^actionmailer\/.*)",2009-03-07,"sven fuchs",1,4,3
"99","https://github.com/rails/rails.git","(?-mix:^railties\/lib\/.*)",2009-03-07,"sven fuchs",1,4,3
"100","https://github.com/rails/rails.git","(?-mix:^railties\/lib\/rails\/plugin\/.*)",2009-03-07,"sven fuchs",1,6,3
"101","https://github.com/rails/rails.git","(?-mix:^railties\/lib\/.*)",2009-03-07,"david heinemeier hansson",1,2,3
"102","https://github.com/rails/rails.git","(?-mix:^actionpack\/lib\/action_controller\/routing\/.*)",2009-03-07,"andrew white",2,28,3
"103","https://github.com/rails/rails.git","(?-mix:^activerecord\/lib\/.*)",2009-03-07,"xavier noria",1,16,3
"104","https://github.com/rails/rails.git","(?-mix:^activesupport\/lib\/active_support\/.*)",2009-03-07,"moro",1,13,3
"105","https://github.com/rails/rails.git","(?-mix:^actionpack\/lib\/action_controller\/.*)",2009-03-07,"sven fuchs",4,67,3
"106","https://github.com/rails/rails.git","(?-mix:^railties\/lib\/.*)",2009-03-07,"matt jones",1,6,3
"107","https://github.com/rails/rails.git","(?-mix:^actionpack\/.*)",2009-03-07,"joshua peek",3,8,3
"108","https://github.com/rails/rails.git","(?-mix:^activesupport\/lib\/active_support\/core_ext\/file\/.*)",2009-03-07,"bruno duyé",1,2,3
"109","https://github.com/rails/rails.git","(?-mix:^actionpack\/lib\/action_view\/.*)",2009-03-07,"joshua peek",4,71,3
"110","https://github.com/rails/rails.git","(?-mix:^activesupport\/lib\/active_support\/json\/.*)",2009-03-07,"akira matsuda",1,5,3
"111","https://github.com/rails/rails.git","(?-mix:^railties\/lib\/rails_generator\/.*)",2009-03-07,"unknown",1,10,3
"112","https://github.com/rails/rails.git","(?-mix:^actionpack\/lib\/action_controller\/.*)",2009-03-07,"donald parish",1,2,3
"113","https://github.com/rails/rails.git","(?-mix:^actionpack\/lib\/action_view\/helpers\/.*)",2009-03-07,"tekin suleyman",2,107,3
"114","https://github.com/rails/rails.git","(?-mix:^actionpack\/lib\/action_view\/helpers\/.*)",2009-03-07,"sam oliver",1,2,3
"115","https://github.com/rails/rails.git","(?-mix:^actionpack\/lib\/action_view\/helpers\/.*)",2009-03-07,"lance ivy",1,26,3
"116","https://github.com/rails/rails.git","(?-mix:^activerecord\/lib\/.*)",2009-03-07,"lance ivy",1,232,3
"117","https://github.com/rails/rails.git","(?-mix:^railties\/lib\/rails\/plugin\/.*)",2009-03-07,"oshoma momoh",1,2,3
"118","https://github.com/rails/rails.git","(?-mix:^actionpack\/.*)",2009-03-07,"thedarkone",1,1,3
"119","https://github.com/rails/rails.git","(?-mix:^railties\/lib\/.*)",2009-03-07,"thedarkone",1,6,3
"120","https://github.com/rails/rails.git","(?-mix:^activesupport\/lib\/active_support\/.*)",2009-03-07,"jiri zajpt",1,1,3
"121","https://github.com/rails/rails.git","(?-mix:^actionpack\/lib\/action_view\/helpers\/.*)",2009-03-07,"joshua peek",2,6,3
"122","https://github.com/rails/rails.git","(?-mix:^actionpack\/lib\/action_view\/.*)",2009-03-07,"andrew white",8,156,3
"123","https://github.com/rails/rails.git","(?-mix:^railties\/lib\/.*)",2009-03-07,"andrew white",2,19,3
"124","https://github.com/rails/rails.git","(?-mix:^railties\/lib\/.*)",2009-03-07,"gaspard bucher",1,2,3
"125","https://github.com/rails/rails.git","(?-mix:^actionpack\/lib\/action_view\/helpers\/.*)",2009-03-07,"david heinemeier hansson",1,20,3
"126","https://github.com/rails/rails.git","(?-mix:^activesupport\/lib\/active_support\/.*)",2009-03-07,"geoff buesing",4,8,3
"127","https://github.com/rails/rails.git","(?-mix:^actionpack\/lib\/action_controller\/.*)",2009-03-07,"andrew white",2,13,3
"128","https://github.com/rails/rails.git","(?-mix:^railties\/environments\/.*)",2009-03-07,"andrew white",1,1,3
"129","https://github.com/rails/rails.git","(?-mix:^activesupport\/lib\/active_support\/.*)",2009-03-07,"levin alexander",1,1,3
"130","https://github.com/rails/rails.git","(?-mix:^actionpack\/lib\/action_view\/.*)",2009-03-07,"josé valim",2,4,3
"131","https://github.com/rails/rails.git","(?-mix:^actionpack\/lib\/action_view\/.*)",2009-03-07,"eugene pimenov",1,2,3
"132","https://github.com/rails/rails.git","(?-mix:^activerecord\/lib\/.*)",2009-01-14,"max lapshin",2,2,4
"133","https://github.com/rails/rails.git","(?-mix:^activerecord\/lib\/.*)",2009-01-14,"eloy duran",1,12,4
"134","https://github.com/rails/rails.git","(?-mix:^activerecord\/lib\/.*)",2009-01-14,"pascal ehlert",1,8,4
"135","https://github.com/rails/rails.git","(?-mix:^railties\/lib\/.*)",2009-01-14,"joshua peek",1,4,4
"136","https://github.com/rails/rails.git","(?-mix:^railties\/lib\/.*)",2009-01-14,"peter wagenet",1,2,4
"137","https://github.com/rails/rails.git","(?-mix:^actionpack\/lib\/action_controller\/.*)",2009-01-14,"adam mccrea",1,2,4
"138","https://github.com/rails/rails.git","(?-mix:^railties\/lib\/commands\/.*)",2009-01-14,"chris cherry",1,17,4
"139","https://github.com/rails/rails.git","(?-mix:^actionmailer\/.*)",2009-01-14,"matt jones",1,2,4
"140","https://github.com/rails/rails.git","(?-mix:^activerecord\/lib\/.*)",2009-01-14,"scott taylor",1,6,4
"141","https://github.com/rails/rails.git","(?-mix:^railties\/lib\/rails_generator\/.*)",2009-01-14,"mike gunderloy",1,2,4
"142","https://github.com/rails/rails.git","(?-mix:^activerecord\/lib\/.*)",2009-01-14,"jeremy kemper",1,6,4
"143","https://github.com/rails/rails.git","(?-mix:^actionpack\/lib\/action_view\/.*)",2009-01-14,"jeremy kemper",1,7,4
"144","https://github.com/rails/rails.git","(?-mix:^actionpack\/lib\/action_controller\/.*)",2009-01-14,"josé valim",1,16,4
"145","https://github.com/rails/rails.git","(?-mix:^actionpack\/lib\/action_view\/.*)",2009-01-14,"pratik naik",1,2,4
"146","https://github.com/rails/rails.git","(?-mix:^activerecord\/lib\/.*)",2009-01-14,"pratik naik",1,9,4
"147","https://github.com/rails/rails.git","(?-mix:^activerecord\/lib\/.*)",2009-01-14,"emilio tagua",1,9,4
"148","https://github.com/rails/rails.git","(?-mix:^activerecord\/lib\/.*)",2009-01-30,"eloy duran",6,595,5
"149","https://github.com/rails/rails.git","(?-mix:^actionpack\/lib\/action_controller\/.*)",2009-01-30,"pratik naik",1,12,5
"150","https://github.com/rails/rails.git","(?-mix:^activerecord\/lib\/.*)",2009-01-30,"jacob dunphy",1,2,5
"151","https://github.com/rails/rails.git","(?-mix:^activeresource\/lib\/active_resource\/.*)",2009-01-30,"bob aman",1,2,5
"152","https://github.com/rails/rails.git","(?-mix:^activerecord\/lib\/.*)",2009-01-30,"filip h.f. ""fixato"" slagter",1,2,5
"153","https://github.com/rails/rails.git","(?-mix:^railties\/lib\/commands\/.*)",2009-01-30,"bryan ray",1,18,5
"154","https://github.com/rails/rails.git","(?-mix:^activerecord\/lib\/.*)",2009-01-28,"pratik naik",19,290,6
"155","https://github.com/rails/rails.git","(?-mix:^railties\/lib\/.*)",2009-01-28,"joshua peek",15,80,6
"156","https://github.com/rails/rails.git","(?-mix:^actionpack\/lib\/action_view\/.*)",2009-01-28,"joshua peek",39,698,6
"157","https://github.com/rails/rails.git","(?-mix:^actionpack\/lib\/action_controller\/.*)",2009-01-28,"joshua peek",104,2147,6
"158","https://github.com/rails/rails.git","(?-mix:^actionpack\/lib\/action_controller\/.*)",2009-01-28,"pratik naik",27,1079,6
"159","https://github.com/rails/rails.git","(?-mix:^activerecord\/lib\/.*)",2009-01-28,"dov murik",1,7,6
"160","https://github.com/rails/rails.git","(?-mix:^activerecord\/lib\/.*)",2009-01-28,"josh susser",1,2,6
"161","https://github.com/rails/rails.git","(?-mix:^actionpack\/.*)",2009-01-28,"joshua peek",21,206,6
"162","https://github.com/rails/rails.git","(?-mix:^activesupport\/lib\/active_support\/.*)",2009-01-28,"pratik naik",4,8,6
"163","https://github.com/rails/rails.git","(?-mix:^railties\/lib\/rails_generator\/.*)",2009-01-28,"pratik naik",9,52,6
"164","https://github.com/rails/rails.git","(?-mix:^actionmailer\/.*)",2009-01-28,"pratik naik",2,3,6
"165","https://github.com/rails/rails.git","(?-mix:^actionpack\/.*)",2009-01-28,"pratik naik",6,16,6
"166","https://github.com/rails/rails.git","(?-mix:^railties\/lib\/.*)",2009-01-28,"pratik naik",1,2,6
"167","https://github.com/rails/rails.git","(?-mix:^actionmailer\/.*)",2009-01-28,"josé valim",1,10,6
"168","https://github.com/rails/rails.git","(?-mix:^activesupport\/lib\/active_support\/.*)",2009-01-28,"josh susser",1,30,6
"169","https://github.com/rails/rails.git","(?-mix:^railties\/lib\/.*)",2009-01-28,"lourens naude",1,6,6
"170","https://github.com/rails/rails.git","(?-mix:^activerecord\/lib\/.*)",2009-01-28,"lukeludwig",2,20,6
"171","https://github.com/rails/rails.git","(?-mix:^actionpack\/lib\/action_view\/.*)",2009-01-28,"jeremy kemper",3,15,6
"172","https://github.com/rails/rails.git","(?-mix:^actionpack\/lib\/action_view\/helpers\/.*)",2009-01-28,"josh",1,10,6
"173","https://github.com/rails/rails.git","(?-mix:^activerecord\/lib\/.*)",2009-01-28,"ben vandenbos",1,4,6
"174","https://github.com/rails/rails.git","(?-mix:^railties\/lib\/.*)",2009-01-28,"nahum wild",1,3,6
"175","https://github.com/rails/rails.git","(?-mix:^activerecord\/lib\/.*)",2009-01-28,"michael lovitt",1,3,6
"176","https://github.com/rails/rails.git","(?-mix:^activerecord\/lib\/.*)",2009-01-28,"carlos kozuszko",1,4,6
"177","https://github.com/rails/rails.git","(?-mix:^activerecord\/lib\/.*)",2009-01-28,"hongli lai (phusion)",2,22,6
"178","https://github.com/rails/rails.git","(?-mix:^actionpack\/lib\/action_controller\/.*)",2009-01-28,"bryan ash",1,2,6
"179","https://github.com/rails/rails.git","(?-mix:^railties\/configs\/.*)",2009-01-28,"cody fauser",1,2,6
"180","https://github.com/rails/rails.git","(?-mix:^activerecord\/lib\/.*)",2009-01-28,"cody fauser",1,5,6
"181","https://github.com/rails/rails.git","(?-mix:^activerecord\/lib\/.*)",2009-01-28,"jeremy kemper",10,99,6
"182","https://github.com/rails/rails.git","(?-mix:^actionpack\/lib\/action_controller\/.*)",2009-01-28,"ddemaree",1,5,6
"183","https://github.com/rails/rails.git","(?-mix:^railties\/lib\/rails\/.*)",2009-01-28,"jeremy kemper",3,7,6
"184","https://github.com/rails/rails.git","(?-mix:^activerecord\/lib\/.*)",2009-01-28,"mike gunderloy",1,4,6
"185","https://github.com/rails/rails.git","(?-mix:^railties\/lib\/rails_generator\/.*)",2009-01-28,"joshua peek",5,31,6
"186","https://github.com/rails/rails.git","(?-mix:^activesupport\/lib\/active_support\/.*)",2009-01-28,"joshua peek",5,54,6
"187","https://github.com/rails/rails.git","(?-mix:^activerecord\/lib\/.*)",2009-01-28,"yaroslav markin",6,58,6
"188","https://github.com/rails/rails.git","(?-mix:^activerecord\/lib\/.*)",2009-01-28,"xavier noria",7,184,6
"189","https://github.com/rails/rails.git","(?-mix:^railties\/lib\/rails_generator\/.*)",2009-01-28,"mike gunderloy",1,2,6
"190","https://github.com/rails/rails.git","(?-mix:^railties\/lib\/rails_generator\/.*)",2009-01-28,"aaron quint",2,129,6
"191","https://github.com/rails/rails.git","(?-mix:^activerecord\/lib\/.*)",2009-01-28,"frederick cheung",11,77,6
"192","https://github.com/rails/rails.git","(?-mix:^actionpack\/lib\/action_controller\/.*)",2009-01-28,"yehuda katz",2,31,6
"193","https://github.com/rails/rails.git","(?-mix:^activerecord\/lib\/.*)",2009-01-28,"roman shterenzon",1,5,6
"194","https://github.com/rails/rails.git","(?-mix:^activerecord\/lib\/.*)",2009-01-28,"pivotal  labs",1,4,6
"195","https://github.com/rails/rails.git","(?-mix:^activerecord\/lib\/.*)",2009-01-28,"joshua peek",15,252,6
"196","https://github.com/rails/rails.git","(?-mix:^activerecord\/lib\/.*)",2009-01-28,"luis hurtado",1,4,6
"197","https://github.com/rails/rails.git","(?-mix:^actionpack\/lib\/action_view\/helpers\/.*)",2009-01-28,"sam oliver",2,85,6
"198","https://github.com/rails/rails.git","(?-mix:^activerecord\/lib\/.*)",2009-01-28,"daniel luz",2,13,6
"199","https://github.com/rails/rails.git","(?-mix:^actionmailer\/.*)",2009-01-28,"joshua peek",9,81,6
"200","https://github.com/rails/rails.git","(?-mix:^railties\/lib\/commands\/.*)",2009-01-28,"pfagiani",1,2,6
"201","https://github.com/rails/rails.git","(?-mix:^actionpack\/lib\/action_view\/helpers\/.*)",2009-01-28,"frederick cheung",1,11,6
"202","https://github.com/rails/rails.git","(?-mix:^actionpack\/lib\/action_controller\/.*)",2009-01-28,"frederick cheung",3,7,6
"203","https://github.com/rails/rails.git","(?-mix:^activerecord\/lib\/.*)",2009-01-28,"karthik krishnan",2,8,6
"204","https://github.com/rails/rails.git","(?-mix:^actionpack\/lib\/action_controller\/session\/.*)",2009-01-28,"matt bauer",2,28,6
"205","https://github.com/rails/rails.git","(?-mix:^actionpack\/lib\/action_controller\/caching\/.*)",2009-01-28,"joshua peek",2,4,6
"206","https://github.com/rails/rails.git","(?-mix:^railties\/lib\/rails\/rack\/.*)",2009-01-28,"joshua peek",4,87,6
"207","https://github.com/rails/rails.git","(?-mix:^railties\/lib\/rails\/plugin\/.*)",2009-01-28,"pratik naik",1,2,6
"208","https://github.com/rails/rails.git","(?-mix:^actionpack\/lib\/action_view\/.*)",2009-01-28,"pratik naik",3,43,6
"209","https://github.com/rails/rails.git","(?-mix:^railties\/lib\/rails\/rack\/.*)",2009-01-28,"jeremy kemper",4,67,6
"210","https://github.com/rails/rails.git","(?-mix:^railties\/lib\/commands\/.*)",2009-01-28,"jeremy kemper",2,4,6
"211","https://github.com/rails/rails.git","(?-mix:^actionpack\/lib\/action_controller\/session\/.*)",2009-01-28,"jeremy kemper",2,3,6
"212","https://github.com/rails/rails.git","(?-mix:^activerecord\/lib\/.*)",2009-01-28,"matt jones",2,13,6
"213","https://github.com/rails/rails.git","(?-mix:^activerecord\/lib\/.*)",2009-01-28,"manfred stienstra",1,17,6
"214","https://github.com/rails/rails.git","(?-mix:^actionpack\/lib\/action_controller\/session\/.*)",2009-01-28,"joshua peek",7,531,6
"215","https://github.com/rails/rails.git","(?-mix:^actionpack\/lib\/action_controller\/session\/.*)",2009-01-28,"lourens naude",2,52,6
"216","https://github.com/rails/rails.git","(?-mix:^actionpack\/lib\/action_controller\/.*)",2009-01-28,"brady bouchard",1,2,6
"217","https://github.com/rails/rails.git","(?-mix:^actionpack\/lib\/action_controller\/.*)",2009-01-28,"jesse newland",1,27,6
"218","https://github.com/rails/rails.git","(?-mix:^railties\/lib\/rails\/.*)",2009-01-28,"joshua peek",3,6,6
"219","https://github.com/rails/rails.git","(?-mix:^actionpack\/lib\/action_controller\/.*)",2009-01-28,"hongli lai (phusion)",1,4,6
"220","https://github.com/rails/rails.git","(?-mix:^activesupport\/lib\/active_support\/.*)",2009-01-28,"jeremy kemper",13,145,6
"221","https://github.com/rails/rails.git","(?-mix:^actionpack\/lib\/action_view\/.*)",2009-01-28,"nathan weizenbaum",2,35,6
"222","https://github.com/rails/rails.git","(?-mix:^activesupport\/lib\/active_support\/.*)",2009-01-28,"frederick cheung",7,161,6
"223","https://github.com/rails/rails.git","(?-mix:^actionpack\/lib\/action_controller\/.*)",2009-01-28,"seth fitzsimmons",2,12,6
"224","https://github.com/rails/rails.git","(?-mix:^actionpack\/lib\/action_controller\/assertions\/.*)",2009-01-28,"seth fitzsimmons",1,2,6
"225","https://github.com/rails/rails.git","(?-mix:^railties\/lib\/rails\/.*)",2009-01-28,"david heinemeier hansson",6,61,6
"226","https://github.com/rails/rails.git","(?-mix:^actionpack\/lib\/action_controller\/assertions\/.*)",2009-01-28,"mark",1,46,6
"227","https://github.com/rails/rails.git","(?-mix:^actionpack\/lib\/action_view\/.*)",2009-01-28,"mark",1,5,6
"228","https://github.com/rails/rails.git","(?-mix:^activesupport\/lib\/active_support\/.*)",2009-01-28,"eloy duran",1,25,6
"229","https://github.com/rails/rails.git","(?-mix:^actionpack\/lib\/action_controller\/.*)",2009-01-28,"christos zisopoulos",1,2,6
"230","https://github.com/rails/rails.git","(?-mix:^railties\/lib\/commands\/.*)",2009-01-28,"joshua peek",5,34,6
"231","https://github.com/rails/rails.git","(?-mix:^activerecord\/lib\/.*)",2009-01-28,"bruce krysiak",1,23,6
"232","https://github.com/rails/rails.git","(?-mix:^activesupport\/lib\/active_support\/core_ext\/hash\/.*)",2009-01-28,"bruce krysiak",1,20,6
"233","https://github.com/rails/rails.git","(?-mix:^actionpack\/.*)",2009-01-28,"jeremy kemper",3,7,6
"234","https://github.com/rails/rails.git","(?-mix:^activerecord\/lib\/.*)",2009-01-28,"emilio tagua",4,25,6
"235","https://github.com/rails/rails.git","(?-mix:^actionpack\/lib\/action_view\/helpers\/.*)",2009-01-28,"jeremy kemper",4,26,6
"236","https://github.com/rails/rails.git","(?-mix:^activeresource\/lib\/active_resource\/.*)",2009-01-28,"jeremy kemper",1,4,6
"237","https://github.com/rails/rails.git","(?-mix:^activesupport\/lib\/active_support\/multibyte\/.*)",2009-01-28,"jason cheow",1,8,6
"238","https://github.com/rails/rails.git","(?-mix:^activerecord\/lib\/.*)",2009-01-28,"akira matsuda",1,2,6
"239","https://github.com/rails/rails.git","(?-mix:^activesupport\/lib\/active_support\/core_ext\/array\/.*)",2009-01-28,"akira matsuda",1,19,6
"240","https://github.com/rails/rails.git","(?-mix:^activerecord\/lib\/.*)",2009-01-28,"ben symonds",1,4,6
"241","https://github.com/rails/rails.git","(?-mix:^railties\/lib\/rails_generator\/.*)",2009-01-28,"sergio gil",1,4,6
"242","https://github.com/rails/rails.git","(?-mix:^actionpack\/lib\/action_controller\/caching\/.*)",2009-01-28,"pratik naik",2,52,6
"243","https://github.com/rails/rails.git","(?-mix:^actionpack\/lib\/action_view\/template_handlers\/.*)",2009-01-28,"pratik naik",1,2,6
"244","https://github.com/rails/rails.git","(?-mix:^activemodel\/lib\/active_model\/.*)",2009-01-28,"pratik naik",1,2,6
"245","https://github.com/rails/rails.git","(?-mix:^activeresource\/lib\/active_resource\/.*)",2009-01-28,"pratik naik",1,2,6
"246","https://github.com/rails/rails.git","(?-mix:^railties\/lib\/rails_generator\/.*)",2009-01-28,"peter cooper",1,8,6
"247","https://github.com/rails/rails.git","(?-mix:^actionpack\/lib\/action_view\/template_handlers\/.*)",2009-01-28,"joshua peek",2,40,6
"248","https://github.com/rails/rails.git","(?-mix:^actionpack\/lib\/action_view\/.*)",2009-01-28,"sam stephenson",1,2,6
"249","https://github.com/rails/rails.git","(?-mix:^activerecord\/lib\/.*)",2009-01-28,"mike ferrier",1,5,6
"250","https://github.com/rails/rails.git","(?-mix:^railties\/lib\/.*)",2009-01-28,"jeremy kemper",5,45,6
"251","https://github.com/rails/rails.git","(?-mix:^railties\/lib\/rails_generator\/.*)",2009-01-28,"jeremy mcanally",7,423,6
"252","https://github.com/rails/rails.git","(?-mix:^activeresource\/lib\/active_resource\/.*)",2009-01-28,"emilio tagua",1,1,6
"253","https://github.com/rails/rails.git","(?-mix:^railties\/environments\/.*)",2009-01-28,"david heinemeier hansson",7,87,6
"254","https://github.com/rails/rails.git","(?-mix:^railties\/lib\/rails\/.*)",2009-01-28,"matt jones",1,1,6
"255","https://github.com/rails/rails.git","(?-mix:^actionpack\/lib\/action_controller\/.*)",2009-01-28,"darren boyd",2,6,6
"256","https://github.com/rails/rails.git","(?-mix:^activerecord\/lib\/.*)",2009-01-28,"foliosus",1,2,6
"257","https://github.com/rails/rails.git","(?-mix:^actionpack\/lib\/action_view\/helpers\/.*)",2009-01-28,"tekin suleyman",1,2,6
"258","https://github.com/rails/rails.git","(?-mix:^actionpack\/lib\/action_view\/helpers\/.*)",2009-01-28,"andrew kaspick",1,8,6
"259","https://github.com/rails/rails.git","(?-mix:^railties\/lib\/rails_generator\/.*)",2009-01-28,"david heinemeier hansson",2,261,6
"260","https://github.com/rails/rails.git","(?-mix:^railties\/lib\/.*)",2009-01-28,"david heinemeier hansson",7,42,6
"261","https://github.com/rails/rails.git","(?-mix:^railties\/configs\/.*)",2009-01-28,"david heinemeier hansson",3,17,6
"262","https://github.com/rails/rails.git","(?-mix:^railties\/helpers\/.*)",2009-01-28,"david heinemeier hansson",1,8,6
"263","https://github.com/rails/rails.git","(?-mix:^actionpack\/lib\/action_view\/helpers\/.*)",2009-01-28,"sven fuchs",1,2,6
"264","https://github.com/rails/rails.git","(?-mix:^actionpack\/lib\/action_controller\/.*)",2009-01-28,"david heinemeier hansson",6,88,6
"265","https://github.com/rails/rails.git","(?-mix:^actionpack\/lib\/action_view\/.*)",2009-01-28,"david heinemeier hansson",6,138,6
"266","https://github.com/rails/rails.git","(?-mix:^railties\/lib\/rails\/plugin\/.*)",2009-01-28,"david heinemeier hansson",4,54,6
"267","https://github.com/rails/rails.git","(?-mix:^activesupport\/lib\/active_support\/core_ext\/cgi\/.*)",2009-01-28,"jeremy kemper",1,9,6
"268","https://github.com/rails/rails.git","(?-mix:^actionpack\/lib\/action_controller\/routing\/.*)",2009-01-28,"david heinemeier hansson",1,54,6
"269","https://github.com/rails/rails.git","(?-mix:^activerecord\/lib\/.*)",2009-01-28,"paul",1,1,6
"270","https://github.com/rails/rails.git","(?-mix:^activesupport\/lib\/active_support\/xml_mini.*)",2009-01-28,"pratik naik",1,2,6
"271","https://github.com/rails/rails.git","(?-mix:^activesupport\/lib\/active_support\/.*)",2009-01-28,"christoffer sawicki",1,8,6
"272","https://github.com/rails/rails.git","(?-mix:^actionpack\/lib\/action_controller\/.*)",2009-01-28,"aaron batalion",1,4,6
"273","https://github.com/rails/rails.git","(?-mix:^actionpack\/lib\/action_controller\/routing\/.*)",2009-01-28,"aaron batalion",5,50,6
"274","https://github.com/rails/rails.git","(?-mix:^activesupport\/lib\/active_support\/json\/.*)",2009-01-28,"jeremy kemper",2,46,6
"275","https://github.com/rails/rails.git","(?-mix:^activesupport\/.*)",2009-01-28,"jeremy kemper",6,46,6
"276","https://github.com/rails/rails.git","(?-mix:^activesupport\/lib\/active_support\/core_ext\/hash\/.*)",2009-01-28,"jeremy kemper",4,132,6
"277","https://github.com/rails/rails.git","(?-mix:^activesupport\/lib\/active_support\/xml_mini.*)",2009-01-28,"jeremy kemper",1,111,6
"278","https://github.com/rails/rails.git","(?-mix:^activesupport\/lib\/active_support\/core_ext\/hash\/.*)",2009-01-28,"joseph holsten",1,127,6
"279","https://github.com/rails/rails.git","(?-mix:^activesupport\/.*)",2009-01-28,"michael koziarski",2,2,6
"280","https://github.com/rails/rails.git","(?-mix:^activesupport\/lib\/active_support\/.*)",2009-01-28,"michael koziarski",3,122,6
"281","https://github.com/rails/rails.git","(?-mix:^actionpack\/lib\/action_controller\/assertions\/.*)",2009-01-28,"joshua peek",2,3,6
"282","https://github.com/rails/rails.git","(?-mix:^actionmailer\/.*)",2009-01-28,"jeremy kemper",3,6,6
"283","https://github.com/rails/rails.git","(?-mix:^railties\/lib\/rails_generator\/.*)",2009-01-28,"jeremy kemper",1,2,6
"284","https://github.com/rails/rails.git","(?-mix:^railties\/builtin\/rails_info\/.*)",2009-01-28,"jeremy kemper",1,16,6
"285","https://github.com/rails/rails.git","(?-mix:^railties\/lib\/rails_generator\/.*)",2009-01-28,"yaroslav markin",1,8,6
"286","https://github.com/rails/rails.git","(?-mix:^actionpack\/lib\/action_controller\/.*)",2009-01-28,"geoff garside",1,2,6
"287","https://github.com/rails/rails.git","(?-mix:^activesupport\/lib\/active_support\/core_ext\/object\/.*)",2009-01-28,"eloy duran",1,9,6
"288","https://github.com/rails/rails.git","(?-mix:^activesupport\/.*)",2009-01-28,"joshua peek",3,45,6
"289","https://github.com/rails/rails.git","(?-mix:^railties\/lib\/rails\/.*)",2009-01-28,"manfred stienstra",1,6,6
"290","https://github.com/rails/rails.git","(?-mix:^actionpack\/lib\/action_controller\/assertions\/.*)",2009-01-28,"jeremy kemper",3,9,6
"291","https://github.com/rails/rails.git","(?-mix:^activesupport\/lib\/active_support\/values\/.*)",2009-01-28,"jeremy kemper",1,1,6
"292","https://github.com/rails/rails.git","(?-mix:^activesupport\/lib\/active_support\/core_ext\/file\/.*)",2009-01-28,"jeremy kemper",1,4,6
"293","https://github.com/rails/rails.git","(?-mix:^activesupport\/lib\/active_support\/cache\/.*)",2009-01-28,"jeremy kemper",1,3,6
"294","https://github.com/rails/rails.git","(?-mix:^activesupport\/lib\/active_support\/core_ext\/array\/.*)",2009-01-28,"jeremy kemper",1,3,6
"295","https://github.com/rails/rails.git","(?-mix:^actionpack\/lib\/action_view\/erb\/.*)",2009-01-28,"joshua peek",1,38,6
"296","https://github.com/rails/rails.git","(?-mix:^actionpack\/lib\/action_controller\/session\/.*)",2009-01-28,"michael koziarski",1,30,6
"297","https://github.com/rails/rails.git","(?-mix:^railties\/helpers\/.*)",2009-01-28,"michael koziarski",1,3,6
"298","https://github.com/rails/rails.git","(?-mix:^actionpack\/lib\/action_controller\/.*)",2009-01-28,"michael koziarski",1,44,6
"299","https://github.com/rails/rails.git","(?-mix:^activerecord\/lib\/.*)",2009-01-28,"david heinemeier hansson",1,4,6
"300","https://github.com/rails/rails.git","(?-mix:^actionpack\/lib\/action_controller\/.*)",2009-01-28,"sam pohlenz",2,28,6
"301","https://github.com/rails/rails.git","(?-mix:^activesupport\/lib\/active_support\/core_ext\/string\/.*)",2009-01-28,"tom lea",1,4,6
"302","https://github.com/rails/rails.git","(?-mix:^activemodel\/lib\/active_model\/.*)",2008-11-23,"jeremy kemper",2,12,7
"303","https://github.com/rails/rails.git","(?-mix:^activemodel\/lib\/active_model\/state_machine\/.*)",2008-11-23,"jeremy kemper",4,15,7
"304","https://github.com/rails/rails.git","(?-mix:^railties\/lib\/commands\/.*)",2008-11-23,"joshua peek",3,130,7
"305","https://github.com/rails/rails.git","(?-mix:^actionpack\/.*)",2008-11-23,"joshua peek",1,1,7
"306","https://github.com/rails/rails.git","(?-mix:^railties\/lib\/commands\/.*)",2008-11-23,"cyril mougel",1,4,7
"307","https://github.com/rails/rails.git","(?-mix:^actionpack\/lib\/action_controller\/caching\/.*)",2008-11-23,"joshua peek",1,2,7
"308","https://github.com/rails/rails.git","(?-mix:^actionpack\/lib\/action_controller\/.*)",2008-11-23,"david heinemeier hansson",3,27,7
"309","https://github.com/rails/rails.git","(?-mix:^actionpack\/lib\/action_view\/.*)",2008-11-23,"david heinemeier hansson",3,68,7
"310","https://github.com/rails/rails.git","(?-mix:^activesupport\/.*)",2008-11-23,"david heinemeier hansson",1,1,7
"311","https://github.com/rails/rails.git","(?-mix:^activesupport\/lib\/active_support\/.*)",2008-11-23,"david heinemeier hansson",8,95,7
"312","https://github.com/rails/rails.git","(?-mix:^railties\/configs\/.*)",2008-11-23,"david heinemeier hansson",1,7,7
"313","https://github.com/rails/rails.git","(?-mix:^railties\/lib\/.*)",2008-11-23,"david heinemeier hansson",2,39,7
"314","https://github.com/rails/rails.git","(?-mix:^railties\/lib\/rails\/.*)",2008-11-23,"david heinemeier hansson",3,40,7
"315","https://github.com/rails/rails.git","(?-mix:^railties\/lib\/rails_generator\/.*)",2008-11-23,"david heinemeier hansson",3,8,7
"316","https://github.com/rails/rails.git","(?-mix:^activesupport\/lib\/active_support\/core_ext\/array\/.*)",2008-11-23,"david heinemeier hansson",1,26,7
"317","https://github.com/rails/rails.git","(?-mix:^actionmailer\/.*)",2008-11-23,"colin curtin",1,13,7
"318","https://github.com/rails/rails.git","(?-mix:^actionmailer\/.*)",2008-11-23,"alexey mahotkin",1,2,7
"319","https://github.com/rails/rails.git","(?-mix:^activesupport\/lib\/active_support\/core_ext\/module\/.*)",2008-11-23,"daniel schierbeck",1,4,7
"320","https://github.com/rails/rails.git","(?-mix:^activesupport\/lib\/active_support\/.*)",2008-11-23,"matt jones",2,21,7
"321","https://github.com/rails/rails.git","(?-mix:^actionpack\/lib\/action_view\/helpers\/.*)",2008-11-23,"aaron batalion",2,52,7
"322","https://github.com/rails/rails.git","(?-mix:^actionpack\/lib\/action_controller\/.*)",2008-11-23,"pratik naik",10,193,7
"323","https://github.com/rails/rails.git","(?-mix:^activesupport\/lib\/active_support\/.*)",2008-11-23,"jeremy kemper",4,29,7
"324","https://github.com/rails/rails.git","(?-mix:^railties\/lib\/rails_generator\/.*)",2008-11-23,"akira matsuda",1,1,7
"325","https://github.com/rails/rails.git","(?-mix:^activerecord\/lib\/.*)",2008-11-23,"pratik naik",4,23,7
"326","https://github.com/rails/rails.git","(?-mix:^activesupport\/lib\/active_support\/core_ext\/object\/.*)",2008-11-23,"pratik naik",1,13,7
"327","https://github.com/rails/rails.git","(?-mix:^actionmailer\/.*)",2008-11-23,"david heinemeier hansson",4,18,7
"328","https://github.com/rails/rails.git","(?-mix:^actionpack\/.*)",2008-11-23,"david heinemeier hansson",2,6,7
"329","https://github.com/rails/rails.git","(?-mix:^activeresource\/lib\/active_resource\/.*)",2008-11-23,"david heinemeier hansson",2,6,7
"330","https://github.com/rails/rails.git","(?-mix:^actionpack\/.*)",2008-11-23,"pratik naik",1,2,7
"331","https://github.com/rails/rails.git","(?-mix:^railties\/environments\/.*)",2008-11-23,"david heinemeier hansson",3,9,7
"332","https://github.com/rails/rails.git","(?-mix:^actionpack\/lib\/action_controller\/.*)",2008-11-23,"hiroshi saito",2,3,7
"333","https://github.com/rails/rails.git","(?-mix:^activesupport\/lib\/active_support\/.*)",2008-11-23,"damian janowski",1,9,7
"334","https://github.com/rails/rails.git","(?-mix:^actionpack\/lib\/action_controller\/routing\/.*)",2008-11-23,"gabe da silveira",2,9,7
"335","https://github.com/rails/rails.git","(?-mix:^actionpack\/lib\/action_view\/.*)",2008-11-23,"luke melia",2,7,7
"336","https://github.com/rails/rails.git","(?-mix:^actionpack\/lib\/action_view\/helpers\/.*)",2008-11-23,"hongli lai (phusion)",2,12,7
"337","https://github.com/rails/rails.git","(?-mix:^actionpack\/lib\/action_view\/helpers\/.*)",2008-11-23,"michael koziarski",1,3,7
"338","https://github.com/rails/rails.git","(?-mix:^railties\/lib\/.*)",2008-11-23,"matt jones",1,1,7
"339","https://github.com/rails/rails.git","(?-mix:^actionpack\/.*)",2008-11-23,"sven fuchs",1,2,7
"340","https://github.com/rails/rails.git","(?-mix:^actionpack\/lib\/action_view\/helpers\/.*)",2008-11-23,"sven fuchs",1,2,7
"341","https://github.com/rails/rails.git","(?-mix:^activerecord\/lib\/.*)",2008-11-23,"sven fuchs",1,2,7
"342","https://github.com/rails/rails.git","(?-mix:^activesupport\/.*)",2008-11-23,"sven fuchs",1,2,7
"343","https://github.com/rails/rails.git","(?-mix:^railties\/lib\/rails_generator\/.*)",2008-11-23,"eugene bolshakov",4,37,7
"344","https://github.com/rails/rails.git","(?-mix:^railties\/lib\/.*)",2008-11-23,"pratik naik",1,2,7
"345","https://github.com/rails/rails.git","(?-mix:^activerecord\/lib\/.*)",2008-11-23,"tom stuart",1,2,7
"346","https://github.com/rails/rails.git","(?-mix:^activesupport\/lib\/active_support\/core_ext\/time\/.*)",2008-11-23,"jeremy kemper",1,2,7
"347","https://github.com/rails/rails.git","(?-mix:^railties\/environments\/.*)",2008-11-23,"carlos paramio",1,2,7
"348","https://github.com/rails/rails.git","(?-mix:^railties\/helpers\/.*)",2008-11-23,"david heinemeier hansson",1,0,7
"349","https://github.com/rails/rails.git","(?-mix:^actionpack\/lib\/action_view\/helpers\/.*)",2008-11-23,"david heinemeier hansson",1,20,7
"350","https://github.com/rails/rails.git","(?-mix:^activerecord\/lib\/.*)",2008-11-23,"joshua peek",2,4,7
"351","https://github.com/rails/rails.git","(?-mix:^actionpack\/lib\/action_controller\/.*)",2008-11-23,"michael koziarski",2,25,7
"352","https://github.com/rails/rails.git","(?-mix:^activerecord\/lib\/.*)",2008-11-23,"david heinemeier hansson",2,20,7
"353","https://github.com/rails/rails.git","(?-mix:^actionpack\/lib\/action_view\/helpers\/.*)",2008-11-23,"mislav marohnić",2,62,7
"354","https://github.com/rails/rails.git","(?-mix:^activerecord\/lib\/.*)",2008-11-23,"will bryant",1,10,7
"355","https://github.com/rails/rails.git","(?-mix:^activerecord\/lib\/.*)",2008-11-23,"matt jones",1,7,7
"356","https://github.com/rails/rails.git","(?-mix:^railties\/environments\/.*)",2008-11-23,"pratik naik",1,2,7
"357","https://github.com/rails/rails.git","(?-mix:^actionpack\/lib\/action_controller\/.*)",2008-11-23,"tom stuart",3,164,7
"358","https://github.com/rails/rails.git","(?-mix:^activerecord\/lib\/.*)",2008-11-23,"ken collins",2,4,7
"359","https://github.com/rails/rails.git","(?-mix:^activesupport\/lib\/active_support\/values\/.*)",2008-11-23,"geoff buesing",1,4,7
"360","https://github.com/rails/rails.git","(?-mix:^actionpack\/lib\/action_controller\/.*)",2008-11-23,"rick",1,5,7
"361","https://github.com/rails/rails.git","(?-mix:^actionpack\/lib\/action_controller\/.*)",2008-11-23,"jeff cohen",2,6,7
"362","https://github.com/rails/rails.git","(?-mix:^activesupport\/lib\/active_support\/values\/.*)",2008-11-23,"phil ross",1,3,7
"363","https://github.com/rails/rails.git","(?-mix:^actionmailer\/.*)",2008-11-23,"joel chippindale",2,9,7
"364","https://github.com/rails/rails.git","(?-mix:^activerecord\/lib\/.*)",2008-11-23,"frederick cheung",1,2,7
"365","https://github.com/rails/rails.git","(?-mix:^actionpack\/lib\/action_controller\/routing\/.*)",2008-11-23,"jeremy kemper",4,77,7
"366","https://github.com/rails/rails.git","(?-mix:^activerecord\/lib\/.*)",2008-11-23,"jeremy kemper",4,38,7
"367","https://github.com/rails/rails.git","(?-mix:^actionpack\/lib\/action_view\/helpers\/.*)",2008-11-23,"jeremy kemper",2,22,7
"368","https://github.com/rails/rails.git","(?-mix:^actionpack\/lib\/action_controller\/.*)",2008-11-23,"nick sieger",1,1,7
"369","https://github.com/rails/rails.git","(?-mix:^activerecord\/lib\/.*)",2008-11-23,"nick sieger",1,5,7
"370","https://github.com/rails/rails.git","(?-mix:^actionpack\/lib\/action_controller\/.*)",2008-11-23,"jeremy kemper",1,4,7
"371","https://github.com/rails/rails.git","(?-mix:^actionpack\/lib\/action_view\/helpers\/.*)",2008-11-23,"rich manalang",1,2,7
"372","https://github.com/rails/rails.git","(?-mix:^activerecord\/lib\/.*)",2008-11-23,"tekin suleyman",1,2,7
"373","https://github.com/rails/rails.git","(?-mix:^activerecord\/lib\/.*)",2008-11-23,"michael koziarski",1,10,7
"374","https://github.com/rails/rails.git","(?-mix:^activesupport\/lib\/active_support\/.*)",2008-11-07,"jeremy kemper",2,9,8
"375","https://github.com/rails/rails.git","(?-mix:^activerecord\/lib\/.*)",2008-11-07,"joshua peek",3,49,8
"376","https://github.com/rails/rails.git","(?-mix:^actionpack\/lib\/action_controller\/routing\/.*)",2008-11-07,"aliaksey kandratsenka",1,2,8
"377","https://github.com/rails/rails.git","(?-mix:^actionpack\/lib\/action_controller\/.*)",2008-11-07,"michael koziarski",7,31,8
"378","https://github.com/rails/rails.git","(?-mix:^actionmailer\/.*)",2008-11-07,"grant hollingworth",1,6,8
"379","https://github.com/rails/rails.git","(?-mix:^activerecord\/lib\/.*)",2008-11-07,"david heinemeier hansson",4,31,8
"380","https://github.com/rails/rails.git","(?-mix:^actionpack\/lib\/action_controller\/.*)",2008-11-07,"david heinemeier hansson",12,190,8
"381","https://github.com/rails/rails.git","(?-mix:^activerecord\/lib\/.*)",2008-11-07,"pratik naik",28,870,8
"382","https://github.com/rails/rails.git","(?-mix:^activerecord\/lib\/.*)",2008-11-07,"wes oldenbeuving",1,2,8
"383","https://github.com/rails/rails.git","(?-mix:^actionpack\/lib\/action_view\/helpers\/.*)",2008-11-07,"vladimir dobriakov",1,14,8
"384","https://github.com/rails/rails.git","(?-mix:^actionpack\/lib\/action_view\/helpers\/.*)",2008-11-07,"bernardo de pádua",1,4,8
"385","https://github.com/rails/rails.git","(?-mix:^activerecord\/lib\/.*)",2008-11-07,"hongli lai (phusion)",17,320,8
"386","https://github.com/rails/rails.git","(?-mix:^activerecord\/lib\/.*)",2008-11-07,"jonathan viney",6,63,8
"387","https://github.com/rails/rails.git","(?-mix:^actionpack\/lib\/action_controller\/.*)",2008-11-07,"pratik naik",7,170,8
"388","https://github.com/rails/rails.git","(?-mix:^actionpack\/lib\/action_view\/helpers\/.*)",2008-11-07,"pratik naik",4,32,8
"389","https://github.com/rails/rails.git","(?-mix:^activesupport\/lib\/active_support\/.*)",2008-11-07,"pratik naik",3,193,8
"390","https://github.com/rails/rails.git","(?-mix:^activesupport\/lib\/active_support\/cache\/.*)",2008-11-07,"pratik naik",4,58,8
"391","https://github.com/rails/rails.git","(?-mix:^actionpack\/lib\/action_controller\/routing\/.*)",2008-11-07,"tom lea",1,26,8
"392","https://github.com/rails/rails.git","(?-mix:^railties\/lib\/.*)",2008-11-07,"matt jones",3,7,8
"393","https://github.com/rails/rails.git","(?-mix:^railties\/lib\/rails\/.*)",2008-11-07,"matt jones",7,198,8
"394","https://github.com/rails/rails.git","(?-mix:^actionpack\/lib\/action_controller\/.*)",2008-11-07,"luca guidi",1,3,8
"395","https://github.com/rails/rails.git","(?-mix:^activerecord\/lib\/.*)",2008-11-07,"luca guidi",3,22,8
"396","https://github.com/rails/rails.git","(?-mix:^activesupport\/lib\/active_support\/core_ext\/array\/.*)",2008-11-07,"david heinemeier hansson",1,2,8
"397","https://github.com/rails/rails.git","(?-mix:^railties\/lib\/.*)",2008-11-07,"joshua peek",2,2,8
"398","https://github.com/rails/rails.git","(?-mix:^actionpack\/lib\/action_controller\/.*)",2008-11-07,"joshua peek",1,1,8
"399","https://github.com/rails/rails.git","(?-mix:^actionpack\/lib\/action_controller\/.*)",2008-11-07,"seth fitzsimmons",1,5,8
"400","https://github.com/rails/rails.git","(?-mix:^actionpack\/lib\/action_view\/.*)",2008-11-07,"joshua peek",4,27,8
"401","https://github.com/rails/rails.git","(?-mix:^activesupport\/lib\/active_support\/.*)",2008-11-07,"tarmo tänav",1,2,8
"402","https://github.com/rails/rails.git","(?-mix:^activerecord\/lib\/.*)",2008-11-07,"jordi bunster",1,16,8
"403","https://github.com/rails/rails.git","(?-mix:^railties\/lib\/rails_generator\/.*)",2008-11-07,"mathias meyer",1,2,8
"404","https://github.com/rails/rails.git","(?-mix:^activeresource\/lib\/active_resource\/.*)",2008-11-07,"david heinemeier hansson",2,4,8
"405","https://github.com/rails/rails.git","(?-mix:^activesupport\/lib\/active_support\/.*)",2008-11-07,"david heinemeier hansson",3,42,8
"406","https://github.com/rails/rails.git","(?-mix:^actionpack\/lib\/action_view\/.*)",2008-11-07,"ryan bates",1,2,8
"407","https://github.com/rails/rails.git","(?-mix:^actionpack\/lib\/action_view\/helpers\/.*)",2008-11-07,"david heinemeier hansson",3,65,8
"408","https://github.com/rails/rails.git","(?-mix:^actionpack\/lib\/action_controller\/routing\/.*)",2008-11-07,"joshua peek",1,6,8
"409","https://github.com/rails/rails.git","(?-mix:^activerecord\/lib\/.*)",2008-11-07,"michael koziarski",5,24,8
"410","https://github.com/rails/rails.git","(?-mix:^actionpack\/lib\/action_view\/helpers\/.*)",2008-11-07,"erik andrejko",1,17,8
"411","https://github.com/rails/rails.git","(?-mix:^activerecord\/lib\/.*)",2008-11-07,"adam majer",1,147,8
"412","https://github.com/rails/rails.git","(?-mix:^activerecord\/lib\/.*)",2008-11-07,"mike gunderloy",1,2,8
"413","https://github.com/rails/rails.git","(?-mix:^activerecord\/lib\/.*)",2008-11-07,"ken miller",1,4,8
"414","https://github.com/rails/rails.git","(?-mix:^activerecord\/lib\/.*)",2008-11-07,"jeremy kemper",1,2,8
"415","https://github.com/rails/rails.git","(?-mix:^activesupport\/lib\/active_support\/multibyte\/.*)",2008-11-07,"pratik naik",1,2,8
"416","https://github.com/rails/rails.git","(?-mix:^actionpack\/lib\/action_controller\/caching\/.*)",2008-11-07,"pratik naik",1,26,8
"417","https://github.com/rails/rails.git","(?-mix:^actionpack\/lib\/action_view\/.*)",2008-11-07,"pratik naik",2,26,8
"418","https://github.com/rails/rails.git","(?-mix:^activesupport\/.*)",2008-11-07,"pratik naik",2,6,8
"419","https://github.com/rails/rails.git","(?-mix:^railties\/lib\/rails_generator\/.*)",2008-11-07,"pratik naik",2,4,8
"420","https://github.com/rails/rails.git","(?-mix:^actionpack\/lib\/action_controller\/.*)",2008-11-07,"tim harper",1,1,8
"421","https://github.com/rails/rails.git","(?-mix:^activesupport\/lib\/active_support\/.*)",2008-11-07,"geoff buesing",3,8,8
"422","https://github.com/rails/rails.git","(?-mix:^activesupport\/lib\/active_support\/core_ext\/module\/.*)",2008-11-07,"daniel schierbeck",4,33,8
"423","https://github.com/rails/rails.git","(?-mix:^railties\/lib\/.*)",2008-11-07,"michael koziarski",1,2,8
"424","https://github.com/rails/rails.git","(?-mix:^activesupport\/lib\/active_support\/values\/.*)",2008-11-07,"pratik naik",1,2,8
"425","https://github.com/rails/rails.git","(?-mix:^activesupport\/lib\/active_support\/cache\/.*)",2008-11-07,"doug barth",3,11,8
"426","https://github.com/rails/rails.git","(?-mix:^railties\/environments\/.*)",2008-11-07,"pratik naik",1,2,8
"427","https://github.com/rails/rails.git","(?-mix:^activerecord\/lib\/.*)",2008-11-07,"ian white",1,4,8
"428","https://github.com/rails/rails.git","(?-mix:^railties\/lib\/rails_generator\/.*)",2008-11-07,"michael koziarski",7,18,8
"429","https://github.com/rails/rails.git","(?-mix:^activesupport\/lib\/active_support\/.*)",2008-11-07,"michael koziarski",7,44,8
"430","https://github.com/rails/rails.git","(?-mix:^railties\/lib\/rails_generator\/.*)",2008-11-07,"joshua peek",1,1,8
"431","https://github.com/rails/rails.git","(?-mix:^activesupport\/lib\/active_support\/core_ext\/float\/.*)",2008-11-07,"tom lea",2,31,8
"432","https://github.com/rails/rails.git","(?-mix:^activesupport\/lib\/active_support\/.*)",2008-11-07,"tom lea",2,4,8
"433","https://github.com/rails/rails.git","(?-mix:^activesupport\/lib\/active_support\/core_ext\/integer\/.*)",2008-11-07,"tom lea",1,45,8
"434","https://github.com/rails/rails.git","(?-mix:^activesupport\/lib\/active_support\/core_ext\/numeric\/.*)",2008-11-07,"tom lea",1,10,8
"435","https://github.com/rails/rails.git","(?-mix:^activesupport\/lib\/active_support\/core_ext\/time\/.*)",2008-11-07,"tom lea",1,10,8
"436","https://github.com/rails/rails.git","(?-mix:^actionpack\/lib\/action_view\/helpers\/.*)",2008-11-07,"matthew m. boedicker",1,10,8
"437","https://github.com/rails/rails.git","(?-mix:^activerecord\/lib\/.*)",2008-11-07,"will bryant",3,18,8
"438","https://github.com/rails/rails.git","(?-mix:^activesupport\/lib\/active_support\/core_ext\/array\/.*)",2008-11-07,"tarmo tänav",1,3,8
"439","https://github.com/rails/rails.git","(?-mix:^actionpack\/lib\/action_controller\/routing\/.*)",2008-11-07,"tom stuart",1,4,8
"440","https://github.com/rails/rails.git","(?-mix:^activeresource\/lib\/active_resource\/.*)",2008-11-07,"cody fauser",1,36,8
"441","https://github.com/rails/rails.git","(?-mix:^activeresource\/lib\/active_resource\/formats\/.*)",2008-11-07,"cody fauser",1,2,8
"442","https://github.com/rails/rails.git","(?-mix:^actionpack\/lib\/action_view\/helpers\/.*)",2008-11-07,"andrew kaspick",2,17,8
"443","https://github.com/rails/rails.git","(?-mix:^actionpack\/lib\/action_view\/helpers\/.*)",2008-11-07,"tarmo tänav",1,18,8
"444","https://github.com/rails/rails.git","(?-mix:^actionpack\/lib\/action_view\/helpers\/.*)",2008-11-07,"madlep",1,2,8
"445","https://github.com/rails/rails.git","(?-mix:^activesupport\/lib\/active_support\/.*)",2008-11-07,"manfred stienstra",6,50,8
"446","https://github.com/rails/rails.git","(?-mix:^activesupport\/lib\/active_support\/.*)",2008-11-07,"eugene pimenov",1,10,8
"447","https://github.com/rails/rails.git","(?-mix:^activesupport\/lib\/active_support\/core_ext\/array\/.*)",2008-11-07,"pratik naik",2,30,8
"448","https://github.com/rails/rails.git","(?-mix:^activesupport\/lib\/active_support\/core_ext\/base64\/.*)",2008-11-07,"pratik naik",1,3,8
"449","https://github.com/rails/rails.git","(?-mix:^activesupport\/lib\/active_support\/core_ext\/object\/.*)",2008-11-07,"pratik naik",1,26,8
"450","https://github.com/rails/rails.git","(?-mix:^activeresource\/lib\/active_resource\/.*)",2008-11-07,"matthew moore",1,3,8
"451","https://github.com/rails/rails.git","(?-mix:^activesupport\/lib\/active_support\/.*)",2008-11-07,"norbert crombach",1,74,8
"452","https://github.com/rails/rails.git","(?-mix:^activerecord\/lib\/.*)",2008-11-07,"zach dennis",2,55,8
"453","https://github.com/rails/rails.git","(?-mix:^activerecord\/lib\/.*)",2008-11-07,"lawrence pit",1,2,8
"454","https://github.com/rails/rails.git","(?-mix:^actionpack\/lib\/action_controller\/.*)",2008-11-07,"aliaksey kandratsenka",4,39,8
"455","https://github.com/rails/rails.git","(?-mix:^activerecord\/lib\/.*)",2008-11-07,"aliaksey kandratsenka",4,21,8
"456","https://github.com/rails/rails.git","(?-mix:^railties\/lib\/rails_generator\/.*)",2008-11-07,"antonio cangiano",1,2,8
"457","https://github.com/rails/rails.git","(?-mix:^activesupport\/lib\/active_support\/core_ext\/object\/.*)",2008-11-07,"nick sieger",1,21,8
"458","https://github.com/rails/rails.git","(?-mix:^activerecord\/lib\/.*)",2008-11-07,"eloy duran",2,14,8
"459","https://github.com/rails/rails.git","(?-mix:^actionpack\/lib\/action_controller\/.*)",2008-11-07,"david masover",1,4,8
"460","https://github.com/rails/rails.git","(?-mix:^actionmailer\/.*)",2008-11-07,"joshua peek",1,3,8
"461","https://github.com/rails/rails.git","(?-mix:^activerecord\/lib\/.*)",2008-11-07,"tarmo tänav",4,30,8
"462","https://github.com/rails/rails.git","(?-mix:^activerecord\/lib\/.*)",2008-11-07,"adam milligan",1,8,8
"463","https://github.com/rails/rails.git","(?-mix:^railties\/lib\/rails\/.*)",2008-11-07,"michael koziarski",2,6,8
"464","https://github.com/rails/rails.git","(?-mix:^activerecord\/lib\/.*)",2008-11-07,"pivotal  labs",1,30,8
"465","https://github.com/rails/rails.git","(?-mix:^activesupport\/lib\/active_support\/core_ext\/hash\/.*)",2008-11-07,"adam",1,2,8
"466","https://github.com/rails/rails.git","(?-mix:^activesupport\/lib\/active_support\/.*)",2008-11-07,"=?utf-8?q?adam=20cig=c3=a1nek?=",1,8,8
"467","https://github.com/rails/rails.git","(?-mix:^actionmailer\/.*)",2008-11-07,"michael koziarski",1,2,8
"468","https://github.com/rails/rails.git","(?-mix:^actionpack\/.*)",2008-11-07,"michael koziarski",1,2,8
"469","https://github.com/rails/rails.git","(?-mix:^actionpack\/lib\/action_view\/helpers\/.*)",2008-11-07,"martin rehfeld",1,2,8
"470","https://github.com/rails/rails.git","(?-mix:^actionpack\/lib\/action_view\/helpers\/.*)",2008-11-07,"joshua peek",2,354,8
"471","https://github.com/rails/rails.git","(?-mix:^activerecord\/lib\/.*)",2008-11-07,"jan de poorter",1,7,8
"472","https://github.com/rails/rails.git","(?-mix:^activerecord\/lib\/.*)",2008-11-07,"manfred stienstra",2,4,8
"473","https://github.com/rails/rails.git","(?-mix:^activesupport\/lib\/active_support\/core_ext\/string\/.*)",2008-11-07,"manfred stienstra",5,116,8
"474","https://github.com/rails/rails.git","(?-mix:^activesupport\/lib\/active_support\/multibyte\/.*)",2008-11-07,"manfred stienstra",10,905,8
"475","https://github.com/rails/rails.git","(?-mix:^actionpack\/lib\/action_view\/helpers\/.*)",2008-11-07,"manfred stienstra",2,58,8
"476","https://github.com/rails/rails.git","(?-mix:^actionpack\/lib\/action_view\/.*)",2008-11-07,"claudio poli",2,39,8
"477","https://github.com/rails/rails.git","(?-mix:^activerecord\/lib\/.*)",2008-11-07,"adeh desandies",1,8,8
"478","https://github.com/rails/rails.git","(?-mix:^actionpack\/.*)",2008-11-07,"sven fuchs",2,4,8
"479","https://github.com/rails/rails.git","(?-mix:^activerecord\/lib\/.*)",2008-11-07,"sven fuchs",3,30,8
"480","https://github.com/rails/rails.git","(?-mix:^activesupport\/.*)",2008-11-07,"sven fuchs",1,2,8
"481","https://github.com/rails/rails.git","(?-mix:^activerecord\/lib\/.*)",2008-11-07,"nathaniel talbott",1,6,8
"482","https://github.com/rails/rails.git","(?-mix:^activesupport\/lib\/active_support\/core_ext\/time\/.*)",2008-11-07,"carlos brando",1,2,8
"483","https://github.com/rails/rails.git","(?-mix:^actionpack\/lib\/action_view\/.*)",2008-11-07,"michael koziarski",1,1,8
"484","https://github.com/rails/rails.git","(?-mix:^actionpack\/lib\/action_view\/helpers\/.*)",2008-11-07,"michael koziarski",1,3,8
"485","https://github.com/rails/rails.git","(?-mix:^activesupport\/lib\/active_support\/.*)",2008-11-07,"duff omelia",1,2,8
"486","https://github.com/rails/rails.git","(?-mix:^activeresource\/lib\/active_resource\/.*)",2008-11-07,"edgar j. suarez",1,2,8
"487","https://github.com/rails/rails.git","(?-mix:^actionpack\/lib\/action_controller\/.*)",2008-11-07,"pelle braendgaard",2,7,8
"488","https://github.com/rails/rails.git","(?-mix:^actionpack\/lib\/action_controller\/session\/.*)",2008-11-07,"pelle braendgaard",1,3,8
"489","https://github.com/rails/rails.git","(?-mix:^activerecord\/lib\/.*)",2008-11-07,"emilio tagua",2,4,8
"490","https://github.com/rails/rails.git","(?-mix:^activesupport\/lib\/active_support\/core_ext\/date\/.*)",2008-11-07,"clemens kofler",1,15,8
"491","https://github.com/rails/rails.git","(?-mix:^activesupport\/lib\/active_support\/core_ext\/date_time\/.*)",2008-11-07,"clemens kofler",1,14,8
"492","https://github.com/rails/rails.git","(?-mix:^activesupport\/lib\/active_support\/core_ext\/time\/.*)",2008-11-07,"clemens kofler",1,15,8
"493","https://github.com/rails/rails.git","(?-mix:^activesupport\/lib\/active_support\/.*)",2008-11-07,"clemens kofler",1,12,8
"494","https://github.com/rails/rails.git","(?-mix:^activerecord\/lib\/.*)",2008-11-07,"frederick cheung",3,13,8
"495","https://github.com/rails/rails.git","(?-mix:^activerecord\/lib\/.*)",2008-11-07,"geoff buesing",1,2,8
"496","https://github.com/rails/rails.git","(?-mix:^activesupport\/lib\/active_support\/core_ext\/file\/.*)",2008-11-07,"michael koziarski",1,2,8
"497","https://github.com/rails/rails.git","(?-mix:^actionpack\/lib\/action_controller\/assertions\/.*)",2008-11-07,"pratik naik",1,28,8
"498","https://github.com/rails/rails.git","(?-mix:^activesupport\/lib\/active_support\/core_ext\/hash\/.*)",2008-11-07,"mislav marohnić",1,2,8
"499","https://github.com/rails/rails.git","(?-mix:^activerecord\/lib\/.*)",2008-11-07,"rich cavanaugh",1,20,8
"500","https://github.com/rails/rails.git","(?-mix:^activerecord\/lib\/.*)",2008-11-07,"jon leighton",1,9,8
"501","https://github.com/rails/rails.git","(?-mix:^activerecord\/lib\/.*)",2008-11-07,"wmoxam",1,2,8
"502","https://github.com/rails/rails.git","(?-mix:^railties\/lib\/commands\/.*)",2008-11-07,"emilio tagua",1,13,8
"503","https://github.com/rails/rails.git","(?-mix:^activesupport\/lib\/active_support\/cache\/.*)",2008-11-07,"joshua peek",2,80,8
"504","https://github.com/rails/rails.git","(?-mix:^activerecord\/lib\/.*)",2008-11-07,"rsl",1,13,8
"505","https://github.com/rails/rails.git","(?-mix:^activesupport\/lib\/active_support\/values\/.*)",2008-11-07,"jamis buck",1,2,8
"506","https://github.com/rails/rails.git","(?-mix:^activerecord\/lib\/.*)",2008-11-07,"rob anderton",2,114,8
"507","https://github.com/rails/rails.git","(?-mix:^actionpack\/lib\/action_controller\/.*)",2008-11-07,"sven fuchs",1,13,8
"508","https://github.com/rails/rails.git","(?-mix:^activesupport\/lib\/active_support\/core_ext\/string\/.*)",2008-11-07,"david heinemeier hansson",2,38,8
"509","https://github.com/rails/rails.git","(?-mix:^actionpack\/lib\/action_view\/helpers\/.*)",2008-11-07,"alastair brunton",1,10,8
"510","https://github.com/rails/rails.git","(?-mix:^actionpack\/lib\/action_view\/helpers\/.*)",2008-11-07,"jose fernandez",1,15,8
"511","https://github.com/rails/rails.git","(?-mix:^activerecord\/lib\/.*)",2008-09-10,"david heinemeier hansson",5,14,9
"512","https://github.com/rails/rails.git","(?-mix:^activerecord\/lib\/.*)",2008-09-10,"emilio tagua",4,12,9
"513","https://github.com/rails/rails.git","(?-mix:^actionmailer\/.*)",2008-09-10,"u-escapee\mack",1,2,9
"514","https://github.com/rails/rails.git","(?-mix:^activesupport\/lib\/active_support\/.*)",2008-09-10,"david heinemeier hansson",4,13,9
"515","https://github.com/rails/rails.git","(?-mix:^actionpack\/lib\/action_controller\/.*)",2008-09-10,"david heinemeier hansson",5,77,9
"516","https://github.com/rails/rails.git","(?-mix:^actionpack\/lib\/action_view\/.*)",2008-09-10,"david heinemeier hansson",1,5,9
"517","https://github.com/rails/rails.git","(?-mix:^actionmailer\/.*)",2008-09-10,"david heinemeier hansson",2,48,9
"518","https://github.com/rails/rails.git","(?-mix:^activerecord\/lib\/.*)",2008-09-10,"hongli lai (phusion)",7,108,9
"519","https://github.com/rails/rails.git","(?-mix:^activerecord\/lib\/.*)",2008-09-10,"michael koziarski",3,8,9
"520","https://github.com/rails/rails.git","(?-mix:^railties\/lib\/commands\/.*)",2008-09-10,"akira matsuda",2,18,9
"521","https://github.com/rails/rails.git","(?-mix:^activesupport\/lib\/active_support\/.*)",2008-09-10,"michael koziarski",3,39,9
"522","https://github.com/rails/rails.git","(?-mix:^actionpack\/lib\/action_controller\/.*)",2008-09-10,"jeremy kemper",10,54,9
"523","https://github.com/rails/rails.git","(?-mix:^actionpack\/lib\/action_view\/.*)",2008-09-10,"jeremy kemper",3,42,9
"524","https://github.com/rails/rails.git","(?-mix:^activesupport\/lib\/active_support\/.*)",2008-09-10,"jeremy kemper",5,10,9
"525","https://github.com/rails/rails.git","(?-mix:^actionpack\/lib\/action_controller\/routing\/.*)",2008-09-10,"jeremy kemper",2,23,9
"526","https://github.com/rails/rails.git","(?-mix:^activesupport\/lib\/active_support\/cache\/.*)",2008-09-10,"jeremy kemper",1,0,9
"527","https://github.com/rails/rails.git","(?-mix:^activesupport\/lib\/active_support\/core_ext\/hash\/.*)",2008-09-10,"jeremy kemper",1,0,9
"528","https://github.com/rails/rails.git","(?-mix:^activerecord\/lib\/.*)",2008-09-10,"jeremy kemper",4,65,9
"529","https://github.com/rails/rails.git","(?-mix:^actionpack\/lib\/action_controller\/routing\/.*)",2008-09-10,"matt jones",2,13,9
"530","https://github.com/rails/rails.git","(?-mix:^actionpack\/lib\/action_view\/helpers\/.*)",2008-09-10,"david heinemeier hansson",2,10,9
"531","https://github.com/rails/rails.git","(?-mix:^activerecord\/lib\/.*)",2008-09-10,"nick sieger",30,867,9
"532","https://github.com/rails/rails.git","(?-mix:^actionpack\/lib\/action_controller\/caching\/.*)",2008-09-10,"pratik naik",2,6,9
"533","https://github.com/rails/rails.git","(?-mix:^actionpack\/lib\/action_controller\/.*)",2008-09-10,"pratik naik",16,333,9
"534","https://github.com/rails/rails.git","(?-mix:^actionpack\/lib\/action_view\/helpers\/.*)",2008-09-10,"pratik naik",3,8,9
"535","https://github.com/rails/rails.git","(?-mix:^activemodel\/lib\/active_model\/validations\/.*)",2008-09-10,"pratik naik",1,2,9
"536","https://github.com/rails/rails.git","(?-mix:^activerecord\/lib\/.*)",2008-09-10,"pratik naik",10,227,9
"537","https://github.com/rails/rails.git","(?-mix:^activeresource\/lib\/active_resource\/.*)",2008-09-10,"pratik naik",2,118,9
"538","https://github.com/rails/rails.git","(?-mix:^activesupport\/lib\/active_support\/.*)",2008-09-10,"pratik naik",1,10,9
"539","https://github.com/rails/rails.git","(?-mix:^railties\/environments\/.*)",2008-09-10,"pratik naik",1,3,9
"540","https://github.com/rails/rails.git","(?-mix:^railties\/lib\/commands\/.*)",2008-09-10,"pratik naik",1,2,9
"541","https://github.com/rails/rails.git","(?-mix:^activesupport\/lib\/active_support\/.*)",2008-09-10,"adam keys",1,20,9
"542","https://github.com/rails/rails.git","(?-mix:^railties\/environments\/.*)",2008-09-10,"nigel ramsay",1,2,9
"543","https://github.com/rails/rails.git","(?-mix:^activesupport\/lib\/active_support\/core_ext\/class\/.*)",2008-09-10,"clemens kofler",1,0,9
"544","https://github.com/rails/rails.git","(?-mix:^actionpack\/lib\/action_controller\/.*)",2008-09-10,"clemens kofler",2,16,9
"545","https://github.com/rails/rails.git","(?-mix:^activerecord\/lib\/.*)",2008-09-10,"clemens kofler",5,70,9
"546","https://github.com/rails/rails.git","(?-mix:^activeresource\/lib\/active_resource\/.*)",2008-09-10,"clemens kofler",2,8,9
"547","https://github.com/rails/rails.git","(?-mix:^activemodel\/lib\/active_model\/validations\/.*)",2008-09-10,"clemens kofler",3,8,9
"548","https://github.com/rails/rails.git","(?-mix:^activemodel\/lib\/active_model\/state_machine\/.*)",2008-09-10,"clemens kofler",1,4,9
"549","https://github.com/rails/rails.git","(?-mix:^actionpack\/lib\/action_controller\/routing\/.*)",2008-09-10,"clemens kofler",1,6,9
"550","https://github.com/rails/rails.git","(?-mix:^actionpack\/lib\/action_view\/helpers\/.*)",2008-09-10,"clemens kofler",3,16,9
"551","https://github.com/rails/rails.git","(?-mix:^actionpack\/lib\/action_controller\/.*)",2008-09-10,"jonathan del strother",1,2,9
"552","https://github.com/rails/rails.git","(?-mix:^activerecord\/lib\/.*)",2008-09-10,"iain hecker",1,3,9
"553","https://github.com/rails/rails.git","(?-mix:^actionmailer\/.*)",2008-09-10,"jeremy kemper",1,4,9
"554","https://github.com/rails/rails.git","(?-mix:^actionpack\/lib\/action_controller\/caching\/.*)",2008-09-10,"jeremy kemper",2,8,9
"555","https://github.com/rails/rails.git","(?-mix:^activemodel\/lib\/active_model\/.*)",2008-09-10,"jeremy kemper",1,2,9
"556","https://github.com/rails/rails.git","(?-mix:^activeresource\/lib\/active_resource\/.*)",2008-09-10,"jeremy kemper",2,6,9
"557","https://github.com/rails/rails.git","(?-mix:^activesupport\/lib\/active_support\/core_ext\/object\/.*)",2008-09-10,"jeremy kemper",1,5,9
"558","https://github.com/rails/rails.git","(?-mix:^activesupport\/lib\/active_support\/core_ext\/time\/.*)",2008-09-10,"jeremy kemper",1,2,9
"559","https://github.com/rails/rails.git","(?-mix:^railties\/lib\/.*)",2008-09-10,"jeremy kemper",1,2,9
"560","https://github.com/rails/rails.git","(?-mix:^actionmailer\/.*)",2008-09-10,"pratik naik",1,24,9
"561","https://github.com/rails/rails.git","(?-mix:^actionpack\/lib\/action_controller\/routing\/.*)",2008-09-10,"luke melia",1,5,9
"562","https://github.com/rails/rails.git","(?-mix:^actionpack\/lib\/action_controller\/.*)",2008-09-10,"joshua peek",3,28,9
"563","https://github.com/rails/rails.git","(?-mix:^actionpack\/lib\/action_view\/.*)",2008-09-10,"joshua peek",4,100,9
"564","https://github.com/rails/rails.git","(?-mix:^actionpack\/lib\/action_view\/template_handlers\/.*)",2008-09-10,"joshua peek",1,2,9
"565","https://github.com/rails/rails.git","(?-mix:^actionpack\/lib\/action_view\/.*)",2008-09-10,"pratik naik",5,68,9
"566","https://github.com/rails/rails.git","(?-mix:^actionpack\/lib\/action_view\/helpers\/.*)",2008-09-10,"emilio tagua",1,2,9
"567","https://github.com/rails/rails.git","(?-mix:^activeresource\/lib\/active_resource\/.*)",2008-09-10,"rasik pandey",4,47,9
"568","https://github.com/rails/rails.git","(?-mix:^activeresource\/lib\/active_resource\/formats\/.*)",2008-09-10,"rasik pandey",2,6,9
"569","https://github.com/rails/rails.git","(?-mix:^actionpack\/lib\/action_controller\/assertions\/.*)",2008-09-10,"emilio tagua",1,76,9
"570","https://github.com/rails/rails.git","(?-mix:^actionpack\/lib\/action_view\/helpers\/.*)",2008-09-10,"tarmo tänav",1,8,9
"571","https://github.com/rails/rails.git","(?-mix:^activesupport\/lib\/active_support\/.*)",2008-09-10,"hongli lai (phusion)",1,11,9
"572","https://github.com/rails/rails.git","(?-mix:^activerecord\/lib\/.*)",2008-09-10,"tom stuart",1,6,9
"573","https://github.com/rails/rails.git","(?-mix:^activerecord\/lib\/.*)",2008-09-10,"joshua peek",1,2,9
"574","https://github.com/rails/rails.git","(?-mix:^actionmailer\/.*)",2008-09-10,"james mead",1,19,9
"575","https://github.com/rails/rails.git","(?-mix:^railties\/lib\/.*)",2008-09-10,"nick sieger",1,1,9
"576","https://github.com/rails/rails.git","(?-mix:^activerecord\/lib\/.*)",2008-06-07,"nick sieger",5,290,10
"577","https://github.com/rails/rails.git","(?-mix:^activerecord\/lib\/.*)",2008-04-20,"nick sieger",4,22,11
"578","https://github.com/rails/rails.git","(?-mix:^activerecord\/lib\/.*)",2008-04-19,"nick sieger",7,452,12
"579","https://github.com/rails/rails.git","(?-mix:^activesupport\/lib\/active_support\/.*)",2008-04-19,"nick sieger",1,1,12
"580","https://github.com/rails/rails.git","(?-mix:^actionpack\/lib\/action_view\/helpers\/.*)",2008-04-19,"tom lea",1,6,12
"581","https://github.com/rails/rails.git","(?-mix:^actionpack\/lib\/action_controller\/assertions\/.*)",2008-04-19,"tim haines",1,8,12
"582","https://github.com/rails/rails.git","(?-mix:^activerecord\/lib\/.*)",2008-04-19,"eugene pimenov",1,2,12
"583","https://github.com/rails/rails.git","(?-mix:^activerecord\/lib\/.*)",2008-04-19,"jan de poorter",3,31,12
"584","https://github.com/rails/rails.git","(?-mix:^actionpack\/lib\/action_controller\/.*)",2008-04-19,"pratik naik",12,225,12
"585","https://github.com/rails/rails.git","(?-mix:^activesupport\/lib\/active_support\/.*)",2008-04-19,"pratik naik",4,36,12
"586","https://github.com/rails/rails.git","(?-mix:^activesupport\/lib\/active_support\/core_ext\/date\/.*)",2008-04-19,"jeremy kemper",3,35,12
"587","https://github.com/rails/rails.git","(?-mix:^actionpack\/lib\/action_controller\/routing\/.*)",2008-04-19,"brennan dunn",2,8,12
"588","https://github.com/rails/rails.git","(?-mix:^actionpack\/lib\/action_controller\/.*)",2008-04-19,"brennan dunn",1,13,12
"589","https://github.com/rails/rails.git","(?-mix:^activerecord\/lib\/.*)",2008-04-19,"andrew white",3,39,12
"590","https://github.com/rails/rails.git","(?-mix:^activerecord\/lib\/.*)",2008-04-19,"ernie miller",6,80,12
"591","https://github.com/rails/rails.git","(?-mix:^actionpack\/lib\/action_view\/.*)",2008-04-19,"joshua peek",114,1641,12
"592","https://github.com/rails/rails.git","(?-mix:^activesupport\/lib\/active_support\/.*)",2008-04-19,"joshua peek",23,759,12
"593","https://github.com/rails/rails.git","(?-mix:^activerecord\/lib\/.*)",2008-04-19,"tarmo tänav",41,288,12
"594","https://github.com/rails/rails.git","(?-mix:^activerecord\/lib\/.*)",2008-04-19,"tom lea",3,13,12
"595","https://github.com/rails/rails.git","(?-mix:^actionpack\/lib\/action_view\/helpers\/.*)",2008-04-19,"ken collins",1,43,12
"596","https://github.com/rails/rails.git","(?-mix:^actionpack\/lib\/action_controller\/.*)",2008-04-19,"michael s. klishin",1,8,12
"597","https://github.com/rails/rails.git","(?-mix:^activerecord\/lib\/.*)",2008-04-19,"lars kanis",1,2,12
"598","https://github.com/rails/rails.git","(?-mix:^activerecord\/lib\/.*)",2008-04-19,"jeremy kemper",23,162,12
"599","https://github.com/rails/rails.git","(?-mix:^activesupport\/.*)",2008-04-19,"joshua peek",4,4,12
"600","https://github.com/rails/rails.git","(?-mix:^activesupport\/lib\/active_support\/.*)",2008-04-19,"luca guidi",1,23,12
"601","https://github.com/rails/rails.git","(?-mix:^railties\/lib\/rails_generator\/.*)",2008-04-19,"michael koziarski",1,1,12
"602","https://github.com/rails/rails.git","(?-mix:^activesupport\/.*)",2008-04-19,"hongli lai (phusion)",1,2,12
"603","https://github.com/rails/rails.git","(?-mix:^activesupport\/lib\/active_support\/.*)",2008-04-19,"hongli lai (phusion)",1,197,12
"604","https://github.com/rails/rails.git","(?-mix:^railties\/lib\/rails_generator\/.*)",2008-04-19,"hongli lai (phusion)",2,154,12
"605","https://github.com/rails/rails.git","(?-mix:^activerecord\/lib\/.*)",2008-04-19,"pivotal  labs",2,7,12
"606","https://github.com/rails/rails.git","(?-mix:^actionpack\/.*)",2008-04-19,"marko seppae",1,2,12
"607","https://github.com/rails/rails.git","(?-mix:^activerecord\/lib\/.*)",2008-04-19,"marko seppae",1,2,12
"608","https://github.com/rails/rails.git","(?-mix:^activesupport\/.*)",2008-04-19,"marko seppae",1,2,12
"609","https://github.com/rails/rails.git","(?-mix:^actionpack\/lib\/action_controller\/.*)",2008-04-19,"joshua peek",27,216,12
"610","https://github.com/rails/rails.git","(?-mix:^actionpack\/lib\/action_view\/helpers\/.*)",2008-04-19,"joshua peek",16,165,12
"611","https://github.com/rails/rails.git","(?-mix:^activerecord\/lib\/.*)",2008-04-19,"joshua peek",3,11,12
"612","https://github.com/rails/rails.git","(?-mix:^activerecord\/lib\/.*)",2008-04-19,"josh susser",9,120,12
"613","https://github.com/rails/rails.git","(?-mix:^activerecord\/lib\/.*)",2008-04-19,"frederick cheung",2,12,12
"614","https://github.com/rails/rails.git","(?-mix:^actionmailer\/.*)",2008-04-19,"jeremy kemper",2,10,12
"615","https://github.com/rails/rails.git","(?-mix:^actionpack\/.*)",2008-04-19,"jeremy kemper",2,22,12
"616","https://github.com/rails/rails.git","(?-mix:^activeresource\/lib\/.*)",2008-04-19,"jeremy kemper",1,11,12
"617","https://github.com/rails/rails.git","(?-mix:^activesupport\/.*)",2008-04-19,"jeremy kemper",1,2,12
"618","https://github.com/rails/rails.git","(?-mix:^actionpack\/.*)",2008-04-19,"joshua peek",6,29,12
"619","https://github.com/rails/rails.git","(?-mix:^actionpack\/lib\/action_view\/helpers\/.*)",2008-04-19,"sven fuchs",23,376,12
"620","https://github.com/rails/rails.git","(?-mix:^activerecord\/lib\/.*)",2008-04-19,"xavier noria",3,33,12
"621","https://github.com/rails/rails.git","(?-mix:^railties\/lib\/commands\/.*)",2008-04-19,"michael koziarski",2,4,12
"622","https://github.com/rails/rails.git","(?-mix:^activesupport\/lib\/active_support\/.*)",2008-04-19,"jeremy kemper",11,113,12
"623","https://github.com/rails/rails.git","(?-mix:^railties\/lib\/rails_generator\/.*)",2008-04-19,"tarmo tänav",3,9,12
"624","https://github.com/rails/rails.git","(?-mix:^activesupport\/lib\/active_support\/.*)",2008-04-19,"peter wagenet",1,6,12
"625","https://github.com/rails/rails.git","(?-mix:^activesupport\/lib\/active_support\/.*)",2008-04-19,"tarmo tänav",2,10,12
"626","https://github.com/rails/rails.git","(?-mix:^railties\/lib\/.*)",2008-04-19,"tarmo tänav",1,1,12
"627","https://github.com/rails/rails.git","(?-mix:^activeresource\/lib\/active_resource\/.*)",2008-04-19,"tarmo tänav",1,3,12
"628","https://github.com/rails/rails.git","(?-mix:^actionpack\/lib\/action_view\/.*)",2008-04-19,"ryan bates",8,202,12
"629","https://github.com/rails/rails.git","(?-mix:^activesupport\/lib\/active_support\/.*)",2008-04-19,"amos king",1,2,12
"630","https://github.com/rails/rails.git","(?-mix:^railties\/lib\/.*)",2008-04-19,"tom ward",1,2,12
"631","https://github.com/rails/rails.git","(?-mix:^activerecord\/lib\/.*)",2008-04-19,"patrick reagan",1,7,12
"632","https://github.com/rails/rails.git","(?-mix:^activeresource\/lib\/active_resource\/.*)",2008-04-19,"adrian mugnolo",1,5,12
"633","https://github.com/rails/rails.git","(?-mix:^actionpack\/lib\/action_controller\/.*)",2008-04-19,"ryan bates",3,31,12
"634","https://github.com/rails/rails.git","(?-mix:^actionpack\/lib\/action_controller\/.*)",2008-04-19,"jeremy kemper",22,874,12
"635","https://github.com/rails/rails.git","(?-mix:^actionpack\/lib\/action_controller\/.*)",2008-04-19,"tarmo tänav",4,16,12
"636","https://github.com/rails/rails.git","(?-mix:^activesupport\/lib\/active_support\/.*)",2008-04-19,"frederick cheung",1,6,12
"637","https://github.com/rails/rails.git","(?-mix:^activerecord\/lib\/.*)",2008-04-19,"iain hecker",10,232,12
"638","https://github.com/rails/rails.git","(?-mix:^activerecord\/lib\/.*)",2008-04-19,"peter wagenet",1,6,12
"639","https://github.com/rails/rails.git","(?-mix:^activerecord\/lib\/.*)",2008-04-19,"miles georgi",2,6,12
"640","https://github.com/rails/rails.git","(?-mix:^activerecord\/lib\/.*)",2008-04-19,"philip hallstrom",1,2,12
"641","https://github.com/rails/rails.git","(?-mix:^activerecord\/lib\/.*)",2008-04-19,"jakub kuźma",1,4,12
"642","https://github.com/rails/rails.git","(?-mix:^actionpack\/lib\/action_view\/helpers\/.*)",2008-04-19,"darragh curran",1,6,12
"643","https://github.com/rails/rails.git","(?-mix:^activerecord\/lib\/.*)",2008-04-19,"ryan bates",2,4,12
"644","https://github.com/rails/rails.git","(?-mix:^actionpack\/.*)",2008-04-19,"iain hecker",1,2,12
"645","https://github.com/rails/rails.git","(?-mix:^activesupport\/.*)",2008-04-19,"iain hecker",1,2,12
"646","https://github.com/rails/rails.git","(?-mix:^activesupport\/lib\/active_support\/cache\/.*)",2008-04-19,"joshua peek",10,82,12
"647","https://github.com/rails/rails.git","(?-mix:^actionpack\/lib\/action_controller\/.*)",2008-04-19,"jamis buck",1,2,12
"648","https://github.com/rails/rails.git","(?-mix:^railties\/lib\/rails_generator\/.*)",2008-04-19,"joshua peek",2,22,12
"649","https://github.com/rails/rails.git","(?-mix:^railties\/lib\/rails\/.*)",2008-04-19,"joshua peek",1,1,12
"650","https://github.com/rails/rails.git","(?-mix:^railties\/lib\/rails\/rack\/.*)",2008-04-19,"joshua peek",1,28,12
"651","https://github.com/rails/rails.git","(?-mix:^activeresource\/lib\/active_resource\/.*)",2008-04-19,"joshua peek",1,2,12
"652","https://github.com/rails/rails.git","(?-mix:^activesupport\/lib\/active_support\/core_ext\/kernel\/.*)",2008-04-19,"joshua peek",1,4,12
"653","https://github.com/rails/rails.git","(?-mix:^railties\/lib\/.*)",2008-04-19,"joshua peek",14,134,12
"654","https://github.com/rails/rails.git","(?-mix:^activerecord\/lib\/.*)",2008-04-19,"nathan witmer",2,8,12
"655","https://github.com/rails/rails.git","(?-mix:^activeresource\/lib\/active_resource\/.*)",2008-04-19,"david heinemeier hansson",1,2,12
"656","https://github.com/rails/rails.git","(?-mix:^actionpack\/lib\/action_view\/helpers\/.*)",2008-04-19,"jeremy kemper",14,130,12
"657","https://github.com/rails/rails.git","(?-mix:^actionpack\/lib\/action_view\/helpers\/.*)",2008-04-19,"iain hecker",1,8,12
"658","https://github.com/rails/rails.git","(?-mix:^actionmailer\/.*)",2008-04-19,"joshua peek",8,86,12
"659","https://github.com/rails/rails.git","(?-mix:^actionpack\/lib\/action_controller\/.*)",2008-04-19,"josh susser",1,19,12
"660","https://github.com/rails/rails.git","(?-mix:^activerecord\/lib\/.*)",2008-04-19,"eloy duran",1,6,12
"661","https://github.com/rails/rails.git","(?-mix:^activerecord\/lib\/.*)",2008-04-19,"sven fuchs",15,258,12
"662","https://github.com/rails/rails.git","(?-mix:^activesupport\/lib\/active_support\/cache\/.*)",2008-04-19,"jeffrey hardy",1,8,12
"663","https://github.com/rails/rails.git","(?-mix:^actionpack\/.*)",2008-04-19,"sven fuchs",4,8,12
"664","https://github.com/rails/rails.git","(?-mix:^activesupport\/.*)",2008-04-19,"sven fuchs",4,10,12
"665","https://github.com/rails/rails.git","(?-mix:^activerecord\/lib\/.*)",2008-04-19,"trevor turk",1,6,12
"666","https://github.com/rails/rails.git","(?-mix:^activerecord\/lib\/.*)",2008-04-19,"michalis polakis",1,2,12
"667","https://github.com/rails/rails.git","(?-mix:^actionpack\/lib\/action_view\/helpers\/.*)",2008-04-19,"stefan kaes",1,2,12
"668","https://github.com/rails/rails.git","(?-mix:^actionpack\/lib\/action_view\/helpers\/.*)",2008-04-19,"emilio tagua",4,23,12
"669","https://github.com/rails/rails.git","(?-mix:^railties\/lib\/commands\/.*)",2008-04-19,"daniel rodríguez troitiño",1,2,12
"670","https://github.com/rails/rails.git","(?-mix:^actionpack\/lib\/action_controller\/.*)",2008-04-19,"james rosen",1,48,12
"671","https://github.com/rails/rails.git","(?-mix:^actionpack\/lib\/action_view\/.*)",2008-04-19,"jeremy kemper",4,22,12
"672","https://github.com/rails/rails.git","(?-mix:^actionpack\/lib\/action_view\/helpers\/.*)",2008-04-19,"clemens kofler",11,1359,12
"673","https://github.com/rails/rails.git","(?-mix:^activesupport\/lib\/active_support\/core_ext\/file\/.*)",2008-04-19,"joshua peek",1,46,12
"674","https://github.com/rails/rails.git","(?-mix:^activerecord\/lib\/.*)",2008-04-19,"nik wakelin",3,52,12
"675","https://github.com/rails/rails.git","(?-mix:^actionpack\/lib\/action_controller\/session\/.*)",2008-04-19,"jeremy kemper",1,2,12
"676","https://github.com/rails/rails.git","(?-mix:^actionpack\/lib\/action_controller\/assertions\/.*)",2008-04-19,"jeffrey hardy",1,4,12
"677","https://github.com/rails/rails.git","(?-mix:^railties\/environments\/.*)",2008-04-19,"joshua peek",2,4,12
"678","https://github.com/rails/rails.git","(?-mix:^actionpack\/lib\/action_controller\/routing\/.*)",2008-04-19,"jeremy kemper",1,3,12
"679","https://github.com/rails/rails.git","(?-mix:^railties\/lib\/.*)",2008-04-19,"ben sandofsky",1,6,12
"680","https://github.com/rails/rails.git","(?-mix:^railties\/lib\/rails\/.*)",2008-04-19,"ben sandofsky",1,2,12
"681","https://github.com/rails/rails.git","(?-mix:^railties\/lib\/.*)",2008-04-19,"jeremy kemper",2,20,12
"682","https://github.com/rails/rails.git","(?-mix:^railties\/dispatches\/.*)",2008-04-19,"tarmo tänav",1,2,12
"683","https://github.com/rails/rails.git","(?-mix:^actionmailer\/.*)",2008-04-19,"tarmo tänav",1,0,12
"684","https://github.com/rails/rails.git","(?-mix:^actionpack\/.*)",2008-04-19,"tarmo tänav",1,0,12
"685","https://github.com/rails/rails.git","(?-mix:^actionpack\/lib\/action_view\/helpers\/.*)",2008-04-19,"tarmo tänav",1,0,12
"686","https://github.com/rails/rails.git","(?-mix:^activerecord\/lib\/.*)",2008-04-19,"pratik naik",16,574,12
"687","https://github.com/rails/rails.git","(?-mix:^activesupport\/lib\/active_support\/core_ext\/array\/.*)",2008-04-19,"emilio tagua",1,10,12
"688","https://github.com/rails/rails.git","(?-mix:^railties\/lib\/.*)",2008-04-19,"josé valim",2,2,12
"689","https://github.com/rails/rails.git","(?-mix:^actionpack\/lib\/action_controller\/assertions\/.*)",2008-04-19,"emilio tagua",1,22,12
"690","https://github.com/rails/rails.git","(?-mix:^activesupport\/lib\/active_support\/.*)",2008-04-19,"michael koziarski",2,26,12
"691","https://github.com/rails/rails.git","(?-mix:^railties\/lib\/.*)",2008-04-19,"michael koziarski",2,3,12
"692","https://github.com/rails/rails.git","(?-mix:^actionpack\/lib\/action_view\/helpers\/.*)",2008-04-19,"jan de poorter",1,2,12
"693","https://github.com/rails/rails.git","(?-mix:^actionpack\/lib\/action_controller\/routing\/.*)",2008-04-19,"joshua peek",13,327,12
"694","https://github.com/rails/rails.git","(?-mix:^actionpack\/lib\/action_controller\/assertions\/.*)",2008-04-19,"joshua peek",4,12,12
"695","https://github.com/rails/rails.git","(?-mix:^activesupport\/lib\/active_support\/core_ext\/array\/.*)",2008-04-19,"pratik naik",1,20,12
"696","https://github.com/rails/rails.git","(?-mix:^activesupport\/lib\/active_support\/core_ext\/time\/.*)",2008-04-19,"pratik naik",2,3,12
"697","https://github.com/rails/rails.git","(?-mix:^activerecord\/lib\/.*)",2008-04-19,"george ogata",2,5,12
"698","https://github.com/rails/rails.git","(?-mix:^railties\/lib\/.*)",2008-04-19,"sam granieri",1,4,12
"699","https://github.com/rails/rails.git","(?-mix:^activesupport\/lib\/active_support\/core_ext\/object\/.*)",2008-04-19,"joshua peek",2,13,12
"700","https://github.com/rails/rails.git","(?-mix:^railties\/lib\/commands\/.*)",2008-04-19,"miles georgi",1,2,12
"701","https://github.com/rails/rails.git","(?-mix:^activerecord\/lib\/.*)",2008-04-19,"daniel guettler",2,7,12
"702","https://github.com/rails/rails.git","(?-mix:^actionpack\/lib\/action_view\/helpers\/.*)",2008-04-19,"kevin glowacz",1,28,12
"703","https://github.com/rails/rails.git","(?-mix:^railties\/lib\/commands\/.*)",2008-04-19,"joshua peek",1,6,12
"704","https://github.com/rails/rails.git","(?-mix:^activerecord\/lib\/.*)",2008-04-19,"tom ward",1,2,12
"705","https://github.com/rails/rails.git","(?-mix:^actionpack\/lib\/action_view\/template_handlers\/.*)",2008-04-19,"joshua peek",7,54,12
"706","https://github.com/rails/rails.git","(?-mix:^actionpack\/lib\/action_controller\/.*)",2008-04-19,"tom ward",1,1,12
"707","https://github.com/rails/rails.git","(?-mix:^actionpack\/lib\/action_controller\/routing\/.*)",2008-04-19,"tom ward",1,15,12
"708","https://github.com/rails/rails.git","(?-mix:^actionpack\/lib\/action_view\/.*)",2008-04-19,"tom ward",3,16,12
"709","https://github.com/rails/rails.git","(?-mix:^actionpack\/lib\/action_view\/template_handlers\/.*)",2008-04-19,"tom ward",1,3,12
"710","https://github.com/rails/rails.git","(?-mix:^activerecord\/lib\/.*)",2008-04-19,"joachim garth",1,2,12
"711","https://github.com/rails/rails.git","(?-mix:^activesupport\/lib\/active_support\/core_ext\/hash\/.*)",2008-04-19,"matthew rudy jacobs",1,5,12
"712","https://github.com/rails/rails.git","(?-mix:^activesupport\/lib\/active_support\/core_ext\/hash\/.*)",2008-04-19,"pratik naik",3,20,12
"713","https://github.com/rails/rails.git","(?-mix:^railties\/lib\/rails_generator\/.*)",2008-04-19,"nik wakelin",1,15,12
"714","https://github.com/rails/rails.git","(?-mix:^activesupport\/lib\/active_support\/.*)",2008-04-19,"lawrence pit",2,13,12
"715","https://github.com/rails/rails.git","(?-mix:^activesupport\/lib\/active_support\/core_ext\/hash\/.*)",2008-04-19,"lawrence pit",1,23,12
"716","https://github.com/rails/rails.git","(?-mix:^actionpack\/lib\/action_controller\/.*)",2008-04-19,"ripta pasay",1,2,12
"717","https://github.com/rails/rails.git","(?-mix:^activesupport\/lib\/active_support\/core_ext\/hash\/.*)",2008-04-19,"josh owens",1,1,12
"718","https://github.com/rails/rails.git","(?-mix:^actionpack\/lib\/action_view\/helpers\/.*)",2008-04-19,"david heinemeier hansson",3,46,12
"719","https://github.com/rails/rails.git","(?-mix:^actionpack\/lib\/action_view\/.*)",2008-04-19,"stefan kaes",1,25,12
"720","https://github.com/rails/rails.git","(?-mix:^actionpack\/lib\/action_controller\/assertions\/.*)",2008-04-19,"pratik naik",1,6,12
"721","https://github.com/rails/rails.git","(?-mix:^actionpack\/lib\/action_controller\/caching\/.*)",2008-04-19,"pratik naik",1,2,12
"722","https://github.com/rails/rails.git","(?-mix:^actionpack\/lib\/action_view\/.*)",2008-04-19,"pratik naik",4,19,12
"723","https://github.com/rails/rails.git","(?-mix:^actionpack\/lib\/action_view\/helpers\/.*)",2008-04-19,"pratik naik",12,115,12
"724","https://github.com/rails/rails.git","(?-mix:^activeresource\/lib\/active_resource\/.*)",2008-04-19,"pratik naik",3,26,12
"725","https://github.com/rails/rails.git","(?-mix:^activesupport\/lib\/active_support\/core_ext\/bigdecimal\/.*)",2008-04-19,"pratik naik",1,2,12
"726","https://github.com/rails/rails.git","(?-mix:^activesupport\/lib\/active_support\/core_ext\/string\/.*)",2008-04-19,"pratik naik",1,4,12
"727","https://github.com/rails/rails.git","(?-mix:^activesupport\/lib\/active_support\/json\/encoders\/.*)",2008-04-19,"pratik naik",4,37,12
"728","https://github.com/rails/rails.git","(?-mix:^railties\/lib\/.*)",2008-04-19,"pratik naik",1,4,12
"729","https://github.com/rails/rails.git","(?-mix:^railties\/lib\/rails_generator\/.*)",2008-04-19,"pratik naik",4,14,12
"730","https://github.com/rails/rails.git","(?-mix:^activerecord\/lib\/.*)",2008-04-19,"stefan kaes",1,1,12
"731","https://github.com/rails/rails.git","(?-mix:^railties\/environments\/.*)",2008-04-19,"david lowenfels",1,8,12
"732","https://github.com/rails/rails.git","(?-mix:^activerecord\/lib\/.*)",2008-04-19,"emilio tagua",1,2,12
"733","https://github.com/rails/rails.git","(?-mix:^actionpack\/lib\/action_controller\/caching\/.*)",2008-04-19,"joshua peek",1,4,12
"734","https://github.com/rails/rails.git","(?-mix:^activerecord\/lib\/.*)",2008-04-19,"jonathan viney",3,38,12
"735","https://github.com/rails/rails.git","(?-mix:^actionpack\/lib\/action_view\/helpers\/.*)",2008-04-19,"松田 明",1,2,12
"736","https://github.com/rails/rails.git","(?-mix:^activesupport\/lib\/active_support\/core_ext\/array\/.*)",2008-04-19,"adrian mugnolo",1,47,12
"737","https://github.com/rails/rails.git","(?-mix:^activesupport\/lib\/active_support\/.*)",2008-04-19,"geoff buesing",3,39,12
"738","https://github.com/rails/rails.git","(?-mix:^actionpack\/lib\/action_view\/.*)",2008-04-19,"tarmo tänav",1,2,12
"739","https://github.com/rails/rails.git","(?-mix:^activerecord\/lib\/.*)",2008-04-19,"tiago macedo",1,15,12
"740","https://github.com/rails/rails.git","(?-mix:^activesupport\/lib\/active_support\/core_ext\/module\/.*)",2008-04-19,"jeremy kemper",3,24,12
"741","https://github.com/rails/rails.git","(?-mix:^activerecord\/lib\/.*)",2008-04-19,"david heinemeier hansson",1,5,12
"742","https://github.com/rails/rails.git","(?-mix:^activerecord\/lib\/.*)",2008-04-19,"sebastian a. espindola",1,13,12
"743","https://github.com/rails/rails.git","(?-mix:^railties\/lib\/commands\/.*)",2008-04-19,"tim pope",1,47,12
"744","https://github.com/rails/rails.git","(?-mix:^activerecord\/lib\/.*)",2008-04-19,"david dollar",2,20,12
"745","https://github.com/rails/rails.git","(?-mix:^activerecord\/lib\/.*)",2008-04-19,"jason dew",1,9,12
"746","https://github.com/rails/rails.git","(?-mix:^activerecord\/lib\/.*)",2008-04-19,"rhett sutphin",1,7,12
"747","https://github.com/rails/rails.git","(?-mix:^actionpack\/lib\/action_view\/helpers\/.*)",2008-04-19,"rsl",1,8,12
"748","https://github.com/rails/rails.git","(?-mix:^railties\/lib\/rails_generator\/.*)",2008-04-19,"daniel guettler",1,2,12
"749","https://github.com/rails/rails.git","(?-mix:^actionpack\/lib\/action_controller\/assertions\/.*)",2008-04-19,"michael koziarski",2,107,12
"750","https://github.com/rails/rails.git","(?-mix:^actionpack\/lib\/action_view\/helpers\/.*)",2008-04-19,"johan sørensen",1,2,12
"751","https://github.com/rails/rails.git","(?-mix:^activerecord\/lib\/.*)",2008-04-19,"micah wedemeyer",1,7,12
"752","https://github.com/rails/rails.git","(?-mix:^actionpack\/lib\/action_view\/helpers\/.*)",2008-04-19,"michael koziarski",9,108,12
"753","https://github.com/rails/rails.git","(?-mix:^actionpack\/lib\/action_controller\/.*)",2008-04-19,"clemens kofler",1,4,12
"754","https://github.com/rails/rails.git","(?-mix:^railties\/configs\/.*)",2008-04-19,"clemens kofler",1,2,12
"755","https://github.com/rails/rails.git","(?-mix:^actionpack\/lib\/action_controller\/.*)",2008-04-19,"cheah chu yeow",3,31,12
"756","https://github.com/rails/rails.git","(?-mix:^activerecord\/lib\/.*)",2008-04-19,"cheah chu yeow",3,10,12
"757","https://github.com/rails/rails.git","(?-mix:^activesupport\/lib\/active_support\/core_ext\/module\/.*)",2008-04-19,"cheah chu yeow",1,2,12
"758","https://github.com/rails/rails.git","(?-mix:^activesupport\/lib\/active_support\/core_ext\/object\/.*)",2008-04-19,"cheah chu yeow",1,2,12
"759","https://github.com/rails/rails.git","(?-mix:^activesupport\/lib\/active_support\/.*)",2008-04-19,"cheah chu yeow",1,4,12
"760","https://github.com/rails/rails.git","(?-mix:^actionpack\/lib\/action_view\/template_handlers\/.*)",2008-04-19,"jeremy kemper",4,16,12
"761","https://github.com/rails/rails.git","(?-mix:^actionpack\/lib\/action_controller\/.*)",2008-04-19,"michael koziarski",7,101,12
"762","https://github.com/rails/rails.git","(?-mix:^activerecord\/lib\/.*)",2008-04-19,"chris cherry",1,2,12
"763","https://github.com/rails/rails.git","(?-mix:^actionpack\/lib\/action_view\/helpers\/.*)",2008-04-19,"cheah chu yeow",2,8,12
"764","https://github.com/rails/rails.git","(?-mix:^railties\/lib\/rails\/plugin\/.*)",2008-04-19,"hongli lai (phusion)",1,2,12
"765","https://github.com/rails/rails.git","(?-mix:^actionpack\/lib\/action_view\/helpers\/.*)",2008-04-19,"luca guidi",3,7,12
"766","https://github.com/rails/rails.git","(?-mix:^actionpack\/lib\/action_view\/helpers\/.*)",2008-04-19,"damian janowski",1,56,12
"767","https://github.com/rails/rails.git","(?-mix:^activerecord\/lib\/.*)",2008-04-19,"luca guidi",1,2,12
"768","https://github.com/rails/rails.git","(?-mix:^actionpack\/lib\/action_controller\/caching\/.*)",2008-04-19,"michael koziarski",1,5,12
"769","https://github.com/rails/rails.git","(?-mix:^actionpack\/lib\/action_view\/.*)",2008-04-19,"michael koziarski",3,27,12
"770","https://github.com/rails/rails.git","(?-mix:^actionpack\/lib\/action_controller\/assertions\/.*)",2008-04-19,"rick",1,2,12
"771","https://github.com/rails/rails.git","(?-mix:^activesupport\/lib\/active_support\/core_ext\/array\/.*)",2008-04-19,"sven fuchs",4,19,12
"772","https://github.com/rails/rails.git","(?-mix:^activerecord\/lib\/.*)",2008-04-19,"brad greenlee",2,12,12
"773","https://github.com/rails/rails.git","(?-mix:^activerecord\/lib\/.*)",2008-04-19,"andre arko",7,39,12
"774","https://github.com/rails/rails.git","(?-mix:^actionmailer\/.*)",2008-04-19,"sven fuchs",5,24,12
"775","https://github.com/rails/rails.git","(?-mix:^actionpack\/lib\/action_controller\/caching\/.*)",2008-04-19,"josé valim",1,18,12
"776","https://github.com/rails/rails.git","(?-mix:^actionpack\/lib\/action_controller\/routing\/.*)",2008-04-19,"tarmo tänav",1,3,12
"777","https://github.com/rails/rails.git","(?-mix:^actionpack\/lib\/action_controller\/.*)",2008-04-19,"mike subelsky",1,3,12
"778","https://github.com/rails/rails.git","(?-mix:^actionpack\/lib\/action_view\/helpers\/.*)",2008-04-19,"scott stewart",1,6,12
"779","https://github.com/rails/rails.git","(?-mix:^actionpack\/lib\/action_view\/helpers\/.*)",2008-04-19,"geoff buesing",1,0,12
"780","https://github.com/rails/rails.git","(?-mix:^actionpack\/lib\/action_view\/helpers\/.*)",2008-04-19,"ernie miller",1,11,12
"781","https://github.com/rails/rails.git","(?-mix:^activesupport\/lib\/active_support\/values\/.*)",2008-04-19,"ernie miller",1,6,12
"782","https://github.com/rails/rails.git","(?-mix:^activemodel\/lib\/active_model\/state_machine\/.*)",2008-04-19,"rick",10,280,12
"783","https://github.com/rails/rails.git","(?-mix:^activesupport\/lib\/active_support\/core_ext\/array\/.*)",2008-04-19,"jeremy kemper",1,5,12
"784","https://github.com/rails/rails.git","(?-mix:^actionpack\/lib\/action_controller\/caching\/.*)",2008-04-19,"jeremy kemper",1,6,12
"785","https://github.com/rails/rails.git","(?-mix:^actionpack\/lib\/action_controller\/.*)",2008-04-19,"tammer saleh",1,33,12
"786","https://github.com/rails/rails.git","(?-mix:^activesupport\/lib\/active_support\/.*)",2008-04-19,"david heinemeier hansson",5,25,12
"787","https://github.com/rails/rails.git","(?-mix:^activesupport\/lib\/active_support\/core_ext\/array\/.*)",2008-04-19,"david heinemeier hansson",1,45,12
"788","https://github.com/rails/rails.git","(?-mix:^actionpack\/lib\/action_controller\/.*)",2008-04-19,"luke redpath",1,4,12
"789","https://github.com/rails/rails.git","(?-mix:^actionpack\/lib\/action_controller\/.*)",2008-04-19,"andrew kaspick",1,4,12
"790","https://github.com/rails/rails.git","(?-mix:^activesupport\/lib\/active_support\/cache\/.*)",2008-04-19,"david heinemeier hansson",2,3,12
"791","https://github.com/rails/rails.git","(?-mix:^actionpack\/lib\/action_controller\/.*)",2008-04-19,"david heinemeier hansson",1,9,12
"792","https://github.com/rails/rails.git","(?-mix:^actionpack\/lib\/action_controller\/caching\/.*)",2008-04-19,"jonathan del strother",1,35,12
"793","https://github.com/jenkinsci/jenkins.git","(?-mix:^core\/src\/main\/java\/hudson\/matrix\/.*)",2013-04-02,"jesse glick",2,6,1
"794","https://github.com/jenkinsci/jenkins.git","(?-mix:^core\/src\/main\/java\/hudson\/security\/.*)",2013-04-02,"seiji sogabe",1,12,1
"795","https://github.com/jenkinsci/jenkins.git","(?-mix:^maven-plugin\/src\/main\/java\/hudson\/maven\/.*)",2013-04-02,"jesse glick",1,5,1
"796","https://github.com/jenkinsci/jenkins.git","(?-mix:^maven-plugin\/src\/main\/java\/hudson\/maven\/local_repo\/.*)",2013-04-02,"jesse glick",2,16,1
"797","https://github.com/jenkinsci/jenkins.git","(?-mix:^core\/src\/main\/java\/hudson\/tasks\/.*)",2013-04-02,"kohsuke kawaguchi",2,8,1
"798","https://github.com/jenkinsci/jenkins.git","(?-mix:^core\/src\/main\/java\/hudson\/scheduler\/.*)",2013-04-02,"jesse glick",1,3,1
"799","https://github.com/jenkinsci/jenkins.git","(?-mix:^core\/src\/main\/java\/jenkins\/model\/.*)",2013-04-02,"seiji sogabe",1,2,1
"800","https://github.com/jenkinsci/jenkins.git","(?-mix:^core\/src\/main\/java\/hudson\/slaves\/.*)",2013-04-02,"stephen connolly",1,12,1
"801","https://github.com/jenkinsci/jenkins.git","(?-mix:^core\/src\/main\/java\/hudson\/.*)",2013-04-02,"jesse glick",8,62,1
"802","https://github.com/jenkinsci/jenkins.git","(?-mix:^core\/src\/main\/java\/hudson\/tasks\/.*)",2013-04-02,"jesse glick",2,6,1
"803","https://github.com/jenkinsci/jenkins.git","(?-mix:^maven-plugin\/src\/main\/java\/hudson\/maven\/.*)",2013-04-02,"imod",1,10,1
"804","https://github.com/jenkinsci/jenkins.git","(?-mix:^core\/src\/main\/java\/hudson\/tasks\/.*)",2013-04-02,"pedro rodriguez",3,39,1
"805","https://github.com/jenkinsci/jenkins.git","(?-mix:^core\/src\/main\/java\/hudson\/model\/.*)",2013-04-02,"kohsuke kawaguchi",13,166,1
"806","https://github.com/jenkinsci/jenkins.git","(?-mix:^core\/src\/main\/java\/jenkins\/model\/.*)",2013-04-02,"kohsuke kawaguchi",4,317,1
"807","https://github.com/jenkinsci/jenkins.git","(?-mix:^core\/src\/main\/java\/hudson\/security\/.*)",2013-04-02,"kohsuke kawaguchi",1,4,1
"808","https://github.com/jenkinsci/jenkins.git","(?-mix:^core\/src\/main\/java\/hudson\/util\/.*)",2013-04-02,"kohsuke kawaguchi",1,8,1
"809","https://github.com/jenkinsci/jenkins.git","(?-mix:^core\/src\/main\/java\/hudson\/tasks\/junit\/.*)",2013-04-02,"michael clarke",1,24,1
"810","https://github.com/jenkinsci/jenkins.git","(?-mix:^core\/src\/main\/java\/jenkins\/model\/lazy\/.*)",2013-04-02,"kohsuke kawaguchi",1,10,1
"811","https://github.com/jenkinsci/jenkins.git","(?-mix:^core\/src\/main\/java\/hudson\/.*)",2013-04-02,"kohsuke kawaguchi",3,56,1
"812","https://github.com/jenkinsci/jenkins.git","(?-mix:^core\/src\/main\/java\/jenkins\/util\/.*)",2013-04-02,"kohsuke kawaguchi",1,11,1
"813","https://github.com/jenkinsci/jenkins.git","(?-mix:^core\/src\/main\/java\/hudson\/util\/jna\/.*)",2013-04-02,"kohsuke kawaguchi",3,71,1
"814","https://github.com/jenkinsci/jenkins.git","(?-mix:^core\/src\/main\/java\/hudson\/model\/.*)",2013-04-02,"jesse glick",7,51,1
"815","https://github.com/jenkinsci/jenkins.git","(?-mix:^core\/src\/main\/java\/jenkins\/model\/.*)",2013-04-02,"vjuranek",1,1,1
"816","https://github.com/jenkinsci/jenkins.git","(?-mix:^core\/src\/main\/java\/hudson\/node_monitors\/.*)",2013-04-02,"jesse glick",1,13,1
"817","https://github.com/jenkinsci/jenkins.git","(?-mix:^core\/src\/main\/java\/hudson\/model\/listeners\/.*)",2013-04-02,"kohsuke kawaguchi",1,25,1
"818","https://github.com/jenkinsci/jenkins.git","(?-mix:^core\/src\/main\/java\/jenkins\/model\/.*)",2013-04-02,"jesse glick",1,9,1
"819","https://github.com/jenkinsci/jenkins.git","(?-mix:^core\/src\/main\/java\/hudson\/security\/csrf\/.*)",2013-04-02,"jesse glick",1,6,1
"820","https://github.com/jenkinsci/jenkins.git","(?-mix:^core\/src\/main\/java\/hudson\/scm\/.*)",2013-04-02,"vjuranek",1,4,1
"821","https://github.com/jenkinsci/jenkins.git","(?-mix:^core\/src\/main\/java\/hudson\/model\/.*)",2013-04-02,"christoph kutzinski",2,11,1
"822","https://github.com/jenkinsci/jenkins.git","(?-mix:^core\/src\/main\/java\/hudson\/model\/.*)",2013-04-02,"olivier lamy",1,1,1
"823","https://github.com/jenkinsci/jenkins.git","(?-mix:^core\/src\/main\/java\/hudson\/lifecycle\/.*)",2013-04-02,"kohsuke kawaguchi",2,11,1
"824","https://github.com/jenkinsci/jenkins.git","(?-mix:^core\/src\/main\/java\/hudson\/os\/windows\/.*)",2013-04-02,"kohsuke kawaguchi",1,2,1
"825","https://github.com/jenkinsci/jenkins.git","(?-mix:^core\/src\/main\/java\/hudson\/model\/.*)",2013-03-02,"joel johnson",1,4,2
"826","https://github.com/jenkinsci/jenkins.git","(?-mix:^core\/src\/main\/java\/jenkins\/model\/.*)",2013-03-02,"kohsuke kawaguchi",8,117,2
"827","https://github.com/jenkinsci/jenkins.git","(?-mix:^core\/src\/main\/java\/hudson\/.*)",2013-03-02,"kohsuke kawaguchi",3,23,2
"828","https://github.com/jenkinsci/jenkins.git","(?-mix:^core\/src\/main\/java\/hudson\/console\/.*)",2013-03-02,"kohsuke kawaguchi",1,12,2
"829","https://github.com/jenkinsci/jenkins.git","(?-mix:^core\/src\/main\/java\/hudson\/model\/.*)",2013-03-02,"nicolas de loof",4,38,2
"830","https://github.com/jenkinsci/jenkins.git","(?-mix:^core\/src\/main\/java\/hudson\/model\/.*)",2013-03-02,"jesse glick",15,95,2
"831","https://github.com/jenkinsci/jenkins.git","(?-mix:^core\/src\/main\/java\/hudson\/matrix\/.*)",2013-03-02,"jesse glick",1,1,2
"832","https://github.com/jenkinsci/jenkins.git","(?-mix:^core\/src\/main\/java\/hudson\/.*)",2013-03-02,"jesse glick",4,30,2
"833","https://github.com/jenkinsci/jenkins.git","(?-mix:^core\/src\/main\/java\/hudson\/util\/jna\/.*)",2013-03-02,"jesse glick",1,6,2
"834","https://github.com/jenkinsci/jenkins.git","(?-mix:^core\/src\/main\/java\/jenkins\/model\/.*)",2013-03-02,"ignacio albors",1,2,2
"835","https://github.com/jenkinsci/jenkins.git","(?-mix:^core\/src\/main\/java\/hudson\/util\/.*)",2013-03-02,"kohsuke kawaguchi",3,12,2
"836","https://github.com/jenkinsci/jenkins.git","(?-mix:^core\/src\/main\/java\/hudson\/util\/xstream\/.*)",2013-03-02,"kohsuke kawaguchi",1,28,2
"837","https://github.com/jenkinsci/jenkins.git","(?-mix:^core\/src\/main\/java\/hudson\/model\/.*)",2013-03-02,"peter hayes",1,6,2
"838","https://github.com/ansible/ansible.git","(?-mix:^library\/cloud\/.*)",2013-08-09,"joost cassee",1,17,7
"839","https://github.com/ansible/ansible.git","(?-mix:^library\/cloud\/.*)",2013-10-07,"matt martz",2,8,8
"840","https://github.com/angular/angular.js.git","(?-mix:^src\/ng\/location\.js)",2012-06-14,"misko hevery",3,111,1
"841","https://github.com/angular/angular.js.git","(?-mix:^src\/ngMock\/.*)",2012-06-14,"misko hevery",1,2,1
"842","https://github.com/angular/angular.js.git","(?-mix:^src\/ng\/[^\/]*)",2012-06-14,"igor minar",18,222,1
"843","https://github.com/angular/angular.js.git","(?-mix:^src\/ngMock\/.*)",2012-06-14,"igor minar",3,214,1
"844","https://github.com/angular/angular.js.git","(?-mix:^src\/[^\/]*)",2012-06-14,"igor minar",4,32,1
"845","https://github.com/angular/angular.js.git","(?-mix:^src\/bootstrap\/.*)",2012-06-14,"igor minar",1,2,1
"846","https://github.com/angular/angular.js.git","(?-mix:^src\/ng\/location\.js)",2012-06-14,"igor minar",2,55,1
"847","https://github.com/angular/angular.js.git","(?-mix:^src\/auto\/injector\.js)",2012-06-14,"igor minar",1,64,1
"848","https://github.com/angular/angular.js.git","(?-mix:^src\/jqLite\.js)",2012-06-14,"igor minar",1,2,1
"849","https://github.com/angular/angular.js.git","(?-mix:^src\/ng\/compile\.js)",2012-06-14,"igor minar",1,34,1
"850","https://github.com/angular/angular.js.git","(?-mix:^src\/ng\/directive\/.*)",2012-06-14,"igor minar",4,40,1
"851","https://github.com/angular/angular.js.git","(?-mix:^src\/ng\/directive\/input\.js)",2012-06-14,"igor minar",1,62,1
"852","https://github.com/angular/angular.js.git","(?-mix:^src\/ng\/directive\/ng.*)",2012-06-14,"igor minar",16,102,1
"853","https://github.com/angular/angular.js.git","(?-mix:^src\/ng\/filter\/.*)",2012-06-14,"igor minar",4,24,1
"854","https://github.com/angular/angular.js.git","(?-mix:^src\/ng\/http.*)",2012-06-14,"igor minar",2,68,1
"855","https://github.com/angular/angular.js.git","(?-mix:^src\/ng\/parse\.js)",2012-06-14,"igor minar",1,2,1
"856","https://github.com/angular/angular.js.git","(?-mix:^src\/ng\/rootScope\.js)",2012-06-14,"igor minar",1,166,1
"857","https://github.com/angular/angular.js.git","(?-mix:^src\/ngCookies\/cookies\.js)",2012-06-14,"igor minar",1,18,1
"858","https://github.com/angular/angular.js.git","(?-mix:^src\/ngResource\/.*)",2012-06-14,"igor minar",1,8,1
"859","https://github.com/angular/angular.js.git","(?-mix:^src\/ngSanitize\/directive\/ngBindHtml\.js)",2012-06-14,"igor minar",1,6,1
"860","https://github.com/angular/angular.js.git","(?-mix:^src\/ngSanitize\/filter\/linky\.js)",2012-06-14,"igor minar",1,2,1
"861","https://github.com/angular/angular.js.git","(?-mix:^src\/ngSanitize\/sanitize\.js)",2012-06-14,"igor minar",1,4,1
"862","https://github.com/angular/angular.js.git","(?-mix:^src\/ngScenario\/.*)",2012-06-14,"igor minar",1,8,1
"863","https://github.com/angular/angular.js.git","(?-mix:^src\/ng\/compile\.js)",2012-06-14,"max martinsson",1,3,1
"864","https://github.com/angular/angular.js.git","(?-mix:^src\/ng\/http.*)",2012-06-14,"vojta jina",1,4,1
"865","https://github.com/angular/angular.js.git","(?-mix:^src\/ng\/compile\.js)",2012-06-14,"misko hevery",3,150,1
"866","https://github.com/angular/angular.js.git","(?-mix:^src\/ng\/directive\/input\.js)",2012-06-14,"misko hevery",2,22,1
"867","https://github.com/angular/angular.js.git","(?-mix:^src\/ng\/directive\/.*)",2012-06-14,"misko hevery",1,15,1
"868","https://github.com/angular/angular.js.git","(?-mix:^src\/jqLite\.js)",2012-06-14,"misko hevery",1,8,1
"869","https://github.com/angular/angular.js.git","(?-mix:^src\/ng\/[^\/]*)",2012-06-01,"ali mills",1,4,2
"870","https://github.com/angular/angular.js.git","(?-mix:^src\/ng\/directive\/input\.js)",2012-06-01,"misko hevery",1,99,2
"871","https://github.com/angular/angular.js.git","(?-mix:^src\/ng\/directive\/ng.*)",2012-06-01,"misko hevery",8,44,2
"872","https://github.com/angular/angular.js.git","(?-mix:^src\/ngSanitize\/directive\/ngBindHtml\.js)",2012-06-01,"misko hevery",1,2,2
"873","https://github.com/angular/angular.js.git","(?-mix:^src\/ng\/compile\.js)",2012-06-01,"misko hevery",1,52,2
"874","https://github.com/angular/angular.js.git","(?-mix:^src\/ng\/filter\/.*)",2012-06-01,"misko hevery",1,2,2
"875","https://github.com/angular/angular.js.git","(?-mix:^src\/ng\/parse\.js)",2012-06-01,"misko hevery",1,2,2
"876","https://github.com/angular/angular.js.git","(?-mix:^src\/ng\/rootScope\.js)",2012-06-01,"misko hevery",1,2,2
"877","https://github.com/angular/angular.js.git","(?-mix:^src\/ng\/parse\.js)",2012-02-28,"misko hevery",2,33,4
"878","https://github.com/angular/angular.js.git","(?-mix:^src\/ng\/rootScope\.js)",2012-02-28,"misko hevery",3,56,4
"879","https://github.com/angular/angular.js.git","(?-mix:^src\/auto\/injector\.js)",2012-02-28,"misko hevery",4,142,4
"880","https://github.com/angular/angular.js.git","(?-mix:^src\/[^\/]*)",2012-02-28,"misko hevery",9,252,4
"881","https://github.com/angular/angular.js.git","(?-mix:^src\/bootstrap\/.*)",2012-02-28,"misko hevery",6,486,4
"882","https://github.com/angular/angular.js.git","(?-mix:^src\/ng\/location\.js)",2012-02-28,"misko hevery",4,88,4
"883","https://github.com/angular/angular.js.git","(?-mix:^src\/ng\/[^\/]*)",2012-02-28,"misko hevery",27,717,4
"884","https://github.com/angular/angular.js.git","(?-mix:^src\/ngMock\/.*)",2012-02-28,"misko hevery",6,38,4
"885","https://github.com/angular/angular.js.git","(?-mix:^src\/ng\/directive\/ng.*)",2012-02-28,"misko hevery",23,228,4
"886","https://github.com/angular/angular.js.git","(?-mix:^src\/jqLite\.js)",2012-02-28,"misko hevery",5,180,4
"887","https://github.com/angular/angular.js.git","(?-mix:^src\/[^\/]*)",2012-02-28,"igor minar",11,171,4
"888","https://github.com/angular/angular.js.git","(?-mix:^src\/ng\/[^\/]*)",2012-02-28,"igor minar",12,234,4
"889","https://github.com/angular/angular.js.git","(?-mix:^src\/ngMock\/.*)",2012-02-28,"igor minar",5,104,4
"890","https://github.com/angular/angular.js.git","(?-mix:^src\/ng\/[^\/]*)",2012-02-28,"daniel gomes",1,4,4
"891","https://github.com/angular/angular.js.git","(?-mix:^src\/ng\/directive\/ng.*)",2012-02-28,"max martinsson",1,14,4
"892","https://github.com/angular/angular.js.git","(?-mix:^src\/ng\/rootScope\.js)",2012-02-28,"vojta jina",2,27,4
"893","https://github.com/angular/angular.js.git","(?-mix:^src\/ng\/[^\/]*)",2012-02-28,"vojta jina",3,22,4
"894","https://github.com/angular/angular.js.git","(?-mix:^src\/ng\/location\.js)",2012-02-28,"igor minar",3,26,4
"895","https://github.com/angular/angular.js.git","(?-mix:^src\/ng\/rootScope\.js)",2012-02-28,"igor minar",3,8,4
"896","https://github.com/angular/angular.js.git","(?-mix:^src\/bootstrap\/google-prettify\/prettify\.js)",2012-02-28,"misko hevery",2,1542,4
"897","https://github.com/angular/angular.js.git","(?-mix:^src\/ng\/directive\/.*)",2012-02-28,"igor minar",14,339,4
"898","https://github.com/angular/angular.js.git","(?-mix:^src\/ng\/directive\/input\.js)",2012-02-28,"igor minar",4,109,4
"899","https://github.com/angular/angular.js.git","(?-mix:^src\/ngScenario\/.*)",2012-02-28,"vojta jina",4,21,4
"900","https://github.com/angular/angular.js.git","(?-mix:^src\/ng\/parse\.js)",2012-02-28,"vojta jina",1,19,4
"901","https://github.com/angular/angular.js.git","(?-mix:^src\/ng\/directive\/.*)",2012-02-28,"misko hevery",11,72,4
"902","https://github.com/angular/angular.js.git","(?-mix:^src\/ng\/http.*)",2012-02-28,"misko hevery",5,156,4
"903","https://github.com/angular/angular.js.git","(?-mix:^src\/ngSanitize\/directive\/ngBindHtml\.js)",2012-02-28,"misko hevery",1,3,4
"904","https://github.com/angular/angular.js.git","(?-mix:^src\/ng\/compile\.js)",2012-02-28,"misko hevery",4,35,4
"905","https://github.com/angular/angular.js.git","(?-mix:^src\/ng\/compile\.js)",2012-02-28,"igor minar",10,415,4
"906","https://github.com/angular/angular.js.git","(?-mix:^src\/jqLite\.js)",2012-02-28,"igor minar",5,50,4
"907","https://github.com/angular/angular.js.git","(?-mix:^src\/ng\/directive\/ng.*)",2012-02-28,"igor minar",22,313,4
"908","https://github.com/angular/angular.js.git","(?-mix:^src\/ngSanitize\/directive\/ngBindHtml\.js)",2012-02-28,"igor minar",1,8,4
"909","https://github.com/angular/angular.js.git","(?-mix:^src\/ng\/parse\.js)",2012-02-28,"igor minar",3,143,4
"910","https://github.com/angular/angular.js.git","(?-mix:^src\/ngMock\/.*)",2012-02-28,"simpulton",1,30,4
"911","https://github.com/angular/angular.js.git","(?-mix:^src\/ngResource\/.*)",2012-02-28,"simpulton",1,6,4
"912","https://github.com/angular/angular.js.git","(?-mix:^src\/ng\/directive\/ng.*)",2012-02-28,"johnlindquist",2,4,4
"913","https://github.com/angular/angular.js.git","(?-mix:^src\/ng\/compile\.js)",2012-02-28,"johnlindquist",1,2,4
"914","https://github.com/angular/angular.js.git","(?-mix:^src\/ngResource\/.*)",2012-02-28,"vojta jina",1,4,4
"915","https://github.com/angular/angular.js.git","(?-mix:^src\/ngScenario\/.*)",2012-02-28,"igor minar",6,21,4
"916","https://github.com/angular/angular.js.git","(?-mix:^src\/ng\/http.*)",2012-02-28,"igor minar",6,66,4
"917","https://github.com/angular/angular.js.git","(?-mix:^src\/ng\/location\.js)",2012-02-28,"thibault leruitte",1,3,4
"918","https://github.com/angular/angular.js.git","(?-mix:^src\/ng\/directive\/input\.js)",2012-02-28,"vojta jina",5,160,4
"919","https://github.com/angular/angular.js.git","(?-mix:^src\/[^\/]*)",2012-02-28,"vojta jina",5,19,4
"920","https://github.com/angular/angular.js.git","(?-mix:^src\/ng\/directive\/ng.*)",2012-02-28,"vojta jina",6,251,4
"921","https://github.com/angular/angular.js.git","(?-mix:^src\/ng\/filter\/.*)",2012-02-28,"vojta jina",1,107,4
"922","https://github.com/angular/angular.js.git","(?-mix:^src\/ngSanitize\/directive\/ngBindHtml\.js)",2012-02-28,"vojta jina",1,26,4
"923","https://github.com/angular/angular.js.git","(?-mix:^src\/ngSanitize\/filter\/linky\.js)",2012-02-28,"vojta jina",1,106,4
"924","https://github.com/angular/angular.js.git","(?-mix:^src\/ngSanitize\/sanitize\.js)",2012-02-28,"vojta jina",1,54,4
"925","https://github.com/angular/angular.js.git","(?-mix:^src\/ng\/filter\/.*)",2012-02-28,"igor minar",8,57,4
"926","https://github.com/angular/angular.js.git","(?-mix:^src\/ngSanitize\/sanitize\.js)",2012-02-28,"igor minar",1,2,4
"927","https://github.com/angular/angular.js.git","(?-mix:^src\/ngCookies\/cookies\.js)",2012-02-28,"igor minar",1,16,4
"928","https://github.com/angular/angular.js.git","(?-mix:^src\/ng\/http.*)",2012-02-28,"vojta jina",2,12,4
"929","https://github.com/angular/angular.js.git","(?-mix:^src\/ng\/directive\/.*)",2012-02-28,"vojta jina",5,79,4
"930","https://github.com/angular/angular.js.git","(?-mix:^src\/ng\/location\.js)",2012-02-28,"mykhailo kotsur",1,2,4
"931","https://github.com/angular/angular.js.git","(?-mix:^src\/auto\/injector\.js)",2012-02-28,"igor minar",1,2,4
"932","https://github.com/angular/angular.js.git","(?-mix:^src\/ng\/compile\.js)",2012-02-28,"vojta jina",4,218,4
"933","https://github.com/angular/angular.js.git","(?-mix:^i18n\/e2e\/.*)",2012-02-28,"misko hevery",1,64,4
"934","https://github.com/angular/angular.js.git","(?-mix:^src\/ngCookies\/cookies\.js)",2012-02-28,"misko hevery",2,81,4
"935","https://github.com/angular/angular.js.git","(?-mix:^src\/ngResource\/.*)",2012-02-28,"misko hevery",3,66,4
"936","https://github.com/angular/angular.js.git","(?-mix:^i18n\/src\/closureSlurper\.js)",2012-02-28,"misko hevery",1,2,4
"937","https://github.com/angular/angular.js.git","(?-mix:^src\/ng\/directive\/input\.js)",2012-02-28,"misko hevery",1,0,4
"938","https://github.com/angular/angular.js.git","(?-mix:^src\/ng\/filter\/.*)",2012-02-28,"misko hevery",4,388,4
"939","https://github.com/angular/angular.js.git","(?-mix:^src\/ngSanitize\/sanitize\.js)",2012-02-28,"misko hevery",1,0,4
"940","https://github.com/angular/angular.js.git","(?-mix:^src\/ngLocale\/.*)",2012-02-28,"misko hevery",155,0,4
"941","https://github.com/angular/angular.js.git","(?-mix:^src\/ngScenario\/.*)",2012-02-28,"misko hevery",15,0,4
"942","https://github.com/angular/angular.js.git","(?-mix:^src\/ng\/http.*)",2012-03-23,"misko hevery",1,32,5
"943","https://github.com/angular/angular.js.git","(?-mix:^src\/ng\/[^\/]*)",2012-03-23,"misko hevery",1,6,5
"944","https://github.com/angular/angular.js.git","(?-mix:^src\/ng\/compile\.js)",2012-03-23,"igor minar",1,2,5
"945","https://github.com/angular/angular.js.git","(?-mix:^src\/[^\/]*)",2012-03-23,"igor minar",1,5,5
"946","https://github.com/angular/angular.js.git","(?-mix:^src\/jqLite\.js)",2012-03-23,"igor minar",1,7,5
"947","https://github.com/angular/angular.js.git","(?-mix:^src\/ng\/directive\/ng.*)",2012-03-23,"vojta jina",1,4,5
"948","https://github.com/angular/angular.js.git","(?-mix:^src\/ng\/directive\/input\.js)",2012-03-23,"vojta jina",1,2,5
"949","https://github.com/angular/angular.js.git","(?-mix:^src\/ngResource\/.*)",2012-03-23,"igor minar",1,164,5
"950","https://github.com/angular/angular.js.git","(?-mix:^src\/ng\/http.*)",2012-03-23,"igor minar",1,4,5
"951","https://github.com/angular/angular.js.git","(?-mix:^src\/ng\/[^\/]*)",2012-03-20,"igor minar",8,686,7
"952","https://github.com/angular/angular.js.git","(?-mix:^src\/ngScenario\/.*)",2012-03-20,"igor minar",1,2,7
"953","https://github.com/angular/angular.js.git","(?-mix:^src\/ng\/compile\.js)",2012-03-20,"igor minar",3,39,7
"954","https://github.com/angular/angular.js.git","(?-mix:^src\/ng\/directive\/ng.*)",2012-03-20,"igor minar",46,2332,7
"955","https://github.com/angular/angular.js.git","(?-mix:^src\/ng\/filter\/.*)",2012-03-20,"igor minar",2,48,7
"956","https://github.com/angular/angular.js.git","(?-mix:^src\/ng\/compile\.js)",2012-03-20,"vojta jina",3,45,7
"957","https://github.com/angular/angular.js.git","(?-mix:^src\/jqLite\.js)",2012-03-20,"misko hevery",11,198,7
"958","https://github.com/angular/angular.js.git","(?-mix:^src\/ng\/compile\.js)",2012-03-20,"misko hevery",12,1305,7
"959","https://github.com/angular/angular.js.git","(?-mix:^src\/[^\/]*)",2012-03-20,"misko hevery",27,598,7
"960","https://github.com/angular/angular.js.git","(?-mix:^src\/ng\/directive\/input\.js)",2012-03-20,"misko hevery",7,166,7
"961","https://github.com/angular/angular.js.git","(?-mix:^src\/ng\/filter\/.*)",2012-03-20,"misko hevery",2,120,7
"962","https://github.com/angular/angular.js.git","(?-mix:^src\/ng\/location\.js)",2012-03-20,"misko hevery",1,2,7
"963","https://github.com/angular/angular.js.git","(?-mix:^src\/ng\/directive\/.*)",2012-03-20,"misko hevery",20,465,7
"964","https://github.com/angular/angular.js.git","(?-mix:^src\/ng\/directive\/ng.*)",2012-03-20,"misko hevery",5,13,7
"965","https://github.com/angular/angular.js.git","(?-mix:^src\/ng\/rootScope\.js)",2012-03-20,"vojta jina",5,55,7
"966","https://github.com/angular/angular.js.git","(?-mix:^src\/ng\/rootScope\.js)",2012-03-20,"igor minar",9,110,7
"967","https://github.com/angular/angular.js.git","(?-mix:^src\/ng\/directive\/.*)",2012-03-20,"vojta jina",15,420,7
"968","https://github.com/angular/angular.js.git","(?-mix:^src\/ng\/directive\/input\.js)",2012-03-20,"vojta jina",15,2031,7
"969","https://github.com/angular/angular.js.git","(?-mix:^src\/auto\/injector\.js)",2012-03-20,"igor minar",4,57,7
"970","https://github.com/angular/angular.js.git","(?-mix:^src\/ng\/[^\/]*)",2012-03-20,"misko hevery",8,213,7
"971","https://github.com/angular/angular.js.git","(?-mix:^src\/ng\/directive\/.*)",2012-03-20,"igor minar",22,550,7
"972","https://github.com/angular/angular.js.git","(?-mix:^src\/ng\/directive\/input\.js)",2012-03-20,"igor minar",10,837,7
"973","https://github.com/angular/angular.js.git","(?-mix:^src\/[^\/]*)",2012-03-20,"igor minar",17,110,7
"974","https://github.com/angular/angular.js.git","(?-mix:^src\/ng\/http.*)",2012-03-20,"igor minar",12,890,7
"975","https://github.com/angular/angular.js.git","(?-mix:^src\/ng\/location\.js)",2012-03-20,"igor minar",3,9,7
"976","https://github.com/angular/angular.js.git","(?-mix:^src\/ngResource\/.*)",2012-03-20,"igor minar",3,29,7
"977","https://github.com/angular/angular.js.git","(?-mix:^src\/ngSanitize\/sanitize\.js)",2012-03-20,"igor minar",2,18,7
"978","https://github.com/angular/angular.js.git","(?-mix:^src\/auto\/injector\.js)",2012-03-20,"vojta jina",3,52,7
"979","https://github.com/angular/angular.js.git","(?-mix:^src\/[^\/]*)",2012-03-20,"vojta jina",15,68,7
"980","https://github.com/angular/angular.js.git","(?-mix:^src\/ngMock\/.*)",2012-03-20,"vojta jina",6,141,7
"981","https://github.com/angular/angular.js.git","(?-mix:^src\/ng\/parse\.js)",2012-03-20,"vojta jina",1,34,7
"982","https://github.com/angular/angular.js.git","(?-mix:^src\/jqLite\.js)",2012-03-20,"igor minar",3,15,7
"983","https://github.com/angular/angular.js.git","(?-mix:^src\/ng\/[^\/]*)",2012-03-20,"vojta jina",9,286,7
"984","https://github.com/angular/angular.js.git","(?-mix:^src\/ngMock\/.*)",2012-03-20,"stephane bisson",1,2,7
"985","https://github.com/angular/angular.js.git","(?-mix:^src\/ng\/[^\/]*)",2012-03-20,"marcello nuccio",1,10,7
"986","https://github.com/angular/angular.js.git","(?-mix:^src\/auto\/injector\.js)",2012-03-20,"marcello nuccio",1,8,7
"987","https://github.com/angular/angular.js.git","(?-mix:^src\/ngScenario\/.*)",2012-03-20,"vojta jina",4,19,7
"988","https://github.com/angular/angular.js.git","(?-mix:^src\/ng\/rootScope\.js)",2012-03-20,"misko hevery",6,64,7
"989","https://github.com/angular/angular.js.git","(?-mix:^src\/ng\/http.*)",2012-03-20,"vojta jina",2,31,7
"990","https://github.com/angular/angular.js.git","(?-mix:^src\/jqLite\.js)",2012-03-20,"vojta jina",2,18,7
"991","https://github.com/angular/angular.js.git","(?-mix:^src\/auto\/injector\.js)",2012-03-20,"misko hevery",8,315,7
"992","https://github.com/angular/angular.js.git","(?-mix:^src\/ngMock\/.*)",2012-03-20,"misko hevery",7,254,7
"993","https://github.com/angular/angular.js.git","(?-mix:^src\/ng\/parse\.js)",2012-03-20,"misko hevery",1,131,7
"994","https://github.com/angular/angular.js.git","(?-mix:^src\/ng\/parse\.js)",2012-03-20,"igor minar",5,130,7
"995","https://github.com/angular/angular.js.git","(?-mix:^src\/ngScenario\/.*)",2012-03-20,"misko hevery",7,104,7
"996","https://github.com/angular/angular.js.git","(?-mix:^src\/ng\/http.*)",2012-03-20,"misko hevery",1,10,7
"997","https://github.com/angular/angular.js.git","(?-mix:^src\/ngSanitize\/sanitize\.js)",2012-03-20,"misko hevery",2,100,7
"998","https://github.com/angular/angular.js.git","(?-mix:^src\/ng\/filter\/.*)",2012-03-20,"vojta jina",1,16,7
"999","https://github.com/angular/angular.js.git","(?-mix:^src\/ng\/http.*)",2012-03-20,"alkis",1,2,7
"1000","https://github.com/angular/angular.js.git","(?-mix:^src\/ng\/location\.js)",2012-03-20,"konstantin stepanov",1,4,7
"1001","https://github.com/angular/angular.js.git","(?-mix:^src\/ngMock\/.*)",2012-03-20,"igor minar",13,754,7
"1002","https://github.com/angular/angular.js.git","(?-mix:^src\/ng\/location\.js)",2012-03-20,"vojta jina",1,4,7
"1003","https://github.com/angular/angular.js.git","(?-mix:^src\/ngLocale\/.*)",2012-03-20,"misko hevery",155,930,7
"1004","https://github.com/angular/angular.js.git","(?-mix:^i18n\/src\/closureSlurper\.js)",2012-03-20,"misko hevery",1,15,7
"1005","https://github.com/angular/angular.js.git","(?-mix:^i18n\/src\/converter\.js)",2012-03-20,"misko hevery",1,5,7
"1006","https://github.com/angular/angular.js.git","(?-mix:^src\/[^\/]*)",2012-03-20,"dhruv manek",1,1,7
"1007","https://github.com/angular/angular.js.git","(?-mix:^src\/ng\/rootScope\.js)",2012-03-20,"mark hansen",1,2,7
"1008","https://github.com/angular/angular.js.git","(?-mix:^src\/ngResource\/.*)",2012-03-20,"sean gilligan",1,2,7
"1009","https://github.com/angular/angular.js.git","(?-mix:^src\/ng\/directive\/input\.js)",2012-03-20,"bartes",1,2,7
"1010","https://github.com/angular/angular.js.git","(?-mix:^src\/ng\/http.*)",2011-11-05,"vojta jina",8,167,8
"1011","https://github.com/angular/angular.js.git","(?-mix:^src\/ng\/location\.js)",2011-11-05,"vojta jina",1,14,8
"1012","https://github.com/angular/angular.js.git","(?-mix:^src\/ngMock\/.*)",2011-11-05,"vojta jina",6,66,8
"1013","https://github.com/angular/angular.js.git","(?-mix:^src\/ngResource\/.*)",2011-11-05,"vojta jina",1,13,8
"1014","https://github.com/angular/angular.js.git","(?-mix:^src\/ngMock\/.*)",2011-08-23,"vojta jina",1,180,9
"1015","https://github.com/angular/angular.js.git","(?-mix:^src\/ng\/[^\/]*)",2011-08-23,"vojta jina",1,104,9
"1016","https://github.com/angular/angular.js.git","(?-mix:^src\/ngMock\/.*)",2011-08-23,"vojta jina",2,174,10
"1017","https://github.com/angular/angular.js.git","(?-mix:^src\/[^\/]*)",2011-08-23,"vojta jina",2,2,10
"1018","https://github.com/angular/angular.js.git","(?-mix:^src\/ng\/[^\/]*)",2011-08-23,"vojta jina",1,7,10
"1019","https://github.com/angular/angular.js.git","(?-mix:^src\/ng\/http.*)",2011-08-23,"vojta jina",1,13,10
"1020","https://github.com/angular/angular.js.git","(?-mix:^src\/[^\/]*)",2011-08-05,"vojta jina",1,5,11
"1021","https://github.com/angular/angular.js.git","(?-mix:^src\/ng\/http.*)",2011-08-05,"vojta jina",1,428,11
"1022","https://github.com/angular/angular.js.git","(?-mix:^src\/[^\/]*)",2011-08-05,"igor minar",1,1,11
"1023","https://github.com/angular/angular.js.git","(?-mix:^src\/ng\/[^\/]*)",2011-08-05,"igor minar",1,152,11
"1024","https://github.com/angular/angular.js.git","(?-mix:^src\/ng\/[^\/]*)",2011-08-18,"vojta jina",18,415,12
"1025","https://github.com/angular/angular.js.git","(?-mix:^src\/ngResource\/.*)",2011-08-18,"vojta jina",2,10,12
"1026","https://github.com/angular/angular.js.git","(?-mix:^src\/ngMock\/.*)",2011-08-18,"vojta jina",4,177,12
"1027","https://github.com/angular/angular.js.git","(?-mix:^src\/[^\/]*)",2011-08-18,"vojta jina",6,32,12
"1028","https://github.com/angular/angular.js.git","(?-mix:^src\/ng\/location\.js)",2011-08-18,"vojta jina",7,711,12
"1029","https://github.com/angular/angular.js.git","(?-mix:^src\/[^\/]*)",2011-08-18,"codier",1,3,12
"1030","https://github.com/angular/angular.js.git","(?-mix:^src\/ng\/rootScope\.js)",2011-08-18,"codier",1,20,12
"1031","https://github.com/angular/angular.js.git","(?-mix:^src\/ng\/[^\/]*)",2011-08-18,"tehek firefox",1,0,12
"1032","https://github.com/angular/angular.js.git","(?-mix:^src\/ng\/directive\/input\.js)",2011-08-18,"misko hevery",7,822,12
"1033","https://github.com/angular/angular.js.git","(?-mix:^src\/auto\/injector\.js)",2011-08-18,"misko hevery",15,759,12
"1034","https://github.com/angular/angular.js.git","(?-mix:^src\/ng\/compile\.js)",2011-08-18,"misko hevery",13,269,12
"1035","https://github.com/angular/angular.js.git","(?-mix:^src\/[^\/]*)",2011-08-18,"misko hevery",47,1836,12
"1036","https://github.com/angular/angular.js.git","(?-mix:^src\/ngLocale\/.*)",2011-08-18,"misko hevery",311,1550,12
"1037","https://github.com/angular/angular.js.git","(?-mix:^i18n\/src\/closureSlurper\.js)",2011-08-18,"misko hevery",2,11,12
"1038","https://github.com/angular/angular.js.git","(?-mix:^src\/ngMock\/.*)",2011-08-18,"misko hevery",12,628,12
"1039","https://github.com/angular/angular.js.git","(?-mix:^src\/ngScenario\/.*)",2011-08-18,"misko hevery",24,147,12
"1040","https://github.com/angular/angular.js.git","(?-mix:^src\/ng\/[^\/]*)",2011-08-18,"misko hevery",25,631,12
"1041","https://github.com/angular/angular.js.git","(?-mix:^src\/auto\/injector\.js)",2011-08-18,"vojta jina",1,4,12
"1042","https://github.com/angular/angular.js.git","(?-mix:^src\/ngScenario\/.*)",2011-08-18,"vojta jina",9,133,12
"1043","https://github.com/angular/angular.js.git","(?-mix:^src\/ng\/compile\.js)",2011-08-18,"vojta jina",1,10,12
"1044","https://github.com/angular/angular.js.git","(?-mix:^src\/ngCookies\/cookies\.js)",2011-08-18,"vojta jina",1,2,12
"1045","https://github.com/angular/angular.js.git","(?-mix:^src\/ng\/filter\/.*)",2011-08-18,"vojta jina",3,33,12
"1046","https://github.com/angular/angular.js.git","(?-mix:^src\/ng\/rootScope\.js)",2011-08-18,"vojta jina",1,130,12
"1047","https://github.com/angular/angular.js.git","(?-mix:^src\/ng\/directive\/.*)",2011-08-18,"vojta jina",4,33,12
"1048","https://github.com/angular/angular.js.git","(?-mix:^src\/ng\/directive\/input\.js)",2011-08-18,"vojta jina",1,2,12
"1049","https://github.com/angular/angular.js.git","(?-mix:^src\/ng\/location\.js)",2011-08-18,"misko hevery",7,168,12
"1050","https://github.com/angular/angular.js.git","(?-mix:^src\/ng\/rootScope\.js)",2011-08-18,"misko hevery",18,1755,12
"1051","https://github.com/angular/angular.js.git","(?-mix:^src\/ng\/directive\/.*)",2011-08-18,"misko hevery",10,558,12
"1052","https://github.com/angular/angular.js.git","(?-mix:^src\/ngCookies\/cookies\.js)",2011-08-18,"misko hevery",6,27,12
"1053","https://github.com/angular/angular.js.git","(?-mix:^src\/ngResource\/.*)",2011-08-18,"misko hevery",4,17,12
"1054","https://github.com/angular/angular.js.git","(?-mix:^src\/ng\/filter\/.*)",2011-08-18,"misko hevery",10,182,12
"1055","https://github.com/angular/angular.js.git","(?-mix:^src\/jqLite\.js)",2011-08-18,"misko hevery",7,84,12
"1056","https://github.com/angular/angular.js.git","(?-mix:^src\/ng\/parse\.js)",2011-08-18,"misko hevery",10,284,12
"1057","https://github.com/angular/angular.js.git","(?-mix:^src\/[^\/]*)",2011-08-18,"igor minar",13,175,12
"1058","https://github.com/angular/angular.js.git","(?-mix:^src\/ng\/compile\.js)",2011-08-18,"igor minar",5,17,12
"1059","https://github.com/angular/angular.js.git","(?-mix:^src\/ngScenario\/.*)",2011-08-18,"igor minar",8,72,12
"1060","https://github.com/angular/angular.js.git","(?-mix:^src\/ng\/rootScope\.js)",2011-08-18,"igor minar",8,354,12
"1061","https://github.com/angular/angular.js.git","(?-mix:^src\/jqLite\.js)",2011-08-18,"vojta jina",2,24,12
"1062","https://github.com/angular/angular.js.git","(?-mix:^src\/[^\/]*)",2011-08-18,"dhruv manek",1,18,12
"1063","https://github.com/angular/angular.js.git","(?-mix:^src\/ng\/[^\/]*)",2011-08-18,"igor minar",10,66,12
"1064","https://github.com/angular/angular.js.git","(?-mix:^src\/ngMock\/.*)",2011-08-18,"igor minar",6,19,12
"1065","https://github.com/angular/angular.js.git","(?-mix:^src\/ng\/filter\/.*)",2011-08-18,"igor minar",8,54,12
"1066","https://github.com/angular/angular.js.git","(?-mix:^src\/ngSanitize\/sanitize\.js)",2011-08-18,"igor minar",1,48,12
"1067","https://github.com/angular/angular.js.git","(?-mix:^src\/ng\/directive\/.*)",2011-08-18,"igor minar",6,68,12
"1068","https://github.com/angular/angular.js.git","(?-mix:^src\/ng\/compile\.js)",2011-08-18,"tehek firefox",1,7,12
"1069","https://github.com/angular/angular.js.git","(?-mix:^src\/ng\/directive\/.*)",2011-08-18,"tehek firefox",2,21,12
"1070","https://github.com/angular/angular.js.git","(?-mix:^src\/ng\/directive\/input\.js)",2011-08-18,"igor minar",6,84,12
"1071","https://github.com/angular/angular.js.git","(?-mix:^src\/ng\/directive\/input\.js)",2011-08-18,"konstantin stepanov",2,110,12
"1072","https://github.com/angular/angular.js.git","(?-mix:^src\/ng\/location\.js)",2011-08-18,"igor minar",3,16,12
"1073","https://github.com/angular/angular.js.git","(?-mix:^src\/ngCookies\/cookies\.js)",2011-08-18,"igor minar",1,1,12
"1074","https://github.com/angular/angular.js.git","(?-mix:^src\/ngResource\/.*)",2011-08-18,"igor minar",1,1,12
"1075","https://github.com/angular/angular.js.git","(?-mix:^src\/jqLite\.js)",2011-08-18,"igor minar",13,176,12
"1076","https://github.com/angular/angular.js.git","(?-mix:^src\/ngSanitize\/sanitize\.js)",2011-08-18,"misko hevery",1,0,12
"1077","https://github.com/angular/angular.js.git","(?-mix:^src\/ng\/parse\.js)",2011-08-18,"dhruv manek",1,38,12
"1078","https://github.com/angular/angular.js.git","(?-mix:^src\/[^\/]*)",2011-08-18,"tehek firefox",1,20,12
"1079","https://github.com/angular/angular.js.git","(?-mix:^src\/[^\/]*)",2011-08-18,"di peng",5,66,12
"1080","https://github.com/angular/angular.js.git","(?-mix:^src\/[^\/]*)",2011-08-18,"kai groner",1,6,12
"1081","https://github.com/angular/angular.js.git","(?-mix:^src\/ng\/location\.js)",2011-08-18,"kai groner",1,2,12
"1082","https://github.com/angular/angular.js.git","(?-mix:^src\/auto\/injector\.js)",2011-08-18,"igor minar",1,25,12
"1083","https://github.com/angular/angular.js.git","(?-mix:^i18n\/e2e\/.*)",2011-08-18,"di peng",2,185,12
"1084","https://github.com/angular/angular.js.git","(?-mix:^src\/ngLocale\/.*)",2011-08-18,"di peng",155,465,12
"1085","https://github.com/angular/angular.js.git","(?-mix:^i18n\/closure\/.*)",2011-08-18,"di peng",4,7549,12
"1086","https://github.com/angular/angular.js.git","(?-mix:^i18n\/src\/closureSlurper\.js)",2011-08-18,"di peng",2,142,12
"1087","https://github.com/angular/angular.js.git","(?-mix:^src\/ng\/directive\/.*)",2011-08-18,"di peng",1,2,12
"1088","https://github.com/angular/angular.js.git","(?-mix:^src\/[^\/]*)",2011-08-18,"toni thompson",2,281,12
"1089","https://github.com/angular/angular.js.git","(?-mix:^src\/ngResource\/.*)",2011-08-18,"dandoyon",1,2,12
"1090","https://github.com/angular/angular.js.git","(?-mix:^src\/ng\/[^\/]*)",2011-08-18,"dandoyon",1,2,12
"1091","https://github.com/angular/angular.js.git","(?-mix:^src\/ng\/parse\.js)",2011-08-18,"igor minar",2,18,12
"1092","https://github.com/angular/angular.js.git","(?-mix:^src\/ngLocale\/.*)",2011-08-18,"igor minar",155,465,12
"1093","https://github.com/angular/angular.js.git","(?-mix:^i18n\/spec\/.*)",2011-08-18,"di peng",3,118,12
"1094","https://github.com/angular/angular.js.git","(?-mix:^i18n\/src\/converter\.js)",2011-08-18,"di peng",1,60,12
"1095","https://github.com/angular/angular.js.git","(?-mix:^i18n\/src\/parser\.js)",2011-08-18,"di peng",1,64,12
"1096","https://github.com/angular/angular.js.git","(?-mix:^i18n\/src\/util\.js)",2011-08-18,"di peng",1,7,12
"1097","https://github.com/angular/angular.js.git","(?-mix:^src\/ng\/filter\/.*)",2011-08-18,"di peng",1,104,12
"1098","https://github.com/angular/angular.js.git","(?-mix:^src\/ng\/[^\/]*)",2011-08-18,"di peng",1,24,12
"1099","https://github.com/angular/angular.js.git","(?-mix:^src\/ng\/parse\.js)",2011-08-18,"di peng",1,2,12
"1100","https://github.com/matthieu-foucault/jquery.git","src/intro.js",2012-08-09,"dmethvin",1,10,1
"1101","https://github.com/matthieu-foucault/jquery.git","src/event.js",2012-08-09,"dmethvin",1,2,1
"1102","https://github.com/matthieu-foucault/jquery.git","src/attributes.js",2012-08-09,"dmethvin",4,28,1
"1103","https://github.com/matthieu-foucault/jquery.git","src/css.js",2012-08-09,"corey frang",1,3,1
"1104","https://github.com/matthieu-foucault/jquery.git","src/ajax.js",2012-08-09,"timmy willison",1,2,1
"1105","https://github.com/matthieu-foucault/jquery.git","src/manipulation.js",2012-08-09,"timmy willison",1,2,1
"1106","https://github.com/matthieu-foucault/jquery.git","src/traversing.js",2012-08-09,"timmy willison",3,15,1
"1107","https://github.com/matthieu-foucault/jquery.git","src/css.js",2012-08-09,"dmethvin",3,21,1
"1108","https://github.com/matthieu-foucault/jquery.git","src/manipulation.js",2012-08-09,"daniel chatfield",2,5,1
"1109","https://github.com/matthieu-foucault/jquery.git","src/css.js",2012-08-09,"oleg",1,8,1
"1110","https://github.com/matthieu-foucault/jquery.git","src/effects.js",2012-08-09,"oleg",1,5,1
"1111","https://github.com/matthieu-foucault/jquery.git","src/manipulation.js",2012-08-09,"dmethvin",1,2,1
"1112","https://github.com/matthieu-foucault/jquery.git","src/support.js",2012-08-09,"dmethvin",1,6,1
"1113","https://github.com/matthieu-foucault/jquery.git","src/data.js",2012-08-09,"dmethvin",1,3,1
"1114","https://github.com/matthieu-foucault/jquery.git","src/css.js",2012-08-09,"mike sherov",2,19,1
"1115","https://github.com/matthieu-foucault/jquery.git","src/support.js",2012-08-09,"daniel chatfield",1,6,1
"1116","https://github.com/matthieu-foucault/jquery.git","src/manipulation.js",2012-08-09,"elijah manor",1,7,1
"1117","https://github.com/matthieu-foucault/jquery.git","src/traversing.js",2012-08-09,"richard gibson",1,8,1
"1118","https://github.com/matthieu-foucault/jquery.git","src/ajax.js",2012-08-09,"richard gibson",1,2,1
"1119","https://github.com/matthieu-foucault/jquery.git","src/attributes.js",2012-08-09,"richard gibson",1,4,1
"1120","https://github.com/matthieu-foucault/jquery.git","src/core.js",2012-08-09,"richard gibson",1,7,1
"1121","https://github.com/matthieu-foucault/jquery.git","src/css.js",2012-08-09,"richard gibson",1,23,1
"1122","https://github.com/matthieu-foucault/jquery.git","src/deprecated.js",2012-08-09,"richard gibson",1,4,1
"1123","https://github.com/matthieu-foucault/jquery.git","src/effects.js",2012-08-09,"richard gibson",1,2,1
"1124","https://github.com/matthieu-foucault/jquery.git","src/event.js",2012-08-09,"richard gibson",1,8,1
"1125","https://github.com/matthieu-foucault/jquery.git","src/manipulation.js",2012-08-09,"richard gibson",1,2,1
"1126","https://github.com/matthieu-foucault/jquery.git","src/effects.js",2012-08-09,"corey frang",2,13,1
"1127","https://github.com/matthieu-foucault/jquery.git","src/support.js",2012-08-09,"mike sherov",1,2,1
"1128","https://github.com/matthieu-foucault/jquery.git","src/ajax.js",2012-08-09,"julian aubourg",1,111,1
"1129","https://github.com/matthieu-foucault/jquery.git","src/serialize.js",2012-08-09,"julian aubourg",1,101,1
"1130","https://github.com/matthieu-foucault/jquery.git","src/ajax.js",2012-08-09,"chris faulkner",1,2,1
"1131","https://github.com/matthieu-foucault/jquery.git","src/ajax/xhr.js",2012-08-09,"chris faulkner",1,2,1
"1132","https://github.com/matthieu-foucault/jquery.git","src/attributes.js",2012-08-09,"chris faulkner",1,2,1
"1133","https://github.com/matthieu-foucault/jquery.git","src/css.js",2012-08-09,"chris faulkner",1,6,1
"1134","https://github.com/matthieu-foucault/jquery.git","src/effects.js",2012-08-09,"chris faulkner",1,2,1
"1135","https://github.com/matthieu-foucault/jquery.git","src/manipulation.js",2012-07-10,"uri gilad",2,8,2
"1136","https://github.com/matthieu-foucault/jquery.git","src/offset.js",2012-07-10,"uri gilad",1,4,2
"1137","https://github.com/matthieu-foucault/jquery.git","src/ajax.js",2012-07-10,"mike sherov",1,79,2
"1138","https://github.com/matthieu-foucault/jquery.git","src/ajax/xhr.js",2012-07-10,"mike sherov",1,11,2
"1139","https://github.com/matthieu-foucault/jquery.git","src/attributes.js",2012-07-10,"mike sherov",1,9,2
"1140","https://github.com/matthieu-foucault/jquery.git","src/callbacks.js",2012-07-10,"mike sherov",1,10,2
"1141","https://github.com/matthieu-foucault/jquery.git","src/core.js",2012-07-10,"mike sherov",3,101,2
"1142","https://github.com/matthieu-foucault/jquery.git","src/css.js",2012-07-10,"mike sherov",2,51,2
"1143","https://github.com/matthieu-foucault/jquery.git","src/data.js",2012-07-10,"mike sherov",1,3,2
"1144","https://github.com/matthieu-foucault/jquery.git","src/dimensions.js",2012-07-10,"mike sherov",1,13,2
"1145","https://github.com/matthieu-foucault/jquery.git","src/effects.js",2012-07-10,"mike sherov",4,14,2
"1146","https://github.com/matthieu-foucault/jquery.git","src/event.js",2012-07-10,"mike sherov",1,29,2
"1147","https://github.com/matthieu-foucault/jquery.git","src/manipulation.js",2012-07-10,"mike sherov",1,21,2
"1148","https://github.com/matthieu-foucault/jquery.git","src/traversing.js",2012-07-10,"mike sherov",1,24,2
"1149","https://github.com/matthieu-foucault/jquery.git","src/support.js",2012-07-10,"david benjamin",1,9,2
"1150","https://github.com/matthieu-foucault/jquery.git","src/offset.js",2012-07-10,"nowres rafid",1,2,2
"1151","https://github.com/matthieu-foucault/jquery.git","src/core.js",2012-07-10,"oleg",1,10,2
"1152","https://github.com/matthieu-foucault/jquery.git","src/manipulation.js",2012-07-10,"oleg",1,16,2
"1153","https://github.com/matthieu-foucault/jquery.git","src/traversing.js",2012-07-10,"oleg",1,2,2
"1154","https://github.com/matthieu-foucault/jquery.git","src/data.js",2012-07-10,"richard gibson",1,48,2
"1155","https://github.com/matthieu-foucault/jquery.git","src/manipulation.js",2012-07-10,"richard gibson",3,58,2
"1156","https://github.com/matthieu-foucault/jquery.git","src/effects.js",2012-07-10,"richard gibson",2,16,2
"1157","https://github.com/matthieu-foucault/jquery.git","src/event.js",2012-07-10,"dmethvin",4,16,2
"1158","https://github.com/matthieu-foucault/jquery.git","src/attributes.js",2012-07-10,"dmethvin",1,13,2
"1159","https://github.com/matthieu-foucault/jquery.git","src/intro.js",2012-07-10,"dmethvin",1,2,2
"1160","https://github.com/matthieu-foucault/jquery.git","src/attributes.js",2012-07-10,"timmy willison",1,6,2
"1161","https://github.com/matthieu-foucault/jquery.git","src/sizzle-jquery.js",2012-07-10,"timmy willison",2,3,2
"1162","https://github.com/matthieu-foucault/jquery.git","src/traversing.js",2012-07-10,"timmy willison",1,6,2
"1163","https://github.com/matthieu-foucault/jquery.git","src/core.js",2012-07-10,"timmy willison",8,149,2
"1164","https://github.com/matthieu-foucault/jquery.git","src/core.js",2012-07-10,"dmethvin",2,28,2
"1165","https://github.com/matthieu-foucault/jquery.git","src/deprecated.js",2012-07-10,"dmethvin",1,21,2
"1166","https://github.com/matthieu-foucault/jquery.git","src/queue.js",2012-07-10,"mike sherov",1,6,2
"1167","https://github.com/matthieu-foucault/jquery.git","src/traversing.js",2012-07-10,"dmethvin",1,2,2
"1168","https://github.com/matthieu-foucault/jquery.git","src/intro.js",2012-07-10,"timmy willison",1,4,2
"1169","https://github.com/matthieu-foucault/jquery.git","src/effects.js",2012-07-10,"corey frang",2,72,2
"1170","https://github.com/matthieu-foucault/jquery.git","src/core.js",2012-07-10,"rick waldron",1,41,2
"1171","https://github.com/matthieu-foucault/jquery.git","src/deprecated.js",2012-07-10,"rick waldron",1,41,2
"1172","https://github.com/matthieu-foucault/jquery.git","src/attributes.js",2012-07-10,"rick waldron",1,21,2
"1173","https://github.com/matthieu-foucault/jquery.git","src/event.js",2012-07-10,"krinkle",1,2,2
"1174","https://github.com/matthieu-foucault/jquery.git","src/support.js",2012-07-10,"dmethvin",1,4,2
"1175","https://github.com/matthieu-foucault/jquery.git","src/core.js",2012-07-10,"richard gibson",2,147,2
"1176","https://github.com/matthieu-foucault/jquery.git","src/event.js",2012-07-10,"timmy willison",1,26,2
"1177","https://github.com/matthieu-foucault/jquery.git","src/css.js",2012-07-10,"rick waldron",2,16,2
"1178","https://github.com/matthieu-foucault/jquery.git","src/support.js",2012-07-10,"rick waldron",2,5,2
"1179","https://github.com/matthieu-foucault/jquery.git","src/manipulation.js",2012-07-10,"sindre sorhus",1,4,2
"1180","https://github.com/matthieu-foucault/jquery.git","src/manipulation.js",2012-07-10,"vladimir zhuravlev",1,4,2
"1181","https://github.com/matthieu-foucault/jquery.git","src/support.js",2012-07-10,"mike sherov",1,6,2
"1182","https://github.com/matthieu-foucault/jquery.git","src/ajax.js",2012-07-10,"richard gibson",1,5,2
"1183","https://github.com/matthieu-foucault/jquery.git","src/attributes.js",2012-07-10,"richard gibson",1,9,2
"1184","https://github.com/matthieu-foucault/jquery.git","src/callbacks.js",2012-07-10,"richard gibson",1,2,2
"1185","https://github.com/matthieu-foucault/jquery.git","src/css.js",2012-07-10,"richard gibson",1,4,2
"1186","https://github.com/matthieu-foucault/jquery.git","src/deferred.js",2012-07-10,"richard gibson",1,7,2
"1187","https://github.com/matthieu-foucault/jquery.git","src/traversing.js",2012-07-10,"richard gibson",1,2,2
"1188","https://github.com/matthieu-foucault/jquery.git","src/data.js",2012-07-10,"dmethvin",1,15,2
"1189","https://github.com/matthieu-foucault/jquery.git","src/effects.js",2012-07-10,"jeffery to",1,30,2
"1190","https://github.com/matthieu-foucault/jquery.git","src/support.js",2012-07-10,"richard gibson",1,59,2
"1191","https://github.com/matthieu-foucault/jquery.git","src/manipulation.js",2012-07-10,"julian aubourg",1,4,2
"1192","https://github.com/matthieu-foucault/jquery.git","src/css.js",2012-06-07,"mike sherov",5,129,3
"1193","https://github.com/matthieu-foucault/jquery.git","src/effects.js",2012-06-07,"mike sherov",2,17,3
"1194","https://github.com/matthieu-foucault/jquery.git","src/dimensions.js",2012-06-07,"mike sherov",3,56,3
"1195","https://github.com/matthieu-foucault/jquery.git","src/ajax.js",2012-06-07,"rick waldron",1,4,3
"1196","https://github.com/matthieu-foucault/jquery.git","src/ajax/jsonp.js",2012-06-07,"rick waldron",1,4,3
"1197","https://github.com/matthieu-foucault/jquery.git","src/ajax/script.js",2012-06-07,"rick waldron",1,4,3
"1198","https://github.com/matthieu-foucault/jquery.git","src/ajax/xhr.js",2012-06-07,"rick waldron",1,4,3
"1199","https://github.com/matthieu-foucault/jquery.git","src/attributes.js",2012-06-07,"rick waldron",1,4,3
"1200","https://github.com/matthieu-foucault/jquery.git","src/callbacks.js",2012-06-07,"rick waldron",1,4,3
"1201","https://github.com/matthieu-foucault/jquery.git","src/core.js",2012-06-07,"rick waldron",1,27,3
"1202","https://github.com/matthieu-foucault/jquery.git","src/css.js",2012-06-07,"rick waldron",1,93,3
"1203","https://github.com/matthieu-foucault/jquery.git","src/data.js",2012-06-07,"rick waldron",1,4,3
"1204","https://github.com/matthieu-foucault/jquery.git","src/deferred.js",2012-06-07,"rick waldron",1,4,3
"1205","https://github.com/matthieu-foucault/jquery.git","src/dimensions.js",2012-06-07,"rick waldron",1,4,3
"1206","https://github.com/matthieu-foucault/jquery.git","src/effects.js",2012-06-07,"rick waldron",1,2,3
"1207","https://github.com/matthieu-foucault/jquery.git","src/event.js",2012-06-07,"rick waldron",1,4,3
"1208","https://github.com/matthieu-foucault/jquery.git","src/exports.js",2012-06-07,"rick waldron",1,4,3
"1209","https://github.com/matthieu-foucault/jquery.git","src/intro.js",2012-06-07,"rick waldron",1,5,3
"1210","https://github.com/matthieu-foucault/jquery.git","src/manipulation.js",2012-06-07,"rick waldron",1,4,3
"1211","https://github.com/matthieu-foucault/jquery.git","src/offset.js",2012-06-07,"rick waldron",1,4,3
"1212","https://github.com/matthieu-foucault/jquery.git","src/queue.js",2012-06-07,"rick waldron",1,4,3
"1213","https://github.com/matthieu-foucault/jquery.git","src/support.js",2012-06-07,"rick waldron",1,4,3
"1214","https://github.com/matthieu-foucault/jquery.git","src/traversing.js",2012-06-07,"rick waldron",3,10,3
"1215","https://github.com/matthieu-foucault/jquery.git","src/ajax.js",2012-06-07,"richard gibson",1,155,3
"1216","https://github.com/matthieu-foucault/jquery.git","src/manipulation.js",2012-06-07,"richard gibson",1,7,3
"1217","https://github.com/matthieu-foucault/jquery.git","src/css.js",2012-06-07,"richard gibson",3,190,3
"1218","https://github.com/matthieu-foucault/jquery.git","src/attributes.js",2012-06-07,"timmy willison",1,6,3
"1219","https://github.com/matthieu-foucault/jquery.git","src/traversing.js",2012-06-07,"ben alman",1,5,3
"1220","https://github.com/matthieu-foucault/jquery.git","src/effects.js",2012-06-07,"richard gibson",2,205,3
"1221","https://github.com/matthieu-foucault/jquery.git","src/offset.js",2012-06-07,"oleg",2,78,3
"1222","https://github.com/matthieu-foucault/jquery.git","src/dimensions.js",2012-06-07,"richard gibson",1,48,3
"1223","https://github.com/matthieu-foucault/jquery.git","src/support.js",2012-06-07,"mike sherov",4,30,3
"1224","https://github.com/matthieu-foucault/jquery.git","src/effects.js",2012-06-07,"corey frang",2,115,3
"1225","https://github.com/matthieu-foucault/jquery.git","src/queue.js",2012-06-07,"corey frang",1,125,3
"1226","https://github.com/matthieu-foucault/jquery.git","src/effects.js",2012-06-07,"oleg",1,20,3
"1227","https://github.com/matthieu-foucault/jquery.git","src/event.js",2012-06-07,"jason moon",2,8,3
"1228","https://github.com/matthieu-foucault/jquery.git","src/manipulation.js",2012-06-07,"jason moon",2,5,3
"1229","https://github.com/matthieu-foucault/jquery.git","src/ajax/xhr.js",2012-06-07,"julian aubourg",1,10,3
"1230","https://github.com/matthieu-foucault/jquery.git","src/offset.js",2012-06-07,"mike sherov",1,7,3
"1231","https://github.com/matthieu-foucault/jquery.git","src/traversing.js",2012-06-07,"dmethvin",1,4,3
"1232","https://github.com/matthieu-foucault/jquery.git","src/dimensions.js",2012-06-07,"matt farmer",1,11,3
"1233","https://github.com/matthieu-foucault/jquery.git","src/manipulation.js",2012-06-07,"julian aubourg",1,2,3
"1234","https://github.com/matthieu-foucault/jquery.git","src/deferred.js",2012-06-07,"julian aubourg",1,28,3
"1235","https://github.com/matthieu-foucault/jquery.git","src/event.js",2012-06-07,"dmethvin",1,5,3
"1236","https://github.com/matthieu-foucault/jquery.git","src/traversing.js",2012-05-11,"dmethvin",2,24,4
"1237","https://github.com/matthieu-foucault/jquery.git","src/deferred.js",2012-05-11,"dmethvin",2,27,4
"1238","https://github.com/matthieu-foucault/jquery.git","src/traversing.js",2012-05-11,"rick waldron",5,52,4
"1239","https://github.com/matthieu-foucault/jquery.git","src/traversing.js",2012-05-11,"sindre sorhus",1,9,4
"1240","https://github.com/matthieu-foucault/jquery.git","src/core.js",2012-05-11,"julian aubourg",2,98,4
"1241","https://github.com/matthieu-foucault/jquery.git","src/core.js",2012-05-11,"scott gonzález",1,9,4
"1242","https://github.com/matthieu-foucault/jquery.git","src/manipulation.js",2012-05-11,"julian aubourg",1,2,4
"1243","https://github.com/matthieu-foucault/jquery.git","src/core.js",2012-05-11,"mike sherov",3,69,4
"1244","https://github.com/matthieu-foucault/jquery.git","src/ajax.js",2012-05-11,"oleg",3,55,4
"1245","https://github.com/matthieu-foucault/jquery.git","src/ajax.js",2012-05-11,"julian aubourg",1,17,4
"1246","https://github.com/matthieu-foucault/jquery.git","src/deferred.js",2012-05-11,"julian aubourg",2,169,4
"1247","https://github.com/matthieu-foucault/jquery.git","src/callbacks.js",2012-05-11,"julian aubourg",7,203,4
"1248","https://github.com/matthieu-foucault/jquery.git","src/css.js",2012-05-11,"julian aubourg",1,2,4
"1249","https://github.com/matthieu-foucault/jquery.git","src/deferred.js",2012-05-11,"richard gibson",1,19,4
"1250","https://github.com/matthieu-foucault/jquery.git","src/css.js",2012-05-11,"corey frang",1,24,4
"1251","https://github.com/matthieu-foucault/jquery.git","src/effects.js",2012-05-11,"corey frang",1,893,4
"1252","https://github.com/matthieu-foucault/jquery.git","src/ajax/jsonp.js",2012-05-11,"julian aubourg",2,16,4
"1253","https://github.com/matthieu-foucault/jquery.git","src/ajax/jsonp.js",2012-05-11,"richard gibson",3,101,4
"1254","https://github.com/matthieu-foucault/jquery.git","src/css.js",2012-05-11,"mike sherov",2,16,4
"1255","https://github.com/matthieu-foucault/jquery.git","src/ajax.js",2012-05-11,"rick waldron",1,18,4
"1256","https://github.com/matthieu-foucault/jquery.git","src/attributes.js",2012-05-11,"rick waldron",1,7,4
"1257","https://github.com/matthieu-foucault/jquery.git","src/callbacks.js",2012-05-11,"rick waldron",1,4,4
"1258","https://github.com/matthieu-foucault/jquery.git","src/core.js",2012-05-11,"rick waldron",1,13,4
"1259","https://github.com/matthieu-foucault/jquery.git","src/css.js",2012-05-11,"rick waldron",1,115,4
"1260","https://github.com/matthieu-foucault/jquery.git","src/data.js",2012-05-11,"rick waldron",1,6,4
"1261","https://github.com/matthieu-foucault/jquery.git","src/deferred.js",2012-05-11,"rick waldron",1,24,4
"1262","https://github.com/matthieu-foucault/jquery.git","src/dimensions.js",2012-05-11,"rick waldron",1,4,4
"1263","https://github.com/matthieu-foucault/jquery.git","src/effects.js",2012-05-11,"rick waldron",1,5,4
"1264","https://github.com/matthieu-foucault/jquery.git","src/event.js",2012-05-11,"rick waldron",1,26,4
"1265","https://github.com/matthieu-foucault/jquery.git","src/manipulation.js",2012-05-11,"rick waldron",3,285,4
"1266","https://github.com/matthieu-foucault/jquery.git","src/offset.js",2012-05-11,"rick waldron",1,57,4
"1267","https://github.com/matthieu-foucault/jquery.git","src/support.js",2012-05-11,"rick waldron",1,54,4
"1268","https://github.com/matthieu-foucault/jquery.git","src/core.js",2012-05-11,"dmethvin",2,22,4
"1269","https://github.com/matthieu-foucault/jquery.git","src/ajax.js",2012-05-11,"dmethvin",1,18,4
"1270","https://github.com/matthieu-foucault/jquery.git","src/attributes.js",2012-05-11,"dmethvin",1,7,4
"1271","https://github.com/matthieu-foucault/jquery.git","src/callbacks.js",2012-05-11,"dmethvin",1,4,4
"1272","https://github.com/matthieu-foucault/jquery.git","src/css.js",2012-05-11,"dmethvin",1,115,4
"1273","https://github.com/matthieu-foucault/jquery.git","src/data.js",2012-05-11,"dmethvin",1,6,4
"1274","https://github.com/matthieu-foucault/jquery.git","src/dimensions.js",2012-05-11,"dmethvin",1,4,4
"1275","https://github.com/matthieu-foucault/jquery.git","src/effects.js",2012-05-11,"dmethvin",1,5,4
"1276","https://github.com/matthieu-foucault/jquery.git","src/event.js",2012-05-11,"dmethvin",1,26,4
"1277","https://github.com/matthieu-foucault/jquery.git","src/manipulation.js",2012-05-11,"dmethvin",1,279,4
"1278","https://github.com/matthieu-foucault/jquery.git","src/offset.js",2012-05-11,"dmethvin",1,57,4
"1279","https://github.com/matthieu-foucault/jquery.git","src/support.js",2012-05-11,"dmethvin",1,54,4
"1280","https://github.com/matthieu-foucault/jquery.git","src/core.js",2012-05-11,"oleg",1,2,4
"1281","https://github.com/matthieu-foucault/jquery.git","src/manipulation.js",2012-05-11,"oleg",1,26,4
"1282","https://github.com/matthieu-foucault/jquery.git","src/event.js",2012-04-11,"rick waldron",1,4,5
"1283","https://github.com/matthieu-foucault/jquery.git","src/attributes.js",2012-04-11,"arne de bree",1,7,5
"1284","https://github.com/matthieu-foucault/jquery.git","src/css.js",2012-04-11,"mike sherov",2,135,5
"1285","https://github.com/matthieu-foucault/jquery.git","src/dimensions.js",2012-04-11,"mike sherov",2,4,5
"1286","https://github.com/matthieu-foucault/jquery.git","src/support.js",2012-04-11,"mike sherov",3,58,5
"1287","https://github.com/matthieu-foucault/jquery.git","src/core.js",2012-04-11,"dominik d. geyer",1,2,5
"1288","https://github.com/matthieu-foucault/jquery.git","src/offset.js",2012-04-11,"mike sherov",1,57,5
"1289","https://github.com/matthieu-foucault/jquery.git","src/traversing.js",2012-04-02,"richard gibson",1,2,6
"1290","https://github.com/matthieu-foucault/jquery.git","src/manipulation.js",2012-04-02,"oleg",2,15,6
"1291","https://github.com/matthieu-foucault/jquery.git","src/manipulation.js",2012-04-02,"cmcnulty",1,10,6
"1292","https://github.com/matthieu-foucault/jquery.git","src/ajax.js",2012-04-02,"tsinha",1,2,6
"1293","https://github.com/matthieu-foucault/jquery.git","src/effects.js",2012-04-02,"sindre sorhus",1,5,6
"1294","https://github.com/matthieu-foucault/jquery.git","src/core.js",2012-04-02,"sindre sorhus",1,2,6
"1295","https://github.com/matthieu-foucault/jquery.git","src/deferred.js",2012-04-02,"sindre sorhus",1,6,6
"1296","https://github.com/matthieu-foucault/jquery.git","src/event.js",2012-04-02,"sindre sorhus",1,2,6
"1297","https://github.com/matthieu-foucault/jquery.git","src/core.js",2012-04-02,"richard gibson",1,2,6
"1298","https://github.com/matthieu-foucault/jquery.git","src/manipulation.js",2012-04-02,"richard gibson",1,211,6
"1299","https://github.com/matthieu-foucault/jquery.git","src/css.js",2012-04-02,"oskari",1,2,6
"1300","https://github.com/matthieu-foucault/jquery.git","src/manipulation.js",2012-04-02,"robert katic",1,11,6
"1301","https://github.com/matthieu-foucault/jquery.git","src/data.js",2012-04-02,"oleg",1,6,6
"1302","https://github.com/matthieu-foucault/jquery.git","src/event.js",2012-04-02,"oleg",1,20,6
"1303","https://github.com/matthieu-foucault/jquery.git","src/ajax.js",2012-04-02,"julian aubourg",4,22,6
"1304","https://github.com/matthieu-foucault/jquery.git","src/deferred.js",2012-04-02,"julian aubourg",1,18,6
"1305","https://github.com/matthieu-foucault/jquery.git","src/callbacks.js",2012-04-02,"julian aubourg",1,4,6
"1306","https://github.com/matthieu-foucault/jquery.git","src/manipulation.js",2012-04-02,"rick waldron",2,11,6
"1307","https://github.com/matthieu-foucault/jquery.git","src/effects.js",2012-04-02,"louisremi",1,3,6
"1308","https://github.com/matthieu-foucault/jquery.git","src/core.js",2012-04-02,"julian aubourg",1,3,6
"1309","https://github.com/matthieu-foucault/jquery.git","src/ajax/jsonp.js",2012-04-02,"julian aubourg",1,3,6
"1310","https://github.com/matthieu-foucault/jquery.git","src/manipulation.js",2012-04-02,"julian aubourg",1,2,6
"1311","https://github.com/matthieu-foucault/jquery.git","src/ajax/xhr.js",2012-04-02,"julian aubourg",1,6,6
"1312","https://github.com/matthieu-foucault/jquery.git","src/event.js",2012-04-02,"dmethvin",1,26,6
"1313","https://github.com/matthieu-foucault/jquery.git","src/attributes.js",2012-04-02,"timmy willison",1,8,6
"1314","https://github.com/matthieu-foucault/jquery.git","src/support.js",2012-04-02,"mike sherov",1,7,6
"1315","https://github.com/matthieu-foucault/jquery.git","src/support.js",2012-04-02,"sindre sorhus",1,4,6
"1316","https://github.com/matthieu-foucault/jquery.git","src/attributes.js",2012-02-10,"mathias bynens",1,4,7
"1317","https://github.com/matthieu-foucault/jquery.git","src/manipulation.js",2012-02-10,"rick waldron",2,31,7
"1318","https://github.com/matthieu-foucault/jquery.git","src/dimensions.js",2012-02-10,"mike sherov",2,12,7
"1319","https://github.com/matthieu-foucault/jquery.git","src/attributes.js",2012-02-10,"mike sherov",1,3,7
"1320","https://github.com/matthieu-foucault/jquery.git","src/effects.js",2012-02-10,"dmethvin",1,5,7
"1321","https://github.com/matthieu-foucault/jquery.git","src/css.js",2012-02-10,"mike sherov",1,2,7
"1322","https://github.com/matthieu-foucault/jquery.git","src/effects.js",2012-02-10,"mike sherov",1,2,7
"1323","https://github.com/matthieu-foucault/jquery.git","src/support.js",2012-02-10,"mike sherov",1,37,7
"1324","https://github.com/matthieu-foucault/jquery.git","src/support.js",2012-02-10,"vladislav zarakovsky",1,40,7
"1325","https://github.com/matthieu-foucault/jquery.git","src/manipulation.js",2012-02-10,"richard gibson",1,4,7
"1326","https://github.com/matthieu-foucault/jquery.git","src/traversing.js",2012-02-10,"richard gibson",1,2,7
"1327","https://github.com/matthieu-foucault/jquery.git","src/queue.js",2012-02-10,"richard gibson",1,2,7
"1328","https://github.com/matthieu-foucault/jquery.git","src/manipulation.js",2012-02-10,"rick waldron",2,2,8
"1329","https://github.com/matthieu-foucault/jquery.git","src/effects.js",2012-02-10,"scott gonzález",1,8,8
"1330","https://github.com/matthieu-foucault/jquery.git","src/manipulation.js",2012-02-10,"arne de bree",1,4,8
"1331","https://github.com/matthieu-foucault/jquery.git","src/data.js",2012-02-10,"sindre sorhus",1,2,8
"1332","https://github.com/matthieu-foucault/jquery.git","src/callbacks.js",2012-02-10,"julian aubourg",1,5,8
"1333","https://github.com/matthieu-foucault/jquery.git","src/manipulation.js",2012-02-10,"dmethvin",2,7,8
"1334","https://github.com/matthieu-foucault/jquery.git","src/event.js",2012-02-10,"dmethvin",5,15,8
"1335","https://github.com/matthieu-foucault/jquery.git","src/ajax.js",2012-02-10,"presbrey",1,2,8
"1336","https://github.com/matthieu-foucault/jquery.git","src/effects.js",2012-02-10,"timmy willison",1,6,8
"1337","https://github.com/matthieu-foucault/jquery.git","src/support.js",2012-02-10,"timmy willison",1,1,8
"1338","https://github.com/matthieu-foucault/jquery.git","src/ajax.js",2012-02-10,"mike sherov",1,0,8
"1339","https://github.com/matthieu-foucault/jquery.git","src/ajax/xhr.js",2012-02-10,"mike sherov",1,0,8
"1340","https://github.com/matthieu-foucault/jquery.git","src/event.js",2012-02-10,"mike sherov",1,0,8
"1341","https://github.com/matthieu-foucault/jquery.git","src/offset.js",2012-02-10,"mike sherov",1,0,8
"1342","https://github.com/matthieu-foucault/jquery.git","src/support.js",2012-02-10,"mike sherov",1,4,8
"1343","https://github.com/matthieu-foucault/jquery.git","src/event.js",2012-02-10,"rick waldron",1,4,8
"1344","https://github.com/matthieu-foucault/jquery.git","src/ajax.js",2012-02-10,"rick waldron",1,4,8
"1345","https://github.com/matthieu-foucault/jquery.git","src/effects.js",2012-02-10,"oleg",1,3,8
"1346","https://github.com/matthieu-foucault/jquery.git","src/css.js",2012-02-10,"cmc3cn",1,6,8
"1347","https://github.com/matthieu-foucault/jquery.git","src/event.js",2012-02-10,"richard gibson",1,2,8
"1348","https://github.com/matthieu-foucault/jquery.git","src/traversing.js",2012-02-10,"timmy willison",1,2,8
"1349","https://github.com/matthieu-foucault/jquery.git","src/css.js",2011-12-12,"timmy willison",1,176,9
"1350","https://github.com/matthieu-foucault/jquery.git","src/manipulation.js",2011-12-12,"mike sherov",1,32,9
"1351","https://github.com/matthieu-foucault/jquery.git","src/ajax.js",2011-12-12,"mike sherov",1,0,9
"1352","https://github.com/matthieu-foucault/jquery.git","src/ajax/xhr.js",2011-12-12,"mike sherov",1,0,9
"1353","https://github.com/matthieu-foucault/jquery.git","src/event.js",2011-12-12,"mike sherov",1,0,9
"1354","https://github.com/matthieu-foucault/jquery.git","src/offset.js",2011-12-12,"mike sherov",1,0,9
"1355","https://github.com/matthieu-foucault/jquery.git","src/traversing.js",2011-12-12,"mike sherov",1,0,9
"1356","https://github.com/matthieu-foucault/jquery.git","src/css.js",2011-12-12,"richard gibson",2,31,9
"1357","https://github.com/matthieu-foucault/jquery.git","src/css.js",2011-12-12,"mike sherov",4,106,9
"1358","https://github.com/matthieu-foucault/jquery.git","src/effects.js",2011-12-12,"mike sherov",1,21,9
"1359","https://github.com/matthieu-foucault/jquery.git","src/support.js",2011-12-12,"mike sherov",1,8,9
"1360","https://github.com/matthieu-foucault/jquery.git","src/data.js",2011-12-12,"dmethvin",1,5,9
"1361","https://github.com/matthieu-foucault/jquery.git","src/event.js",2011-12-12,"rick waldron",1,2,9
"1362","https://github.com/matthieu-foucault/jquery.git","src/core.js",2011-12-12,"rafac3abl blais masson",1,3,9
"1363","https://github.com/matthieu-foucault/jquery.git","src/ajax.js",2011-12-12,"rick waldron",2,4,9
"1364","https://github.com/matthieu-foucault/jquery.git","src/attributes.js",2011-12-12,"richard gibson",1,4,9
"1365","https://github.com/matthieu-foucault/jquery.git","src/core.js",2011-12-12,"richard gibson",1,54,9
"1366","https://github.com/matthieu-foucault/jquery.git","src/data.js",2011-12-12,"richard gibson",1,49,9
"1367","https://github.com/matthieu-foucault/jquery.git","src/dimensions.js",2011-12-12,"richard gibson",1,59,9
"1368","https://github.com/matthieu-foucault/jquery.git","src/manipulation.js",2011-12-12,"richard gibson",1,60,9
"1369","https://github.com/matthieu-foucault/jquery.git","src/offset.js",2011-12-12,"richard gibson",1,97,9
"1370","https://github.com/matthieu-foucault/jquery.git","src/queue.js",2011-12-12,"richard gibson",1,10,9
"1371","https://github.com/matthieu-foucault/jquery.git","src/effects.js",2011-12-12,"dmethvin",1,3,9
"1372","https://github.com/matthieu-foucault/jquery.git","src/effects.js",2011-12-12,"rick waldron",1,3,9
"1373","https://github.com/matthieu-foucault/jquery.git","src/event.js",2011-12-12,"dmethvin",5,37,9
"1374","https://github.com/matthieu-foucault/jquery.git","src/core.js",2011-12-12,"timmy willison",1,3,9
"1375","https://github.com/matthieu-foucault/jquery.git","src/support.js",2011-12-12,"timmy willison",2,179,9
"1376","https://github.com/matthieu-foucault/jquery.git","src/manipulation.js",2011-12-12,"dmethvin",1,4,9
"1377","https://github.com/matthieu-foucault/jquery.git","src/attributes.js",2011-12-12,"timmy willison",1,10,9
"1378","https://github.com/matthieu-foucault/jquery.git","src/attributes.js",2011-12-12,"rick waldron",1,7,9
"1379","https://github.com/matthieu-foucault/jquery.git","src/core.js",2011-12-12,"jrburke",1,14,9
"1380","https://github.com/matthieu-foucault/jquery.git","src/exports.js",2011-12-12,"jrburke",1,22,9
"1381","https://github.com/matthieu-foucault/jquery.git","src/outro.js",2011-12-12,"jrburke",1,3,9
"1382","https://github.com/matthieu-foucault/jquery.git","src/effects.js",2011-12-12,"corey frang",1,28,9
"1383","https://github.com/matthieu-foucault/jquery.git","src/attributes.js",2011-11-13,"oleg",1,6,10
"1384","https://github.com/matthieu-foucault/jquery.git","src/event.js",2011-11-13,"dmethvin",10,101,10
"1385","https://github.com/matthieu-foucault/jquery.git","src/css.js",2011-11-13,"mike sherov",1,24,10
"1386","https://github.com/matthieu-foucault/jquery.git","src/support.js",2011-11-13,"timmy willison",1,12,10
"1387","https://github.com/matthieu-foucault/jquery.git","src/core.js",2011-11-13,"daniel herman",1,2,10
"1388","https://github.com/matthieu-foucault/jquery.git","src/deferred.js",2011-11-13,"julian aubourg",1,3,10
"1389","https://github.com/matthieu-foucault/jquery.git","src/ajax.js",2011-11-13,"dmethvin",4,12,10
"1390","https://github.com/matthieu-foucault/jquery.git","src/manipulation.js",2011-11-13,"timmy willison",1,10,10
"1391","https://github.com/matthieu-foucault/jquery.git","src/manipulation.js",2011-11-13,"rick waldron",1,31,10
"1392","https://github.com/matthieu-foucault/jquery.git","src/event.js",2011-11-13,"daniel herman",1,2,10
"1393","https://github.com/matthieu-foucault/jquery.git","src/core.js",2011-11-13,"dmethvin",2,4,10
"1394","https://github.com/matthieu-foucault/jquery.git","src/effects.js",2011-11-13,"timmy willison",1,2,10
"1395","https://github.com/matthieu-foucault/jquery.git","src/data.js",2011-11-13,"justin",1,6,10
"1396","https://github.com/matthieu-foucault/jquery.git","src/core.js",2011-11-13,"matt mueller",1,2,10
"1397","https://github.com/matthieu-foucault/jquery.git","src/data.js",2011-11-06,"corey frang",4,104,11
"1398","https://github.com/matthieu-foucault/jquery.git","src/manipulation.js",2011-11-06,"toby brain",1,6,11
"1399","https://github.com/matthieu-foucault/jquery.git","src/traversing.js",2011-11-06,"berker peksag",1,9,11
"1400","https://github.com/matthieu-foucault/jquery.git","src/core.js",2011-11-06,"rick waldron",2,3,11
"1401","https://github.com/matthieu-foucault/jquery.git","src/data.js",2011-11-06,"rick waldron",1,14,11
"1402","https://github.com/matthieu-foucault/jquery.git","src/css.js",2011-11-06,"dmethvin",2,9,11
"1403","https://github.com/matthieu-foucault/jquery.git","src/event.js",2011-11-06,"dmethvin",28,621,11
"1404","https://github.com/matthieu-foucault/jquery.git","src/manipulation.js",2011-11-06,"rick waldron",4,23,11
"1405","https://github.com/matthieu-foucault/jquery.git","src/support.js",2011-11-06,"timmy willison",10,118,11
"1406","https://github.com/matthieu-foucault/jquery.git","src/css.js",2011-11-06,"timmy willison",2,10,11
"1407","https://github.com/matthieu-foucault/jquery.git","src/effects.js",2011-11-06,"timmy willison",2,19,11
"1408","https://github.com/matthieu-foucault/jquery.git","src/offset.js",2011-11-06,"timmy willison",1,24,11
"1409","https://github.com/matthieu-foucault/jquery.git","src/effects.js",2011-11-06,"corey frang",6,103,11
"1410","https://github.com/matthieu-foucault/jquery.git","src/queue.js",2011-11-06,"corey frang",2,28,11
"1411","https://github.com/matthieu-foucault/jquery.git","src/css.js",2011-11-06,"mike sherov",2,9,11
"1412","https://github.com/matthieu-foucault/jquery.git","src/traversing.js",2011-11-06,"rick waldron",1,0,11
"1413","https://github.com/matthieu-foucault/jquery.git","src/support.js",2011-11-06,"rick waldron",3,51,11
"1414","https://github.com/matthieu-foucault/jquery.git","src/queue.js",2011-11-06,"rick waldron",1,0,11
"1415","https://github.com/matthieu-foucault/jquery.git","src/outro.js",2011-11-06,"rick waldron",1,0,11
"1416","https://github.com/matthieu-foucault/jquery.git","src/offset.js",2011-11-06,"rick waldron",2,45,11
"1417","https://github.com/matthieu-foucault/jquery.git","src/event.js",2011-11-06,"rick waldron",18,198,11
"1418","https://github.com/matthieu-foucault/jquery.git","src/effects.js",2011-11-06,"rick waldron",3,2,11
"1419","https://github.com/matthieu-foucault/jquery.git","src/css.js",2011-11-06,"rick waldron",1,0,11
"1420","https://github.com/matthieu-foucault/jquery.git","src/attributes.js",2011-11-06,"rick waldron",2,12,11
"1421","https://github.com/matthieu-foucault/jquery.git","src/ajax.js",2011-11-06,"rick waldron",2,0,11
"1422","https://github.com/matthieu-foucault/jquery.git","src/data.js",2011-11-06,"dmethvin",3,20,11
"1423","https://github.com/matthieu-foucault/jquery.git","src/deferred.js",2011-11-06,"rick waldron",1,0,11
"1424","https://github.com/matthieu-foucault/jquery.git","src/support.js",2011-11-06,"dmethvin",1,2,11
"1425","https://github.com/matthieu-foucault/jquery.git","src/manipulation.js",2011-11-06,"timmy willison",4,112,11
"1426","https://github.com/matthieu-foucault/jquery.git","src/event.js",2011-11-06,"mathias bynens",1,2,11
"1427","https://github.com/matthieu-foucault/jquery.git","src/attributes.js",2011-11-06,"timmy willison",4,90,11
"1428","https://github.com/matthieu-foucault/jquery.git","src/core.js",2011-11-06,"dmethvin",1,4,11
"1429","https://github.com/matthieu-foucault/jquery.git","src/dimensions.js",2011-11-06,"dmethvin",1,2,11
"1430","https://github.com/matthieu-foucault/jquery.git","src/deferred.js",2011-11-06,"julian aubourg",3,69,11
"1431","https://github.com/matthieu-foucault/jquery.git","src/event.js",2011-11-06,"timmy willison",1,8,11
"1432","https://github.com/matthieu-foucault/jquery.git","src/support.js",2011-11-06,"shi chuan",1,2,11
"1433","https://github.com/matthieu-foucault/jquery.git","src/dimensions.js",2011-11-06,"timmy willison",1,8,11
"1434","https://github.com/matthieu-foucault/jquery.git","src/traversing.js",2011-11-06,"dmethvin",2,32,11
"1435","https://github.com/matthieu-foucault/jquery.git","src/callbacks.js",2011-11-06,"julian aubourg",1,47,11
"1436","https://github.com/matthieu-foucault/jquery.git","src/support.js",2011-11-06,"mathias bynens",1,10,11
"1437","https://github.com/matthieu-foucault/jquery.git","src/event.js",2011-11-06,"corey frang",2,30,11
"1438","https://github.com/matthieu-foucault/jquery.git","src/manipulation.js",2011-11-06,"corey frang",1,27,11
"1439","https://github.com/rails/rails.git","(?-mix:^actionmailer\/.*)",2009-03-16,"david heinemeier hansson",1,2,1
"1440","https://github.com/rails/rails.git","(?-mix:^actionpack\/.*)",2009-03-16,"david heinemeier hansson",1,2,1
"1441","https://github.com/rails/rails.git","(?-mix:^activeresource\/lib\/active_resource\/.*)",2009-03-16,"david heinemeier hansson",1,2,1
"1442","https://github.com/rails/rails.git","(?-mix:^activesupport\/lib\/active_support\/.*)",2009-03-16,"david heinemeier hansson",1,2,1
"1443","https://github.com/rails/rails.git","(?-mix:^railties\/lib\/rails\/.*)",2009-03-16,"david heinemeier hansson",1,2,1
"1444","https://github.com/rails/rails.git","(?-mix:^railties\/lib\/rails\/rack\/.*)",2009-03-16,"luca guidi",1,2,1
"1445","https://github.com/rails/rails.git","(?-mix:^actionpack\/lib\/action_controller\/.*)",2009-03-16,"mike gunderloy",3,20,1
"1446","https://github.com/rails/rails.git","(?-mix:^activesupport\/lib\/active_support\/core_ext\/hash\/.*)",2009-03-16,"jonathan del strother",1,5,1
"1447","https://github.com/rails/rails.git","(?-mix:^activerecord\/lib\/.*)",2009-03-16,"chris kampmeier",2,8,1
"1448","https://github.com/rails/rails.git","(?-mix:^activesupport\/lib\/active_support\/core_ext\/hash\/.*)",2009-03-16,"bradford folkens",1,6,1
"1449","https://github.com/rails/rails.git","(?-mix:^railties\/lib\/rails_generator\/.*)",2009-03-16,"damian terentiev",1,2,1
"1450","https://github.com/rails/rails.git","(?-mix:^actionpack\/lib\/action_controller\/.*)",2009-03-16,"donald parish",1,70,1
"1451","https://github.com/rails/rails.git","(?-mix:^activesupport\/lib\/active_support\/json\/.*)",2009-03-16,"ubiratan pires alberton",1,11,1
"1452","https://github.com/rails/rails.git","(?-mix:^activesupport\/lib\/active_support\/xml_mini.*)",2009-03-16,"aaron patterson",3,92,1
"1453","https://github.com/rails/rails.git","(?-mix:^actionpack\/lib\/action_controller\/caching\/.*)",2009-03-16,"mislav marohnić",1,21,1
"1454","https://github.com/rails/rails.git","(?-mix:^activesupport\/lib\/active_support\/xml_mini.*)",2009-03-16,"jeremy kemper",10,432,1
"1455","https://github.com/rails/rails.git","(?-mix:^railties\/lib\/commands\/.*)",2009-03-16,"jeff schwab",1,3,1
"1456","https://github.com/rails/rails.git","(?-mix:^activesupport\/lib\/active_support\/json\/.*)",2009-03-16,"pratik naik",1,12,1
"1457","https://github.com/rails/rails.git","(?-mix:^activesupport\/lib\/active_support\/json\/.*)",2009-03-16,"tim pope",1,23,1
"1458","https://github.com/rails/rails.git","(?-mix:^actionpack\/lib\/action_view\/helpers\/.*)",2009-03-16,"eugene pimenov",1,5,1
"1459","https://github.com/rails/rails.git","(?-mix:^activesupport\/lib\/active_support\/xml_mini.*)",2009-03-16,"david heinemeier hansson",3,345,1
"1460","https://github.com/rails/rails.git","(?-mix:^actionpack\/lib\/action_controller\/routing\/.*)",2009-03-16,"andrew bloom",1,3,1
"1461","https://github.com/rails/rails.git","(?-mix:^railties\/lib\/rails_generator\/.*)",2009-03-16,"andrew timberlake",1,2,1
"1462","https://github.com/rails/rails.git","(?-mix:^actionpack\/lib\/action_view\/helpers\/.*)",2009-03-16,"jeremy kemper",1,2,1
"1463","https://github.com/rails/rails.git","(?-mix:^activesupport\/lib\/active_support\/xml_mini.*)",2009-03-16,"bart ten brinke",3,345,1
"1464","https://github.com/rails/rails.git","(?-mix:^activesupport\/lib\/active_support\/multibyte\/.*)",2009-03-16,"george ogata",1,16,1
"1465","https://github.com/rails/rails.git","(?-mix:^actionpack\/lib\/action_view\/helpers\/.*)",2009-03-07,"lawrence pit",1,4,2
"1466","https://github.com/rails/rails.git","(?-mix:^actionpack\/lib\/action_view\/helpers\/.*)",2009-03-07,"dan barry",1,4,2
"1467","https://github.com/rails/rails.git","(?-mix:^actionpack\/lib\/action_controller\/routing\/.*)",2009-03-07,"pratik naik",1,1,2
"1468","https://github.com/rails/rails.git","(?-mix:^activerecord\/lib\/.*)",2009-03-07,"adam milligan",2,6,2
"1469","https://github.com/rails/rails.git","(?-mix:^actionpack\/lib\/action_controller\/.*)",2009-03-07,"johan sørensen",1,4,2
"1470","https://github.com/rails/rails.git","(?-mix:^activesupport\/lib\/active_support\/core_ext\/string\/.*)",2009-03-07,"sam granieri",1,4,3
"1471","https://github.com/rails/rails.git","(?-mix:^activesupport\/lib\/active_support\/.*)",2009-03-07,"niels ganser",1,4,3
"1472","https://github.com/rails/rails.git","(?-mix:^actionpack\/lib\/action_controller\/.*)",2009-03-07,"mike gunderloy",1,7,3
"1473","https://github.com/rails/rails.git","(?-mix:^actionpack\/lib\/action_controller\/.*)",2009-03-07,"david heinemeier hansson",3,8,3
"1474","https://github.com/rails/rails.git","(?-mix:^activesupport\/lib\/active_support\/.*)",2009-03-07,"jeremy kemper",6,24,3
"1475","https://github.com/rails/rails.git","(?-mix:^actionpack\/lib\/action_controller\/routing\/.*)",2009-03-07,"joshua peek",1,4,3
"1476","https://github.com/rails/rails.git","(?-mix:^activesupport\/lib\/active_support\/core_ext\/array\/.*)",2009-03-07,"david heinemeier hansson",1,1,3
"1477","https://github.com/rails/rails.git","(?-mix:^activesupport\/lib\/active_support\/core_ext\/array\/.*)",2009-03-07,"guillermo Álvarez",1,16,3
"1478","https://github.com/rails/rails.git","(?-mix:^activesupport\/lib\/active_support\/core_ext\/array\/.*)",2009-03-07,"will bryant",1,7,3
"1479","https://github.com/rails/rails.git","(?-mix:^activesupport\/lib\/active_support\/core_ext\/time\/.*)",2009-03-07,"zachary zolton",1,2,3
"1480","https://github.com/rails/rails.git","(?-mix:^activesupport\/lib\/active_support\/core_ext\/string\/.*)",2009-03-07,"jeremy kemper",1,2,3
"1481","https://github.com/rails/rails.git","(?-mix:^activesupport\/lib\/active_support\/json\/encoders\/.*)",2009-03-07,"jeremy kemper",1,11,3
"1482","https://github.com/rails/rails.git","(?-mix:^activesupport\/lib\/active_support\/core_ext\/array\/.*)",2009-03-07,"jeremy kemper",1,19,3
"1483","https://github.com/rails/rails.git","(?-mix:^activesupport\/lib\/active_support\/multibyte\/.*)",2009-01-14,"jeremy kemper",1,2,4
"1484","https://github.com/rails/rails.git","(?-mix:^activesupport\/lib\/active_support\/.*)",2009-01-14,"pratik naik",1,13,4
"1485","https://github.com/rails/rails.git","(?-mix:^actionpack\/lib\/action_controller\/.*)",2009-01-14,"joshua peek",2,4,4
"1486","https://github.com/rails/rails.git","(?-mix:^actionpack\/lib\/action_controller\/.*)",2009-01-30,"tarmo tänav",1,35,5
"1487","https://github.com/rails/rails.git","(?-mix:^actionpack\/lib\/action_view\/helpers\/.*)",2009-01-30,"eloy duran",1,192,5
"1488","https://github.com/rails/rails.git","(?-mix:^actionpack\/lib\/action_controller\/.*)",2009-01-30,"jeremy kemper",2,10,5
"1489","https://github.com/rails/rails.git","(?-mix:^activesupport\/lib\/active_support\/xml_mini.*)",2009-01-30,"luca guidi",1,2,5
"1490","https://github.com/rails/rails.git","(?-mix:^activesupport\/lib\/active_support\/.*)",2009-01-30,"charles nutter",1,9,5
"1491","https://github.com/rails/rails.git","(?-mix:^actionpack\/lib\/action_view\/helpers\/.*)",2009-01-30,"jon crawford",1,56,5
"1492","https://github.com/rails/rails.git","(?-mix:^actionpack\/lib\/action_controller\/.*)",2009-01-30,"gregg kellogg",2,156,5
"1493","https://github.com/rails/rails.git","(?-mix:^activesupport\/lib\/active_support\/cache\/.*)",2009-01-30,"joshua peek",1,2,5
"1494","https://github.com/rails/rails.git","(?-mix:^actionpack\/lib\/action_view\/helpers\/.*)",2009-01-30,"dan weinand",1,2,5
"1495","https://github.com/rails/rails.git","(?-mix:^activeresource\/lib\/active_resource\/.*)",2009-01-30,"rasik pandey",1,2,5
"1496","https://github.com/rails/rails.git","(?-mix:^actionpack\/lib\/action_view\/helpers\/.*)",2009-01-30,"daniel rodríguez troitiño",1,3,5
"1497","https://github.com/rails/rails.git","(?-mix:^actionpack\/lib\/action_controller\/.*)",2009-01-28,"nathan de vries",1,9,6
"1498","https://github.com/rails/rails.git","(?-mix:^actionpack\/lib\/action_controller\/session\/.*)",2009-01-28,"pratik naik",2,10,6
"1499","https://github.com/rails/rails.git","(?-mix:^actionpack\/lib\/action_controller\/.*)",2009-01-28,"jeremy kemper",13,100,6
"1500","https://github.com/rails/rails.git","(?-mix:^actionpack\/lib\/action_controller\/caching\/.*)",2009-01-28,"tys von gaza",1,4,6
"1501","https://github.com/rails/rails.git","(?-mix:^actionpack\/lib\/action_view\/helpers\/.*)",2009-01-28,"yaroslav markin",2,30,6
"1502","https://github.com/rails/rails.git","(?-mix:^activesupport\/lib\/active_support\/.*)",2009-01-28,"greg borenstein",1,4,6
"1503","https://github.com/rails/rails.git","(?-mix:^actionpack\/lib\/action_controller\/session\/.*)",2009-01-28,"cody fauser",2,10,6
"1504","https://github.com/rails/rails.git","(?-mix:^actionpack\/lib\/action_controller\/assertions\/.*)",2009-01-28,"pratik naik",2,25,6
"1505","https://github.com/rails/rails.git","(?-mix:^actionpack\/lib\/action_view\/helpers\/.*)",2009-01-28,"pratik naik",4,134,6
"1506","https://github.com/rails/rails.git","(?-mix:^activesupport\/lib\/active_support\/core_ext\/date\/.*)",2009-01-28,"pratik naik",1,6,6
"1507","https://github.com/rails/rails.git","(?-mix:^activesupport\/lib\/active_support\/core_ext\/date_time\/.*)",2009-01-28,"pratik naik",1,2,6
"1508","https://github.com/rails/rails.git","(?-mix:^activesupport\/lib\/active_support\/core_ext\/hash\/.*)",2009-01-28,"pratik naik",2,4,6
"1509","https://github.com/rails/rails.git","(?-mix:^activesupport\/lib\/active_support\/core_ext\/range\/.*)",2009-01-28,"pratik naik",1,2,6
"1510","https://github.com/rails/rails.git","(?-mix:^activesupport\/lib\/active_support\/json\/encoders\/.*)",2009-01-28,"pratik naik",3,6,6
"1511","https://github.com/rails/rails.git","(?-mix:^activesupport\/lib\/active_support\/core_ext\/object\/.*)",2009-01-28,"josh susser",1,17,6
"1512","https://github.com/rails/rails.git","(?-mix:^activesupport\/lib\/active_support\/.*)",2009-01-28,"lourens naude",1,4,6
"1513","https://github.com/rails/rails.git","(?-mix:^activesupport\/lib\/active_support\/cache\/.*)",2009-01-28,"lourens naude",2,166,6
"1514","https://github.com/rails/rails.git","(?-mix:^activesupport\/lib\/active_support\/.*)",2009-01-28,"brandon keepers",1,29,6
"1515","https://github.com/rails/rails.git","(?-mix:^activesupport\/lib\/active_support\/json\/encoders\/.*)",2009-01-28,"michael koziarski",1,4,6
"1516","https://github.com/rails/rails.git","(?-mix:^activesupport\/lib\/active_support\/cache\/.*)",2009-01-28,"nahum wild",1,63,6
"1517","https://github.com/rails/rails.git","(?-mix:^activesupport\/lib\/active_support\/core_ext\/object\/.*)",2009-01-28,"pratik naik",1,2,6
"1518","https://github.com/rails/rails.git","(?-mix:^activesupport\/lib\/active_support\/.*)",2009-01-28,"nicholas dainty",1,8,6
"1519","https://github.com/rails/rails.git","(?-mix:^activesupport\/lib\/active_support\/core_ext\/object\/.*)",2009-01-28,"jeremy kemper",3,20,6
"1520","https://github.com/rails/rails.git","(?-mix:^activesupport\/lib\/active_support\/json\/.*)",2009-01-28,"pratik naik",1,2,6
"1521","https://github.com/rails/rails.git","(?-mix:^actionpack\/lib\/action_view\/helpers\/.*)",2009-01-28,"joshua peek",6,381,6
"1522","https://github.com/rails/rails.git","(?-mix:^activesupport\/lib\/active_support\/.*)",2009-01-28,"geoff buesing",1,2,6
"1523","https://github.com/rails/rails.git","(?-mix:^actionpack\/lib\/action_controller\/.*)",2009-01-28,"laszlo bacsi",1,4,6
"1524","https://github.com/rails/rails.git","(?-mix:^actionpack\/lib\/action_view\/helpers\/.*)",2009-01-28,"david heinemeier hansson",3,47,6
"1525","https://github.com/rails/rails.git","(?-mix:^actionpack\/lib\/action_controller\/routing\/.*)",2009-01-28,"jeremy kemper",3,27,6
"1526","https://github.com/rails/rails.git","(?-mix:^actionpack\/lib\/action_controller\/routing\/.*)",2009-01-28,"joshua peek",3,10,6
"1527","https://github.com/rails/rails.git","(?-mix:^actionpack\/lib\/action_controller\/.*)",2009-01-28,"xavier noria",3,24,6
"1528","https://github.com/rails/rails.git","(?-mix:^actionpack\/lib\/action_controller\/routing\/.*)",2009-01-28,"xavier noria",1,61,6
"1529","https://github.com/rails/rails.git","(?-mix:^actionpack\/lib\/action_view\/helpers\/.*)",2009-01-28,"xavier noria",1,10,6
"1530","https://github.com/rails/rails.git","(?-mix:^activeresource\/lib\/active_resource\/.*)",2009-01-28,"xavier noria",1,8,6
"1531","https://github.com/rails/rails.git","(?-mix:^activesupport\/lib\/active_support\/.*)",2009-01-28,"xavier noria",6,135,6
"1532","https://github.com/rails/rails.git","(?-mix:^activesupport\/lib\/active_support\/core_ext\/class\/.*)",2009-01-28,"xavier noria",3,155,6
"1533","https://github.com/rails/rails.git","(?-mix:^activesupport\/lib\/active_support\/core_ext\/module\/.*)",2009-01-28,"xavier noria",5,78,6
"1534","https://github.com/rails/rails.git","(?-mix:^activesupport\/lib\/active_support\/multibyte\/.*)",2009-01-28,"xavier noria",1,8,6
"1535","https://github.com/rails/rails.git","(?-mix:^activesupport\/lib\/active_support\/core_ext\/hash\/.*)",2009-01-28,"trans",1,9,6
"1536","https://github.com/rails/rails.git","(?-mix:^actionpack\/lib\/action_controller\/assertions\/.*)",2009-01-28,"frederick cheung",1,1,6
"1537","https://github.com/rails/rails.git","(?-mix:^activesupport\/lib\/active_support\/core_ext\/module\/.*)",2009-01-28,"sergio gil",1,28,6
"1538","https://github.com/rails/rails.git","(?-mix:^actionpack\/lib\/action_controller\/.*)",2009-01-28,"=?utf-8?q?adam=20cig=c3=a1nek?=",1,15,6
"1539","https://github.com/rails/rails.git","(?-mix:^activesupport\/lib\/active_support\/core_ext\/bigdecimal\/.*)",2008-09-10,"jeremy kemper",1,32,9
"1540","https://github.com/rails/rails.git","(?-mix:^activesupport\/lib\/active_support\/core_ext\/module\/.*)",2008-09-10,"jeremy kemper",1,7,9
"1541","https://github.com/rails/rails.git","(?-mix:^activesupport\/lib\/active_support\/core_ext\/module\/.*)",2008-09-10,"hongli lai (phusion)",3,18,9
"1542","https://github.com/rails/rails.git","(?-mix:^activesupport\/lib\/active_support\/core_ext\/module\/.*)",2008-04-20,"nick sieger",1,2,11
"1543","https://github.com/rails/rails.git","(?-mix:^activesupport\/lib\/active_support\/core_ext\/module\/.*)",2008-04-19,"nick sieger",3,44,12
"1544","https://github.com/rails/rails.git","(?-mix:^activesupport\/lib\/active_support\/core_ext\/range\/.*)",2008-04-19,"bradford folkens",1,4,12
"1545","https://github.com/rails/rails.git","(?-mix:^activerecord\/lib\/.*)",2008-04-19,"david lowenfels",1,12,12
"1546","https://github.com/rails/rails.git","(?-mix:^actionmailer\/.*)",2008-04-19,"luca guidi",3,22,12
"1547","https://github.com/rails/rails.git","(?-mix:^activerecord\/lib\/.*)",2008-04-19,"lucas carlson",1,4,12
"1548","https://github.com/rails/rails.git","(?-mix:^railties\/lib\/commands\/.*)",2008-04-19,"ricardo santos",1,2,12
"1549","https://github.com/rails/rails.git","(?-mix:^actionpack\/lib\/action_controller\/.*)",2008-04-19,"tim haines",1,5,12
"1550","https://github.com/rails/rails.git","(?-mix:^railties\/lib\/rails_generator\/.*)",2008-04-19,"carl porth",1,2,12
"1551","https://github.com/rails/rails.git","(?-mix:^activemodel\/lib\/active_model\/.*)",2008-04-19,"rick",10,103,12
"1552","https://github.com/rails/rails.git","(?-mix:^activemodel\/lib\/.*)",2008-04-19,"rick",1,20,12
"1553","https://github.com/rails/rails.git","(?-mix:^activesupport\/lib\/active_support\/.*)",2008-04-19,"rick",1,5,12
"1554","https://github.com/rails/rails.git","(?-mix:^activerecord\/lib\/.*)",2008-04-19,"tim chater",1,4,12
"1555","https://github.com/rails/rails.git","(?-mix:^railties\/lib\/rails_generator\/.*)",2008-04-19,"pat george",1,9,12
"1556","https://github.com/rails/rails.git","(?-mix:^railties\/lib\/commands\/.*)",2008-04-19,"bob klosinski",1,14,12
"1557","https://github.com/rails/rails.git","(?-mix:^railties\/lib\/commands\/.*)",2008-04-19,"cheah chu yeow",1,1,12
"1558","https://github.com/rails/rails.git","(?-mix:^activerecord\/lib\/.*)",2008-04-19,"daniel morrison",1,1,12
"1559","https://github.com/rails/rails.git","(?-mix:^activerecord\/lib\/.*)",2008-04-19,"mark catley",1,2,12
"1560","https://github.com/rails/rails.git","(?-mix:^activerecord\/lib\/.*)",2008-04-19,"ian",1,8,12
"1561","https://github.com/rails/rails.git","(?-mix:^activerecord\/lib\/.*)",2008-04-19,"michael raidel",1,3,12
"1562","https://github.com/rails/rails.git","(?-mix:^activerecord\/lib\/.*)",2008-04-19,"diego algorta",1,10,12
"1563","https://github.com/rails/rails.git","(?-mix:^activesupport\/lib\/active_support\/.*)",2008-04-19,"sven fuchs",2,34,12
"1564","https://github.com/rails/rails.git","(?-mix:^actionpack\/lib\/action_controller\/.*)",2008-04-19,"amos king",1,2,12
"1565","https://github.com/rails/rails.git","(?-mix:^railties\/lib\/rails_generator\/.*)",2008-04-19,"jeremy kemper",2,3,12
"1566","https://github.com/rails/rails.git","(?-mix:^activerecord\/lib\/.*)",2008-04-19,"ben munat",1,8,12
"1567","https://github.com/rails/rails.git","(?-mix:^activerecord\/lib\/.*)",2008-04-19,"antonio cangiano",1,4,12
"1568","https://github.com/jenkinsci/jenkins.git","(?-mix:^core\/src\/main\/java\/hudson\/util\/.*)",2013-03-02,"jesse glick",1,24,2
"1569","https://github.com/jenkinsci/jenkins.git","(?-mix:^maven-plugin\/src\/main\/java\/hudson\/maven\/reporters\/.*)",2013-03-02,"christoph kutzinski",1,2,2
"1570","https://github.com/jenkinsci/jenkins.git","(?-mix:^cli\/src\/main\/java\/hudson\/cli\/.*)",2013-03-02,"kohsuke kawaguchi",2,40,2
"1571","https://github.com/jenkinsci/jenkins.git","(?-mix:^core\/src\/main\/java\/jenkins\/model\/.*)",2013-03-02,"jesse glick",2,18,2
"1572","https://github.com/jenkinsci/jenkins.git","(?-mix:^core\/src\/main\/java\/jenkins\/model\/lazy\/.*)",2013-03-02,"jesse glick",1,11,2
"1573","https://github.com/jenkinsci/jenkins.git","(?-mix:^maven-plugin\/src\/main\/java\/hudson\/maven\/.*)",2013-03-02,"jesse glick",1,1,2
"1574","https://github.com/jenkinsci/jenkins.git","(?-mix:^core\/src\/main\/java\/hudson\/tasks\/.*)",2013-03-02,"jesse glick",2,7,2
"1575","https://github.com/jenkinsci/jenkins.git","(?-mix:^maven-plugin\/src\/main\/java\/hudson\/maven\/.*)",2013-03-02,"christoph kutzinski",2,30,2
"1576","https://github.com/jenkinsci/jenkins.git","(?-mix:^core\/src\/main\/java\/hudson\/matrix\/.*)",2013-03-02,"kohsuke kawaguchi",2,34,2
"1577","https://github.com/jenkinsci/jenkins.git","(?-mix:^core\/src\/main\/java\/hudson\/model\/.*)",2013-03-02,"kohsuke kawaguchi",4,62,2
"1578","https://github.com/jenkinsci/jenkins.git","(?-mix:^core\/src\/main\/java\/hudson\/model\/labels\/.*)",2013-03-02,"kohsuke kawaguchi",1,2,2
"1579","https://github.com/jenkinsci/jenkins.git","(?-mix:^core\/src\/main\/java\/hudson\/model\/.*)",2013-03-02,"joeljohnson",1,9,2
"1580","https://github.com/jenkinsci/jenkins.git","(?-mix:^core\/src\/main\/java\/hudson\/model\/.*)",2013-03-02,"richard mortimer",1,2,2
"1581","https://github.com/jenkinsci/jenkins.git","(?-mix:^cli\/src\/main\/java\/hudson\/cli\/.*)",2013-03-02,"jesse glick",3,15,2
"1582","https://github.com/jenkinsci/jenkins.git","(?-mix:^core\/src\/main\/java\/hudson\/model\/.*)",2013-03-02,"gcummings",1,5,2
"1583","https://github.com/jenkinsci/jenkins.git","(?-mix:^core\/src\/main\/java\/hudson\/model\/.*)",2013-03-02,"cynipe",1,4,2
"1584","https://github.com/jenkinsci/jenkins.git","(?-mix:^core\/src\/main\/java\/hudson\/tasks\/.*)",2013-03-02,"kohsuke kawaguchi",1,27,2
"1585","https://github.com/jenkinsci/jenkins.git","(?-mix:^core\/src\/main\/java\/hudson\/model\/.*)",2013-03-02,"ryan campbell",1,4,2
"1586","https://github.com/jenkinsci/jenkins.git","(?-mix:^core\/src\/main\/java\/hudson\/security\/csrf\/.*)",2013-03-02,"jesse glick",1,50,2
"1587","https://github.com/jenkinsci/jenkins.git","(?-mix:^core\/src\/main\/java\/jenkins\/security\/.*)",2013-03-02,"jesse glick",1,1,2
"1588","https://github.com/jenkinsci/jenkins.git","(?-mix:^core\/src\/main\/java\/hudson\/slaves\/.*)",2013-03-02,"kohsuke kawaguchi",4,134,2
"1589","https://github.com/jenkinsci/jenkins.git","(?-mix:^core\/src\/main\/java\/hudson\/slaves\/.*)",2013-03-02,"kevin p. fleming",2,46,2
"1590","https://github.com/jenkinsci/jenkins.git","(?-mix:^core\/src\/main\/java\/hudson\/util\/jna\/.*)",2013-03-02,"kohsuke kawaguchi",1,8,2
"1591","https://github.com/jenkinsci/jenkins.git","(?-mix:^core\/src\/main\/java\/jenkins\/util\/xstream\/.*)",2013-03-02,"kohsuke kawaguchi",1,62,2
"1592","https://github.com/jenkinsci/jenkins.git","(?-mix:^maven-plugin\/src\/main\/java\/hudson\/maven\/reporters\/.*)",2013-02-12,"richard mortimer",1,2,3
"1593","https://github.com/jenkinsci/jenkins.git","(?-mix:^cli\/src\/main\/java\/hudson\/cli\/.*)",2013-02-12,"jesse glick",3,47,3
"1594","https://github.com/jenkinsci/jenkins.git","(?-mix:^maven-plugin\/src\/main\/java\/hudson\/maven\/reporters\/.*)",2013-02-12,"christoph kutzinski",8,468,3
"1595","https://github.com/jenkinsci/jenkins.git","(?-mix:^core\/src\/main\/java\/hudson\/model\/.*)",2013-02-12,"nicolas de loof",8,159,3
"1596","https://github.com/jenkinsci/jenkins.git","(?-mix:^core\/src\/main\/java\/hudson\/.*)",2013-02-12,"lvotypko",3,10,3
"1597","https://github.com/jenkinsci/jenkins.git","(?-mix:^core\/src\/main\/java\/hudson\/model\/.*)",2013-02-12,"jesse glick",24,228,3
"1598","https://github.com/jenkinsci/jenkins.git","(?-mix:^core\/src\/main\/java\/hudson\/util\/.*)",2013-02-12,"jesse glick",4,27,3
"1599","https://github.com/jenkinsci/jenkins.git","(?-mix:^core\/src\/main\/java\/hudson\/model\/.*)",2013-02-12,"johno crawford",1,20,3
"1600","https://github.com/jenkinsci/jenkins.git","(?-mix:^core\/src\/main\/java\/jenkins\/model\/lazy\/.*)",2013-02-12,"johno crawford",1,2,3
"1601","https://github.com/jenkinsci/jenkins.git","(?-mix:^core\/src\/main\/java\/hudson\/model\/.*)",2013-02-12,"ryan campbell",5,129,3
"1602","https://github.com/jenkinsci/jenkins.git","(?-mix:^core\/src\/main\/java\/hudson\/security\/.*)",2013-02-12,"jesse glick",2,6,3
"1603","https://github.com/jenkinsci/jenkins.git","(?-mix:^core\/src\/main\/java\/hudson\/model\/.*)",2013-02-12,"aleksas",2,15,3
"1604","https://github.com/jenkinsci/jenkins.git","(?-mix:^core\/src\/main\/java\/hudson\/.*)",2013-02-12,"fred g",1,5,3
"1605","https://github.com/jenkinsci/jenkins.git","(?-mix:^core\/src\/main\/java\/hudson\/.*)",2013-02-12,"jesse glick",3,35,3
"1606","https://github.com/jenkinsci/jenkins.git","(?-mix:^core\/src\/main\/java\/hudson\/model\/.*)",2013-02-12,"julian schmidt",1,8,3
"1607","https://github.com/jenkinsci/jenkins.git","(?-mix:^core\/src\/main\/java\/jenkins\/model\/lazy\/.*)",2013-02-12,"julian schmidt",1,3,3
"1608","https://github.com/jenkinsci/jenkins.git","(?-mix:^core\/src\/main\/java\/hudson\/model\/.*)",2013-02-12,"christoph kutzinski",3,7,3
"1609","https://github.com/jenkinsci/jenkins.git","(?-mix:^core\/src\/main\/java\/hudson\/model\/listeners\/.*)",2013-02-12,"jesse glick",2,8,3
"1610","https://github.com/jenkinsci/jenkins.git","(?-mix:^core\/src\/main\/java\/jenkins\/model\/.*)",2013-02-12,"ryan campbell",1,8,3
"1611","https://github.com/jenkinsci/jenkins.git","(?-mix:^core\/src\/main\/java\/jenkins\/slaves\/.*)",2013-02-12,"ryan campbell",1,38,3
"1612","https://github.com/jenkinsci/jenkins.git","(?-mix:^maven-plugin\/src\/main\/java\/hudson\/maven\/.*)",2013-02-12,"christoph kutzinski",3,44,3
"1613","https://github.com/jenkinsci/jenkins.git","(?-mix:^core\/src\/main\/java\/hudson\/tasks\/.*)",2013-02-12,"justin santa barbara",1,2,3
"1614","https://github.com/jenkinsci/jenkins.git","(?-mix:^maven-plugin\/src\/main\/java\/hudson\/maven\/reporters\/.*)",2013-02-12,"vladimir kravets",1,2,3
"1615","https://github.com/jenkinsci/jenkins.git","(?-mix:^core\/src\/main\/java\/hudson\/tasks\/.*)",2013-02-12,"jesse glick",4,51,3
"1616","https://github.com/jenkinsci/jenkins.git","(?-mix:^core\/src\/main\/java\/jenkins\/model\/.*)",2013-02-12,"jesse glick",3,105,3
"1617","https://github.com/jenkinsci/jenkins.git","(?-mix:^core\/src\/main\/java\/hudson\/util\/.*)",2013-02-12,"pei-tang huang",1,4,3
"1618","https://github.com/jenkinsci/jenkins.git","(?-mix:^core\/src\/main\/java\/hudson\/.*)",2013-02-12,"christoph kutzinski",2,29,3
"1619","https://github.com/jenkinsci/jenkins.git","(?-mix:^core\/src\/main\/java\/hudson\/tasks\/junit\/.*)",2013-02-12,"christoph kutzinski",2,62,3
"1620","https://github.com/jenkinsci/jenkins.git","(?-mix:^core\/src\/main\/java\/jenkins\/model\/lazy\/.*)",2013-02-12,"jesse glick",1,5,3
"1621","https://github.com/jenkinsci/jenkins.git","(?-mix:^core\/src\/main\/java\/hudson\/model\/.*)",2013-02-12,"kohsuke kawaguchi",3,10,3
"1622","https://github.com/jenkinsci/jenkins.git","(?-mix:^core\/src\/main\/java\/jenkins\/model\/.*)",2013-02-12,"kohsuke kawaguchi",2,13,3
"1623","https://github.com/jenkinsci/jenkins.git","(?-mix:^core\/src\/main\/java\/hudson\/security\/.*)",2013-02-12,"hendrik millner",1,38,3
"1624","https://github.com/jenkinsci/jenkins.git","(?-mix:^core\/src\/main\/java\/jenkins\/model\/.*)",2013-02-12,"oliver gondža",1,17,3
"1625","https://github.com/jenkinsci/jenkins.git","(?-mix:^core\/src\/main\/java\/jenkins\/security\/.*)",2013-02-12,"kohsuke kawaguchi",2,15,3
"1626","https://github.com/jenkinsci/jenkins.git","(?-mix:^core\/src\/main\/java\/hudson\/security\/.*)",2013-02-12,"kohsuke kawaguchi",1,1,3
"1627","https://github.com/jenkinsci/jenkins.git","(?-mix:^core\/src\/main\/java\/jenkins\/security\/.*)",2013-01-05,"kohsuke kawaguchi",10,799,4
"1628","https://github.com/jenkinsci/jenkins.git","(?-mix:^core\/src\/main\/java\/hudson\/util\/.*)",2013-01-05,"kohsuke kawaguchi",4,294,4
"1629","https://github.com/jenkinsci/jenkins.git","(?-mix:^core\/src\/main\/java\/hudson\/.*)",2013-01-05,"kohsuke kawaguchi",6,29,4
"1630","https://github.com/jenkinsci/jenkins.git","(?-mix:^core\/src\/main\/java\/hudson\/console\/.*)",2013-01-05,"kohsuke kawaguchi",2,20,4
"1631","https://github.com/jenkinsci/jenkins.git","(?-mix:^core\/src\/main\/java\/hudson\/model\/.*)",2013-01-05,"kohsuke kawaguchi",9,61,4
"1632","https://github.com/jenkinsci/jenkins.git","(?-mix:^core\/src\/main\/java\/hudson\/security\/.*)",2013-01-05,"kohsuke kawaguchi",3,28,4
"1633","https://github.com/jenkinsci/jenkins.git","(?-mix:^core\/src\/main\/java\/hudson\/security\/csrf\/.*)",2013-01-05,"kohsuke kawaguchi",1,3,4
"1634","https://github.com/jenkinsci/jenkins.git","(?-mix:^core\/src\/main\/java\/hudson\/slaves\/.*)",2013-01-05,"kohsuke kawaguchi",1,5,4
"1635","https://github.com/jenkinsci/jenkins.git","(?-mix:^core\/src\/main\/java\/jenkins\/model\/.*)",2013-01-05,"kohsuke kawaguchi",3,38,4
"1636","https://github.com/jenkinsci/jenkins.git","(?-mix:^core\/src\/main\/java\/jenkins\/slaves\/.*)",2013-01-05,"kohsuke kawaguchi",2,28,4
"1637","https://github.com/jenkinsci/jenkins.git","(?-mix:^core\/src\/main\/java\/hudson\/tasks\/junit\/.*)",2013-01-05,"christoph kutzinski",1,35,4
"1638","https://github.com/jenkinsci/jenkins.git","(?-mix:^maven-plugin\/src\/main\/java\/hudson\/maven\/.*)",2013-01-05,"christoph kutzinski",8,78,4
"1639","https://github.com/jenkinsci/jenkins.git","(?-mix:^maven-plugin\/src\/main\/java\/hudson\/maven\/reporters\/.*)",2013-01-05,"christoph kutzinski",3,206,4
"1640","https://github.com/jenkinsci/jenkins.git","(?-mix:^core\/src\/main\/java\/jenkins\/util\/io\/.*)",2013-01-05,"kohsuke kawaguchi",2,122,4
"1641","https://github.com/jenkinsci/jenkins.git","(?-mix:^core\/src\/main\/java\/jenkins\/util\/xstream\/.*)",2013-01-05,"kohsuke kawaguchi",4,112,4
"1642","https://github.com/jenkinsci/jenkins.git","(?-mix:^core\/src\/main\/java\/hudson\/slaves\/.*)",2013-01-05,"jesse glick",2,57,4
"1643","https://github.com/jenkinsci/jenkins.git","(?-mix:^core\/src\/main\/java\/hudson\/util\/.*)",2013-01-05,"jesse glick",2,56,4
"1644","https://github.com/jenkinsci/jenkins.git","(?-mix:^core\/src\/main\/java\/hudson\/security\/.*)",2013-01-05,"jesse glick",2,26,4
"1645","https://github.com/jenkinsci/jenkins.git","(?-mix:^core\/src\/main\/java\/hudson\/model\/.*)",2013-01-05,"jesse glick",2,7,4
"1646","https://github.com/jenkinsci/jenkins.git","(?-mix:^core\/src\/main\/java\/jenkins\/model\/.*)",2013-01-05,"jesse glick",2,27,4
"1647","https://github.com/jenkinsci/jenkins.git","(?-mix:^core\/src\/main\/java\/hudson\/model\/.*)",2013-01-05,"christoph kutzinski",2,4,4
"1648","https://github.com/jenkinsci/jenkins.git","(?-mix:^core\/src\/main\/java\/jenkins\/mvn\/.*)",2013-01-05,"kohsuke kawaguchi",2,15,4
"1649","https://github.com/jenkinsci/jenkins.git","(?-mix:^core\/src\/main\/java\/hudson\/.*)",2013-01-05,"lars hvile",1,12,4
"1650","https://github.com/jenkinsci/jenkins.git","(?-mix:^core\/src\/main\/java\/jenkins\/model\/.*)",2013-01-05,"seiji sogabe",1,4,4
"1651","https://github.com/jenkinsci/jenkins.git","(?-mix:^core\/src\/main\/java\/hudson\/model\/.*)",2013-01-05,"seiji sogabe",1,8,4
"1652","https://github.com/jenkinsci/jenkins.git","(?-mix:^maven-plugin\/src\/main\/java\/hudson\/maven\/.*)",2013-01-05,"imod",8,103,4
"1653","https://github.com/jenkinsci/jenkins.git","(?-mix:^maven-plugin\/src\/main\/java\/hudson\/maven\/reporters\/.*)",2013-01-05,"imod",5,36,4
"1654","https://github.com/jenkinsci/jenkins.git","(?-mix:^core\/src\/main\/java\/hudson\/scm\/.*)",2013-01-05,"vjuranek",1,7,4
"1655","https://github.com/jenkinsci/jenkins.git","(?-mix:^core\/src\/main\/java\/hudson\/model\/.*)",2013-01-05,"nicolas de loof",1,6,4
"1656","https://github.com/jenkinsci/jenkins.git","(?-mix:^core\/src\/main\/java\/hudson\/cli\/.*)",2013-01-05,"kohsuke kawaguchi",2,152,4
"1657","https://github.com/jenkinsci/jenkins.git","(?-mix:^core\/src\/main\/java\/hudson\/tools\/.*)",2013-01-05,"kohsuke kawaguchi",1,2,4
"1658","https://github.com/jenkinsci/jenkins.git","(?-mix:^core\/src\/main\/java\/hudson\/tasks\/.*)",2013-01-05,"nicolas de loof",1,2,4
"1659","https://github.com/jenkinsci/jenkins.git","(?-mix:^core\/src\/main\/java\/hudson\/cli\/.*)",2013-01-05,"michael koch",1,16,4
"1660","https://github.com/jenkinsci/jenkins.git","(?-mix:^core\/src\/main\/java\/hudson\/.*)",2012-11-13,"michael koch",1,5,5
"1661","https://github.com/jenkinsci/jenkins.git","(?-mix:^core\/src\/main\/java\/hudson\/cli\/.*)",2012-11-13,"michael koch",1,89,5
"1662","https://github.com/jenkinsci/jenkins.git","(?-mix:^core\/src\/main\/java\/hudson\/model\/.*)",2012-11-13,"jukka lehtniemi",1,5,5
"1663","https://github.com/jenkinsci/jenkins.git","(?-mix:^core\/src\/main\/java\/jenkins\/model\/lazy\/.*)",2012-11-13,"jukka lehtniemi",1,6,5
"1664","https://github.com/jenkinsci/jenkins.git","(?-mix:^core\/src\/main\/java\/hudson\/model\/.*)",2012-11-13,"stephen connolly",1,2,5
"1665","https://github.com/jenkinsci/jenkins.git","(?-mix:^core\/src\/main\/java\/jenkins\/model\/.*)",2012-11-13,"kohsuke kawaguchi",7,211,5
"1666","https://github.com/jenkinsci/jenkins.git","(?-mix:^core\/src\/main\/java\/hudson\/cli\/.*)",2012-11-13,"kohsuke kawaguchi",1,53,5
"1667","https://github.com/jenkinsci/jenkins.git","(?-mix:^core\/src\/main\/java\/hudson\/logging\/.*)",2012-11-13,"kohsuke kawaguchi",1,4,5
"1668","https://github.com/jenkinsci/jenkins.git","(?-mix:^core\/src\/main\/java\/hudson\/model\/.*)",2012-11-13,"kohsuke kawaguchi",4,14,5
"1669","https://github.com/jenkinsci/jenkins.git","(?-mix:^core\/src\/main\/java\/hudson\/security\/.*)",2012-11-13,"kohsuke kawaguchi",4,36,5
"1670","https://github.com/jenkinsci/jenkins.git","(?-mix:^maven-plugin\/src\/main\/java\/hudson\/maven\/.*)",2012-11-13,"kohsuke kawaguchi",1,2,5
"1671","https://github.com/jenkinsci/jenkins.git","(?-mix:^core\/src\/main\/java\/hudson\/.*)",2012-11-13,"kohsuke kawaguchi",2,47,5
"1672","https://github.com/jenkinsci/jenkins.git","(?-mix:^core\/src\/main\/java\/hudson\/security\/csrf\/.*)",2012-11-13,"kohsuke kawaguchi",1,10,5
"1673","https://github.com/jenkinsci/jenkins.git","(?-mix:^core\/src\/main\/java\/hudson\/model\/.*)",2012-11-13,"andrew j. erickson",1,15,5
"1674","https://github.com/jenkinsci/jenkins.git","(?-mix:^core\/src\/main\/java\/hudson\/util\/.*)",2012-11-13,"alex earl",1,1,5
"1675","https://github.com/jenkinsci/jenkins.git","(?-mix:^core\/src\/main\/java\/hudson\/model\/.*)",2012-10-07,"kohsuke kawaguchi",8,123,6
"1676","https://github.com/jenkinsci/jenkins.git","(?-mix:^core\/src\/main\/java\/hudson\/security\/.*)",2012-10-07,"jesse glick",1,24,6
"1677","https://github.com/jenkinsci/jenkins.git","(?-mix:^core\/src\/main\/java\/jenkins\/model\/.*)",2012-10-07,"jesse glick",4,9,6
"1678","https://github.com/jenkinsci/jenkins.git","(?-mix:^core\/src\/main\/java\/hudson\/util\/.*)",2012-10-07,"vincent latombe",1,2,6
"1679","https://github.com/jenkinsci/jenkins.git","(?-mix:^maven-plugin\/src\/main\/java\/hudson\/maven\/.*)",2012-10-07,"kohsuke kawaguchi",4,28,6
"1680","https://github.com/jenkinsci/jenkins.git","(?-mix:^core\/src\/main\/java\/hudson\/cli\/handlers\/.*)",2012-10-07,"jesse glick",1,2,6
"1681","https://github.com/jenkinsci/jenkins.git","(?-mix:^core\/src\/main\/java\/hudson\/model\/.*)",2012-10-07,"jesse glick",10,147,6
"1682","https://github.com/jenkinsci/jenkins.git","(?-mix:^core\/src\/main\/java\/hudson\/slaves\/.*)",2012-10-07,"jesse glick",2,5,6
"1683","https://github.com/jenkinsci/jenkins.git","(?-mix:^core\/src\/main\/java\/hudson\/tasks\/.*)",2012-10-07,"jesse glick",1,11,6
"1684","https://github.com/jenkinsci/jenkins.git","(?-mix:^core\/src\/main\/java\/hudson\/security\/csrf\/.*)",2012-10-07,"imod",1,4,6
"1685","https://github.com/jenkinsci/jenkins.git","(?-mix:^core\/src\/main\/java\/hudson\/.*)",2012-10-07,"imod",5,86,6
"1686","https://github.com/jenkinsci/jenkins.git","(?-mix:^core\/src\/main\/java\/hudson\/security\/.*)",2012-10-07,"imod",5,101,6
"1687","https://github.com/jenkinsci/jenkins.git","(?-mix:^maven-plugin\/src\/main\/java\/hudson\/maven\/reporters\/.*)",2012-10-07,"vjuranek",3,19,6
"1688","https://github.com/jenkinsci/jenkins.git","(?-mix:^maven-plugin\/src\/main\/java\/hudson\/maven\/.*)",2012-10-07,"vincent latombe",2,17,6
"1689","https://github.com/jenkinsci/jenkins.git","(?-mix:^core\/src\/main\/java\/hudson\/model\/.*)",2012-10-07,"kristian rosenvold",1,25,6
"1690","https://github.com/jenkinsci/jenkins.git","(?-mix:^core\/src\/main\/java\/hudson\/tasks\/.*)",2012-10-07,"seiji sogabe",1,2,6
"1691","https://github.com/jenkinsci/jenkins.git","(?-mix:^core\/src\/main\/java\/hudson\/cli\/.*)",2012-10-07,"nicolas de loof",1,26,6
"1692","https://github.com/jenkinsci/jenkins.git","(?-mix:^core\/src\/main\/java\/hudson\/cli\/.*)",2012-10-07,"ryan campbell",1,2,6
"1693","https://github.com/jenkinsci/jenkins.git","(?-mix:^core\/src\/main\/java\/hudson\/cli\/.*)",2012-10-07,"kohsuke kawaguchi",1,9,6
"1694","https://github.com/jenkinsci/jenkins.git","(?-mix:^core\/src\/main\/java\/hudson\/triggers\/.*)",2012-10-07,"christoph kutzinski",1,21,6
"1695","https://github.com/jenkinsci/jenkins.git","(?-mix:^core\/src\/main\/java\/hudson\/model\/.*)",2012-10-07,"seiji sogabe",1,9,6
"1696","https://github.com/jenkinsci/jenkins.git","(?-mix:^core\/src\/main\/java\/hudson\/.*)",2012-10-07,"kohsuke kawaguchi",3,32,6
"1697","https://github.com/jenkinsci/jenkins.git","(?-mix:^maven-plugin\/src\/main\/java\/hudson\/maven\/reporters\/.*)",2012-10-07,"vincent latombe",2,55,6
"1698","https://github.com/jenkinsci/jenkins.git","(?-mix:^core\/src\/main\/java\/hudson\/node_monitors\/.*)",2012-10-07,"kohsuke kawaguchi",2,17,6
"1699","https://github.com/jenkinsci/jenkins.git","(?-mix:^core\/src\/main\/java\/hudson\/node_monitors\/.*)",2012-10-07,"jesse glick",2,17,6
"1700","https://github.com/jenkinsci/jenkins.git","(?-mix:^core\/src\/main\/java\/hudson\/security\/.*)",2012-10-07,"kohsuke kawaguchi",1,4,6
"1701","https://github.com/jenkinsci/jenkins.git","(?-mix:^core\/src\/main\/java\/hudson\/tasks\/.*)",2012-10-07,"kohsuke kawaguchi",2,12,6
"1702","https://github.com/jenkinsci/jenkins.git","(?-mix:^core\/src\/main\/java\/hudson\/.*)",2012-10-07,"richard mortimer",1,4,6
"1703","https://github.com/jenkinsci/jenkins.git","(?-mix:^core\/src\/main\/java\/hudson\/util\/.*)",2012-10-07,"richard mortimer",1,30,6
"1704","https://github.com/jenkinsci/jenkins.git","(?-mix:^core\/src\/main\/java\/hudson\/lifecycle\/.*)",2012-10-07,"kohsuke kawaguchi",1,53,6
"1705","https://github.com/jenkinsci/jenkins.git","(?-mix:^core\/src\/main\/java\/hudson\/os\/windows\/.*)",2012-10-07,"kohsuke kawaguchi",1,20,6
"1706","https://github.com/jenkinsci/jenkins.git","(?-mix:^core\/src\/main\/java\/hudson\/slaves\/.*)",2012-10-07,"kohsuke kawaguchi",2,4,6
"1707","https://github.com/jenkinsci/jenkins.git","(?-mix:^core\/src\/main\/java\/hudson\/os\/.*)",2012-10-07,"kohsuke kawaguchi",1,2,6
"1708","https://github.com/jenkinsci/jenkins.git","(?-mix:^core\/src\/main\/java\/hudson\/.*)",2012-10-07,"jesse glick",4,39,6
"1709","https://github.com/jenkinsci/jenkins.git","(?-mix:^core\/src\/main\/java\/hudson\/model\/.*)",2012-10-07,"vjuranek",1,3,6
"1710","https://github.com/jenkinsci/jenkins.git","(?-mix:^core\/src\/main\/java\/hudson\/model\/.*)",2012-10-07,"lvotypko",1,3,6
"1711","https://github.com/jenkinsci/jenkins.git","(?-mix:^core\/src\/main\/java\/hudson\/tasks\/junit\/.*)",2012-10-07,"jesse glick",4,44,6
"1712","https://github.com/jenkinsci/jenkins.git","(?-mix:^core\/src\/main\/java\/hudson\/cli\/.*)",2012-10-07,"michael koch",4,92,6
"1713","https://github.com/jenkinsci/jenkins.git","(?-mix:^maven-plugin\/src\/main\/java\/hudson\/maven\/.*)",2012-10-07,"jesse glick",1,4,6
"1714","https://github.com/jenkinsci/jenkins.git","(?-mix:^core\/src\/main\/java\/hudson\/.*)",2012-10-07,"cjo9900",1,4,6
"1715","https://github.com/jenkinsci/jenkins.git","(?-mix:^core\/src\/main\/java\/hudson\/tasks\/.*)",2012-10-07,"imod",5,44,6
"1716","https://github.com/jenkinsci/jenkins.git","(?-mix:^core\/src\/main\/java\/jenkins\/management\/.*)",2012-10-07,"kannan manickam",2,8,6
"1717","https://github.com/jenkinsci/jenkins.git","(?-mix:^core\/src\/main\/java\/jenkins\/mvn\/.*)",2012-10-07,"imod",30,111,6
"1718","https://github.com/jenkinsci/jenkins.git","(?-mix:^maven-plugin\/src\/main\/java\/hudson\/maven\/.*)",2012-10-07,"imod",17,172,6
"1719","https://github.com/jenkinsci/jenkins.git","(?-mix:^maven-plugin\/src\/main\/java\/hudson\/maven\/.*)",2012-10-07,"alexkoon",1,17,6
"1720","https://github.com/jenkinsci/jenkins.git","(?-mix:^core\/src\/main\/java\/hudson\/tasks\/.*)",2012-09-27,"imod",1,51,7
"1721","https://github.com/jenkinsci/jenkins.git","(?-mix:^core\/src\/main\/java\/jenkins\/mvn\/.*)",2012-09-27,"imod",27,487,7
"1722","https://github.com/jenkinsci/jenkins.git","(?-mix:^maven-plugin\/src\/main\/java\/hudson\/maven\/.*)",2012-09-27,"imod",18,302,7
"1723","https://github.com/jenkinsci/jenkins.git","(?-mix:^core\/src\/main\/java\/hudson\/.*)",2012-09-27,"imod",3,81,7
"1724","https://github.com/jenkinsci/jenkins.git","(?-mix:^core\/src\/main\/java\/jenkins\/mvn\/.*)",2012-09-27,"nicolas de loof",8,179,7
"1725","https://github.com/jenkinsci/jenkins.git","(?-mix:^maven-plugin\/src\/main\/java\/hudson\/maven\/.*)",2012-09-27,"nicolas de loof",4,87,7
"1726","https://github.com/jenkinsci/jenkins.git","(?-mix:^core\/src\/main\/java\/hudson\/.*)",2012-09-27,"kohsuke kawaguchi",6,81,7
"1727","https://github.com/jenkinsci/jenkins.git","(?-mix:^core\/src\/main\/java\/hudson\/model\/.*)",2012-09-27,"jesse glick",8,47,7
"1728","https://github.com/jenkinsci/jenkins.git","(?-mix:^core\/src\/main\/java\/hudson\/model\/.*)",2012-09-27,"kohsuke kawaguchi",17,320,7
"1729","https://github.com/jenkinsci/jenkins.git","(?-mix:^core\/src\/main\/java\/jenkins\/util\/.*)",2012-09-27,"kohsuke kawaguchi",3,86,7
"1730","https://github.com/jenkinsci/jenkins.git","(?-mix:^core\/src\/main\/java\/hudson\/slaves\/.*)",2012-09-27,"kohsuke kawaguchi",3,46,7
"1731","https://github.com/jenkinsci/jenkins.git","(?-mix:^core\/src\/main\/java\/hudson\/model\/.*)",2012-09-27,"unknown",1,5,7
"1732","https://github.com/jenkinsci/jenkins.git","(?-mix:^core\/src\/main\/java\/hudson\/model\/.*)",2012-09-27,"ryan campbell",2,4,7
"1733","https://github.com/jenkinsci/jenkins.git","(?-mix:^core\/src\/main\/java\/hudson\/util\/jna\/.*)",2012-09-27,"erik lindblad",1,17,7
"1734","https://github.com/jenkinsci/jenkins.git","(?-mix:^maven-plugin\/src\/main\/java\/hudson\/maven\/reporters\/.*)",2012-09-27,"vincent latombe",2,11,7
"1735","https://github.com/jenkinsci/jenkins.git","(?-mix:^core\/src\/main\/java\/hudson\/tasks\/.*)",2012-09-27,"kohsuke kawaguchi",1,13,7
"1736","https://github.com/jenkinsci/jenkins.git","(?-mix:^core\/src\/main\/java\/jenkins\/model\/.*)",2012-09-27,"jesse glick",2,5,7
"1737","https://github.com/jenkinsci/jenkins.git","(?-mix:^core\/src\/main\/java\/hudson\/tasks\/.*)",2012-09-27,"wade carpenter",1,6,7
"1738","https://github.com/jenkinsci/jenkins.git","(?-mix:^core\/src\/main\/java\/hudson\/model\/.*)",2012-09-27,"nicolas de loof",2,10,7
"1739","https://github.com/jenkinsci/jenkins.git","(?-mix:^core\/src\/main\/java\/hudson\/.*)",2012-09-27,"jesse glick",3,8,7
"1740","https://github.com/jenkinsci/jenkins.git","(?-mix:^core\/src\/main\/java\/hudson\/lifecycle\/.*)",2012-09-27,"jesse glick",1,2,7
"1741","https://github.com/jenkinsci/jenkins.git","(?-mix:^core\/src\/main\/java\/hudson\/security\/.*)",2012-09-27,"jesse glick",1,2,7
"1742","https://github.com/jenkinsci/jenkins.git","(?-mix:^core\/src\/main\/java\/hudson\/tasks\/junit\/.*)",2012-09-27,"jesse glick",2,3,7
"1743","https://github.com/jenkinsci/jenkins.git","(?-mix:^core\/src\/main\/java\/hudson\/util\/.*)",2012-09-27,"jesse glick",1,4,7
"1744","https://github.com/jenkinsci/jenkins.git","(?-mix:^core\/src\/main\/java\/jenkins\/.*)",2012-09-27,"jesse glick",1,1,7
"1745","https://github.com/jenkinsci/jenkins.git","(?-mix:^core\/src\/main\/java\/hudson\/model\/.*)",2012-09-27,"lvotypko",2,30,7
"1746","https://github.com/jenkinsci/jenkins.git","(?-mix:^core\/src\/main\/java\/jenkins\/management\/.*)",2012-09-27,"nicolas de loof",23,586,7
"1747","https://github.com/jenkinsci/jenkins.git","(?-mix:^core\/src\/main\/java\/jenkins\/model\/.*)",2012-09-27,"nicolas de loof",1,2,7
"1748","https://github.com/jenkinsci/jenkins.git","(?-mix:^core\/src\/main\/java\/hudson\/console\/.*)",2012-09-27,"martin schroeder",1,2,7
"1749","https://github.com/jenkinsci/jenkins.git","(?-mix:^core\/src\/main\/java\/hudson\/model\/.*)",2012-09-27,"martin schroeder",1,2,7
"1750","https://github.com/jenkinsci/jenkins.git","(?-mix:^core\/src\/main\/java\/hudson\/console\/.*)",2012-08-29,"martin schroeder",1,2,8
"1751","https://github.com/jenkinsci/jenkins.git","(?-mix:^core\/src\/main\/java\/hudson\/model\/.*)",2012-08-29,"martin schroeder",1,25,8
"1752","https://github.com/jenkinsci/jenkins.git","(?-mix:^core\/src\/main\/java\/hudson\/model\/.*)",2012-08-29,"kohsuke kawaguchi",41,874,8
"1753","https://github.com/jenkinsci/jenkins.git","(?-mix:^core\/src\/main\/java\/hudson\/util\/jna\/.*)",2012-08-29,"kohsuke kawaguchi",4,56,8
"1754","https://github.com/jenkinsci/jenkins.git","(?-mix:^core\/src\/main\/java\/hudson\/util\/.*)",2012-08-29,"kohsuke kawaguchi",12,353,8
"1755","https://github.com/jenkinsci/jenkins.git","(?-mix:^core\/src\/main\/java\/jenkins\/model\/lazy\/.*)",2012-08-29,"kohsuke kawaguchi",80,2151,8
"1756","https://github.com/jenkinsci/jenkins.git","(?-mix:^core\/src\/main\/java\/jenkins\/model\/lazy\/.*)",2012-08-29,"richard mortimer",3,8,8
"1757","https://github.com/jenkinsci/jenkins.git","(?-mix:^core\/src\/main\/java\/jenkins\/util\/xstream\/.*)",2012-08-29,"kohsuke kawaguchi",1,9,8
"1758","https://github.com/jenkinsci/jenkins.git","(?-mix:^core\/src\/main\/java\/hudson\/util\/.*)",2012-08-29,"jesse glick",11,179,8
"1759","https://github.com/jenkinsci/jenkins.git","(?-mix:^core\/src\/main\/java\/hudson\/diagnosis\/.*)",2012-08-29,"kohsuke kawaguchi",1,23,8
"1760","https://github.com/jenkinsci/jenkins.git","(?-mix:^core\/src\/main\/java\/hudson\/.*)",2012-08-29,"kohsuke kawaguchi",6,139,8
"1761","https://github.com/jenkinsci/jenkins.git","(?-mix:^core\/src\/main\/java\/jenkins\/model\/lazy\/.*)",2012-08-29,"jesse glick",3,19,8
"1762","https://github.com/jenkinsci/jenkins.git","(?-mix:^core\/src\/main\/java\/jenkins\/.*)",2012-08-29,"jesse glick",1,2,8
"1763","https://github.com/jenkinsci/jenkins.git","(?-mix:^core\/src\/main\/java\/hudson\/model\/.*)",2012-08-29,"jesse glick",27,470,8
"1764","https://github.com/jenkinsci/jenkins.git","(?-mix:^core\/src\/main\/java\/hudson\/tasks\/junit\/.*)",2012-08-29,"jesse glick",2,35,8
"1765","https://github.com/jenkinsci/jenkins.git","(?-mix:^core\/src\/main\/java\/hudson\/model\/labels\/.*)",2012-08-29,"jesse glick",1,5,8
"1766","https://github.com/jenkinsci/jenkins.git","(?-mix:^core\/src\/main\/java\/jenkins\/model\/.*)",2012-08-29,"jesse glick",7,80,8
"1767","https://github.com/jenkinsci/jenkins.git","(?-mix:^core\/src\/main\/java\/hudson\/tasks\/.*)",2012-08-29,"michael pailloncy",2,16,8
"1768","https://github.com/jenkinsci/jenkins.git","(?-mix:^core\/src\/main\/java\/jenkins\/.*)",2012-08-29,"kohsuke kawaguchi",2,3,8
"1769","https://github.com/jenkinsci/jenkins.git","(?-mix:^cli\/src\/main\/java\/hudson\/cli\/.*)",2012-08-29,"kohsuke kawaguchi",1,2,8
"1770","https://github.com/jenkinsci/jenkins.git","(?-mix:^core\/src\/main\/java\/hudson\/util\/io\/.*)",2012-08-29,"erik molekamp",1,4,8
"1771","https://github.com/jenkinsci/jenkins.git","(?-mix:^core\/src\/main\/java\/hudson\/security\/.*)",2012-08-29,"olivier lamy",1,2,8
"1772","https://github.com/jenkinsci/jenkins.git","(?-mix:^core\/src\/main\/java\/hudson\/security\/.*)",2012-08-29,"joel johnson",1,4,8
"1773","https://github.com/jenkinsci/jenkins.git","(?-mix:^core\/src\/main\/java\/hudson\/slaves\/.*)",2012-08-29,"lvotypko",1,2,8
"1774","https://github.com/jenkinsci/jenkins.git","(?-mix:^core\/src\/main\/java\/hudson\/tasks\/.*)",2012-08-29,"kohsuke kawaguchi",4,39,8
"1775","https://github.com/jenkinsci/jenkins.git","(?-mix:^core\/src\/main\/java\/hudson\/matrix\/.*)",2012-08-29,"jesse glick",1,2,8
"1776","https://github.com/jenkinsci/jenkins.git","(?-mix:^core\/src\/main\/java\/jenkins\/util\/.*)",2012-08-29,"kohsuke kawaguchi",2,145,8
"1777","https://github.com/jenkinsci/jenkins.git","(?-mix:^core\/src\/main\/java\/hudson\/.*)",2012-08-29,"jesse glick",16,374,8
"1778","https://github.com/jenkinsci/jenkins.git","(?-mix:^core\/src\/main\/java\/hudson\/node_monitors\/.*)",2012-08-29,"jesse glick",1,6,8
"1779","https://github.com/jenkinsci/jenkins.git","(?-mix:^core\/src\/main\/java\/hudson\/triggers\/.*)",2012-08-29,"jesse glick",2,22,8
"1780","https://github.com/jenkinsci/jenkins.git","(?-mix:^core\/src\/main\/java\/hudson\/logging\/.*)",2012-08-29,"jesse glick",1,6,8
"1781","https://github.com/jenkinsci/jenkins.git","(?-mix:^core\/src\/main\/java\/jenkins\/util\/.*)",2012-08-29,"jesse glick",4,199,8
"1782","https://github.com/jenkinsci/jenkins.git","(?-mix:^core\/src\/main\/java\/hudson\/model\/.*)",2012-08-29,"andrew j. erickson",4,40,8
"1783","https://github.com/jenkinsci/jenkins.git","(?-mix:^core\/src\/main\/java\/hudson\/cli\/.*)",2012-08-29,"jesse glick",1,2,8
"1784","https://github.com/jenkinsci/jenkins.git","(?-mix:^core\/src\/main\/java\/hudson\/tools\/.*)",2012-08-29,"jesse glick",2,28,8
"1785","https://github.com/jenkinsci/jenkins.git","(?-mix:^maven-plugin\/src\/main\/java\/hudson\/maven\/.*)",2012-08-29,"kohsuke kawaguchi",5,321,8
"1786","https://github.com/jenkinsci/jenkins.git","(?-mix:^core\/src\/main\/java\/hudson\/console\/.*)",2012-08-29,"jesse glick",1,5,8
"1787","https://github.com/jenkinsci/jenkins.git","(?-mix:^core\/src\/main\/java\/hudson\/tasks\/.*)",2012-08-29,"jesse glick",1,5,8
"1788","https://github.com/jenkinsci/jenkins.git","(?-mix:^core\/src\/main\/java\/hudson\/.*)",2012-08-29,"wolfgarnet",1,11,8
"1789","https://github.com/jenkinsci/jenkins.git","(?-mix:^core\/src\/main\/java\/hudson\/.*)",2012-08-29,"nicolas de loof",10,96,8
"1790","https://github.com/jenkinsci/jenkins.git","(?-mix:^maven-plugin\/src\/main\/java\/hudson\/maven\/.*)",2012-08-29,"nicolas de loof",1,18,8
"1791","https://github.com/jenkinsci/jenkins.git","(?-mix:^core\/src\/main\/java\/hudson\/.*)",2012-08-29,"christoph kutzinski",1,2,8
"1792","https://github.com/jenkinsci/jenkins.git","(?-mix:^core\/src\/main\/java\/hudson\/search\/.*)",2012-08-29,"kohsuke kawaguchi",1,1,8
"1793","https://github.com/jenkinsci/jenkins.git","(?-mix:^core\/src\/main\/java\/hudson\/tasks\/junit\/.*)",2012-08-29,"kohsuke kawaguchi",1,8,8
"1794","https://github.com/jenkinsci/jenkins.git","(?-mix:^core\/src\/main\/java\/hudson\/model\/listeners\/.*)",2012-08-29,"kohsuke kawaguchi",1,24,8
"1795","https://github.com/jenkinsci/jenkins.git","(?-mix:^core\/src\/main\/java\/hudson\/model\/.*)",2012-08-29,"imod",1,10,8
"1796","https://github.com/jenkinsci/jenkins.git","(?-mix:^core\/src\/main\/java\/hudson\/cli\/.*)",2012-08-29,"kohsuke kawaguchi",3,32,8
"1797","https://github.com/jenkinsci/jenkins.git","(?-mix:^core\/src\/main\/java\/hudson\/matrix\/.*)",2012-08-29,"kohsuke kawaguchi",4,85,8
"1798","https://github.com/jenkinsci/jenkins.git","(?-mix:^core\/src\/main\/java\/hudson\/matrix\/.*)",2012-08-29,"vjuranek",2,19,8
"1799","https://github.com/jenkinsci/jenkins.git","(?-mix:^core\/src\/main\/java\/jenkins\/util\/xstream\/.*)",2012-08-29,"christoph kutzinski",1,2,8
"1800","https://github.com/jenkinsci/jenkins.git","(?-mix:^core\/src\/main\/java\/hudson\/util\/io\/.*)",2012-08-29,"jesse glick",1,9,8
"1801","https://github.com/jenkinsci/jenkins.git","(?-mix:^core\/src\/main\/java\/hudson\/cli\/.*)",2012-08-29,"nicolas de loof",3,27,8
"1802","https://github.com/jenkinsci/jenkins.git","(?-mix:^core\/src\/main\/java\/jenkins\/model\/.*)",2012-08-29,"nicolas de loof",8,205,8
"1803","https://github.com/jenkinsci/jenkins.git","(?-mix:^core\/src\/main\/java\/hudson\/init\/.*)",2012-08-29,"jesse glick",1,24,8
"1804","https://github.com/jenkinsci/jenkins.git","(?-mix:^core\/src\/main\/java\/hudson\/model\/.*)",2012-08-29,"nicolas de loof",9,155,8
"1805","https://github.com/jenkinsci/jenkins.git","(?-mix:^core\/src\/main\/java\/hudson\/model\/.*)",2012-08-29,"seiji sogabe",1,2,8
"1806","https://github.com/jenkinsci/jenkins.git","(?-mix:^core\/src\/main\/java\/hudson\/search\/.*)",2012-08-29,"seiji sogabe",1,2,8
"1807","https://github.com/jenkinsci/jenkins.git","(?-mix:^core\/src\/main\/java\/hudson\/security\/.*)",2012-08-29,"ohtake tomohiro",1,5,8
"1808","https://github.com/jenkinsci/jenkins.git","(?-mix:^core\/src\/main\/java\/hudson\/slaves\/.*)",2012-08-29,"jesse glick",2,25,8
"1809","https://github.com/jenkinsci/jenkins.git","(?-mix:^core\/src\/main\/java\/hudson\/os\/windows\/.*)",2012-08-29,"nicolas de loof",1,16,8
"1810","https://github.com/jenkinsci/jenkins.git","(?-mix:^core\/src\/main\/java\/hudson\/slaves\/.*)",2012-08-29,"nicolas de loof",1,48,8
"1811","https://github.com/jenkinsci/jenkins.git","(?-mix:^core\/src\/main\/java\/hudson\/cli\/.*)",2012-08-29,"c3johnso",1,9,8
"1812","https://github.com/jenkinsci/jenkins.git","(?-mix:^core\/src\/main\/java\/hudson\/cli\/.*)",2012-08-29,"esa laine",1,26,8
"1813","https://github.com/jenkinsci/jenkins.git","(?-mix:^core\/src\/main\/java\/hudson\/model\/.*)",2012-08-29,"stephen connolly",1,44,8
"1814","https://github.com/jenkinsci/jenkins.git","(?-mix:^maven-plugin\/src\/main\/java\/hudson\/maven\/.*)",2012-08-29,"alexkoon",2,155,8
"1815","https://github.com/jenkinsci/jenkins.git","(?-mix:^core\/src\/main\/java\/hudson\/security\/.*)",2012-08-29,"jesse glick",4,5,8
"1816","https://github.com/jenkinsci/jenkins.git","(?-mix:^core\/src\/main\/java\/hudson\/node_monitors\/.*)",2012-08-29,"kohsuke kawaguchi",2,48,8
"1817","https://github.com/jenkinsci/jenkins.git","(?-mix:^core\/src\/main\/java\/hudson\/matrix\/.*)",2012-08-29,"andrew bayer",1,1,8
"1818","https://github.com/jenkinsci/jenkins.git","(?-mix:^core\/src\/main\/java\/hudson\/cli\/.*)",2012-08-29,"seiji sogabe",1,6,8
"1819","https://github.com/jenkinsci/jenkins.git","(?-mix:^maven-plugin\/src\/main\/java\/hudson\/maven\/.*)",2012-08-03,"nicolas de loof",1,2,9
"1820","https://github.com/jenkinsci/jenkins.git","(?-mix:^core\/src\/main\/java\/hudson\/os\/windows\/.*)",2012-08-03,"nicolas de loof",2,82,9
"1821","https://github.com/jenkinsci/jenkins.git","(?-mix:^core\/src\/main\/java\/hudson\/model\/.*)",2012-08-03,"vincent latombe",2,103,9
"1822","https://github.com/jenkinsci/jenkins.git","(?-mix:^core\/src\/main\/java\/jenkins\/.*)",2012-08-03,"jesse glick",1,7,9
"1823","https://github.com/jenkinsci/jenkins.git","(?-mix:^core\/src\/main\/java\/hudson\/cli\/.*)",2012-08-03,"kohsuke kawaguchi",1,10,9
"1824","https://github.com/jenkinsci/jenkins.git","(?-mix:^core\/src\/main\/java\/hudson\/model\/.*)",2012-08-03,"kohsuke kawaguchi",3,28,9
"1825","https://github.com/jenkinsci/jenkins.git","(?-mix:^core\/src\/main\/java\/jenkins\/model\/.*)",2012-08-03,"kohsuke kawaguchi",2,15,9
"1826","https://github.com/jenkinsci/jenkins.git","(?-mix:^core\/src\/main\/java\/hudson\/model\/.*)",2012-08-03,"rafa de la torre",2,58,9
"1827","https://github.com/jenkinsci/jenkins.git","(?-mix:^core\/src\/main\/java\/hudson\/model\/.*)",2012-07-26,"kohsuke kawaguchi",25,349,10
"1828","https://github.com/jenkinsci/jenkins.git","(?-mix:^core\/src\/main\/java\/hudson\/model\/.*)",2012-07-26,"andrew bayer",2,18,10
"1829","https://github.com/jenkinsci/jenkins.git","(?-mix:^core\/src\/main\/java\/jenkins\/model\/.*)",2012-07-26,"andrew bayer",1,1,10
"1830","https://github.com/jenkinsci/jenkins.git","(?-mix:^core\/src\/main\/java\/hudson\/model\/.*)",2012-07-26,"vjuranek",2,8,10
"1831","https://github.com/jenkinsci/jenkins.git","(?-mix:^core\/src\/main\/java\/hudson\/matrix\/.*)",2012-07-26,"thorsten möllers",1,9,10
"1832","https://github.com/jenkinsci/jenkins.git","(?-mix:^core\/src\/main\/java\/hudson\/security\/.*)",2012-07-26,"jesse glick",1,2,10
"1833","https://github.com/jenkinsci/jenkins.git","(?-mix:^core\/src\/main\/java\/hudson\/model\/.*)",2012-07-26,"vincentkok",1,1,10
"1834","https://github.com/jenkinsci/jenkins.git","(?-mix:^core\/src\/main\/java\/hudson\/matrix\/.*)",2012-07-26,"emanuele zattin",4,71,10
"1835","https://github.com/jenkinsci/jenkins.git","(?-mix:^core\/src\/main\/java\/hudson\/search\/.*)",2012-07-26,"nicolas de loof",2,31,10
"1836","https://github.com/jenkinsci/jenkins.git","(?-mix:^core\/src\/main\/java\/hudson\/cli\/.*)",2012-07-26,"jesse glick",1,8,10
"1837","https://github.com/jenkinsci/jenkins.git","(?-mix:^core\/src\/main\/java\/hudson\/.*)",2012-07-26,"andrew stucki",1,5,10
"1838","https://github.com/jenkinsci/jenkins.git","(?-mix:^core\/src\/main\/java\/hudson\/util\/jna\/.*)",2012-07-26,"andrew stucki",2,15,10
"1839","https://github.com/jenkinsci/jenkins.git","(?-mix:^core\/src\/main\/java\/hudson\/model\/.*)",2012-07-26,"jesse glick",9,69,10
"1840","https://github.com/jenkinsci/jenkins.git","(?-mix:^core\/src\/main\/java\/hudson\/.*)",2012-07-26,"jesse glick",4,58,10
"1841","https://github.com/jenkinsci/jenkins.git","(?-mix:^core\/src\/main\/java\/jenkins\/model\/.*)",2012-07-26,"jesse glick",5,85,10
"1842","https://github.com/jenkinsci/jenkins.git","(?-mix:^core\/src\/main\/java\/hudson\/matrix\/.*)",2012-07-26,"kohsuke kawaguchi",11,257,10
"1843","https://github.com/jenkinsci/jenkins.git","(?-mix:^core\/src\/main\/java\/hudson\/.*)",2012-07-26,"kohsuke kawaguchi",10,92,10
"1844","https://github.com/jenkinsci/jenkins.git","(?-mix:^core\/src\/main\/java\/jenkins\/model\/.*)",2012-07-26,"kohsuke kawaguchi",6,105,10
"1845","https://github.com/jenkinsci/jenkins.git","(?-mix:^core\/src\/main\/java\/hudson\/console\/.*)",2012-07-26,"kohsuke kawaguchi",1,3,10
"1846","https://github.com/jenkinsci/jenkins.git","(?-mix:^core\/src\/main\/java\/jenkins\/util\/io\/.*)",2012-07-26,"kohsuke kawaguchi",1,19,10
"1847","https://github.com/jenkinsci/jenkins.git","(?-mix:^core\/src\/main\/java\/hudson\/model\/.*)",2012-07-26,"stephen connolly",3,154,10
"1848","https://github.com/jenkinsci/jenkins.git","(?-mix:^core\/src\/main\/java\/hudson\/tasks\/junit\/.*)",2012-07-26,"jesse glick",1,7,10
"1849","https://github.com/jenkinsci/jenkins.git","(?-mix:^core\/src\/main\/java\/hudson\/cli\/.*)",2012-07-26,"kyle allan",2,9,10
"1850","https://github.com/jenkinsci/jenkins.git","(?-mix:^core\/src\/main\/java\/hudson\/tools\/.*)",2012-07-26,"jesse glick",1,9,10
"1851","https://github.com/jenkinsci/jenkins.git","(?-mix:^maven-plugin\/src\/main\/java\/hudson\/maven\/reporters\/.*)",2012-07-26,"nicolas de loof",1,8,10
"1852","https://github.com/jenkinsci/jenkins.git","(?-mix:^core\/src\/main\/java\/hudson\/model\/.*)",2012-07-26,"nicolas de loof",2,110,10
"1853","https://github.com/jenkinsci/jenkins.git","(?-mix:^core\/src\/main\/java\/hudson\/matrix\/.*)",2012-07-26,"jesse glick",2,12,10
"1854","https://github.com/jenkinsci/jenkins.git","(?-mix:^maven-plugin\/src\/main\/java\/hudson\/maven\/.*)",2012-07-26,"jesse glick",2,10,10
"1855","https://github.com/jenkinsci/jenkins.git","(?-mix:^core\/src\/main\/java\/hudson\/node_monitors\/.*)",2012-07-26,"vjuranek",3,33,10
"1856","https://github.com/jenkinsci/jenkins.git","(?-mix:^core\/src\/main\/java\/hudson\/matrix\/.*)",2012-07-26,"lvotypko",3,18,10
"1857","https://github.com/jenkinsci/jenkins.git","(?-mix:^core\/src\/main\/java\/hudson\/model\/listeners\/.*)",2012-07-26,"kohsuke kawaguchi",1,58,10
"1858","https://github.com/jenkinsci/jenkins.git","(?-mix:^core\/src\/main\/java\/hudson\/util\/.*)",2012-07-26,"kohsuke kawaguchi",1,19,10
"1859","https://github.com/jenkinsci/jenkins.git","(?-mix:^core\/src\/main\/java\/jenkins\/util\/.*)",2012-07-26,"kohsuke kawaguchi",5,414,10
"1860","https://github.com/jenkinsci/jenkins.git","(?-mix:^core\/src\/main\/java\/jenkins\/util\/xstream\/.*)",2012-07-26,"kohsuke kawaguchi",4,460,10
"1861","https://github.com/jenkinsci/jenkins.git","(?-mix:^core\/src\/main\/java\/hudson\/tasks\/.*)",2012-07-26,"nicolas de loof",1,2,10
"1862","https://github.com/jenkinsci/jenkins.git","(?-mix:^core\/src\/main\/java\/hudson\/model\/.*)",2012-07-26,"wolfgarnet",1,13,10
"1863","https://github.com/jenkinsci/jenkins.git","(?-mix:^core\/src\/main\/java\/hudson\/model\/listeners\/.*)",2012-07-26,"wolfgarnet",1,56,10
"1864","https://github.com/jenkinsci/jenkins.git","(?-mix:^maven-plugin\/src\/main\/java\/hudson\/maven\/.*)",2012-07-26,"christoph kutzinski",1,14,10
"1865","https://github.com/jenkinsci/jenkins.git","(?-mix:^core\/src\/main\/java\/hudson\/cli\/.*)",2012-07-26,"kohsuke kawaguchi",1,3,10
"1866","https://github.com/jenkinsci/jenkins.git","(?-mix:^core\/src\/main\/java\/hudson\/search\/.*)",2012-07-26,"kohsuke kawaguchi",4,15,10
"1867","https://github.com/jenkinsci/jenkins.git","(?-mix:^core\/src\/main\/java\/hudson\/security\/.*)",2012-07-26,"nicolas de loof",2,94,10
"1868","https://github.com/jenkinsci/jenkins.git","(?-mix:^core\/src\/main\/java\/jenkins\/.*)",2012-07-26,"kohsuke kawaguchi",2,109,10
"1869","https://github.com/jenkinsci/jenkins.git","(?-mix:^core\/src\/main\/java\/hudson\/model\/.*)",2012-07-26,"ryan campbell",1,2,10
"1870","https://github.com/jenkinsci/jenkins.git","(?-mix:^core\/src\/main\/java\/jenkins\/model\/.*)",2012-07-26,"vjuranek",1,6,10
"1871","https://github.com/jenkinsci/jenkins.git","(?-mix:^core\/src\/main\/java\/hudson\/.*)",2012-07-26,"lvotypko",2,4,10
"1872","https://github.com/jenkinsci/jenkins.git","(?-mix:^core\/src\/main\/java\/hudson\/.*)",2012-07-26,"ohtake tomohiro",2,10,10
"1873","https://github.com/jenkinsci/jenkins.git","(?-mix:^maven-plugin\/src\/main\/java\/hudson\/maven\/.*)",2012-07-26,"kohsuke kawaguchi",1,10,10
"1874","https://github.com/jenkinsci/jenkins.git","(?-mix:^core\/src\/main\/java\/hudson\/security\/.*)",2012-07-26,"kohsuke kawaguchi",1,2,10
"1875","https://github.com/jenkinsci/jenkins.git","(?-mix:^core\/src\/main\/java\/hudson\/cli\/.*)",2012-06-11,"kohsuke kawaguchi",4,170,11
"1876","https://github.com/jenkinsci/jenkins.git","(?-mix:^core\/src\/main\/java\/hudson\/model\/.*)",2012-06-11,"kohsuke kawaguchi",23,399,11
"1877","https://github.com/jenkinsci/jenkins.git","(?-mix:^core\/src\/main\/java\/hudson\/model\/queue\/.*)",2012-06-11,"kohsuke kawaguchi",4,88,11
"1878","https://github.com/jenkinsci/jenkins.git","(?-mix:^core\/src\/main\/java\/hudson\/matrix\/.*)",2012-06-11,"kohsuke kawaguchi",14,251,11
"1879","https://github.com/jenkinsci/jenkins.git","(?-mix:^core\/src\/main\/java\/hudson\/model\/.*)",2012-06-11,"nicolas de loof",1,19,11
"1880","https://github.com/jenkinsci/jenkins.git","(?-mix:^core\/src\/main\/java\/hudson\/security\/.*)",2012-06-11,"kohsuke kawaguchi",4,142,11
"1881","https://github.com/jenkinsci/jenkins.git","(?-mix:^core\/src\/main\/java\/hudson\/.*)",2012-06-11,"kohsuke kawaguchi",6,369,11
"1882","https://github.com/jenkinsci/jenkins.git","(?-mix:^core\/src\/main\/java\/hudson\/search\/.*)",2012-06-11,"kohsuke kawaguchi",2,52,11
"1883","https://github.com/jenkinsci/jenkins.git","(?-mix:^maven-plugin\/src\/main\/java\/hudson\/maven\/.*)",2012-06-11,"olivier lamy",2,10,11
"1884","https://github.com/jenkinsci/jenkins.git","(?-mix:^core\/src\/main\/java\/hudson\/.*)",2012-06-11,"ryan campbell",2,13,11
"1885","https://github.com/jenkinsci/jenkins.git","(?-mix:^core\/src\/main\/java\/jenkins\/model\/.*)",2012-06-11,"kohsuke kawaguchi",4,119,11
"1886","https://github.com/jenkinsci/jenkins.git","(?-mix:^core\/src\/main\/java\/hudson\/.*)",2012-06-11,"nicolas de loof",1,1,11
"1887","https://github.com/jenkinsci/jenkins.git","(?-mix:^core\/src\/main\/java\/hudson\/cli\/.*)",2012-06-11,"ryan campbell",1,2,11
"1888","https://github.com/jenkinsci/jenkins.git","(?-mix:^maven-plugin\/src\/main\/java\/hudson\/maven\/.*)",2012-06-11,"ryan campbell",1,2,11
"1889","https://github.com/jenkinsci/jenkins.git","(?-mix:^core\/src\/main\/java\/hudson\/.*)",2012-06-11,"lvotypko",1,27,11
"1890","https://github.com/jenkinsci/jenkins.git","(?-mix:^core\/src\/main\/java\/hudson\/model\/.*)",2012-06-11,"lvotypko",1,4,11
"1891","https://github.com/jenkinsci/jenkins.git","(?-mix:^core\/src\/main\/java\/hudson\/util\/.*)",2012-06-11,"kohsuke kawaguchi",2,4,11
"1892","https://github.com/jenkinsci/jenkins.git","(?-mix:^core\/src\/main\/java\/jenkins\/model\/lazy\/.*)",2012-06-11,"kohsuke kawaguchi",1,68,11
"1893","https://github.com/jenkinsci/jenkins.git","(?-mix:^core\/src\/main\/java\/hudson\/slaves\/.*)",2012-06-11,"fma1977",1,8,11
"1894","https://github.com/jenkinsci/jenkins.git","(?-mix:^core\/src\/main\/java\/jenkins\/scm\/.*)",2012-06-11,"kohsuke kawaguchi",8,292,11
"1895","https://github.com/jenkinsci/jenkins.git","(?-mix:^maven-plugin\/src\/main\/java\/hudson\/maven\/.*)",2012-06-11,"kohsuke kawaguchi",2,11,11
"1896","https://github.com/jenkinsci/jenkins.git","(?-mix:^core\/src\/main\/java\/hudson\/model\/listeners\/.*)",2012-06-11,"kohsuke kawaguchi",1,2,11
"1897","https://github.com/jenkinsci/jenkins.git","(?-mix:^core\/src\/main\/java\/jenkins\/scm\/.*)",2012-06-11,"sergey burkov",1,35,11
"1898","https://github.com/jenkinsci/jenkins.git","(?-mix:^core\/src\/main\/java\/hudson\/matrix\/.*)",2012-06-11,"sergey burkov",2,52,11
"1899","https://github.com/jenkinsci/jenkins.git","(?-mix:^core\/src\/main\/java\/hudson\/model\/.*)",2012-06-11,"sergey burkov",1,4,11
"1900","https://github.com/jenkinsci/jenkins.git","(?-mix:^core\/src\/main\/java\/jenkins\/.*)",2012-06-11,"kohsuke kawaguchi",1,52,11
"1901","https://github.com/jenkinsci/jenkins.git","(?-mix:^core\/src\/main\/java\/jenkins\/slaves\/.*)",2012-06-11,"kohsuke kawaguchi",2,274,11
"1902","https://github.com/jenkinsci/jenkins.git","(?-mix:^cli\/src\/main\/java\/hudson\/cli\/.*)",2012-06-11,"kohsuke kawaguchi",5,177,11
"1903","https://github.com/jenkinsci/jenkins.git","(?-mix:^core\/src\/main\/java\/hudson\/slaves\/.*)",2012-06-11,"kohsuke kawaguchi",1,2,11
"1904","https://github.com/jenkinsci/jenkins.git","(?-mix:^core\/src\/main\/java\/hudson\/os\/.*)",2012-06-11,"kohsuke kawaguchi",1,25,11
"1905","https://github.com/jenkinsci/jenkins.git","(?-mix:^core\/src\/main\/java\/hudson\/model\/.*)",2012-06-11,"dave hunt",1,9,11
"1906","https://github.com/jenkinsci/jenkins.git","(?-mix:^core\/src\/main\/java\/hudson\/matrix\/.*)",2012-05-23,"kohsuke kawaguchi",11,175,12
"1907","https://github.com/jenkinsci/jenkins.git","(?-mix:^core\/src\/main\/java\/hudson\/matrix\/.*)",2012-05-23,"lvotypko",1,12,12
"1908","https://github.com/jenkinsci/jenkins.git","(?-mix:^core\/src\/main\/java\/hudson\/security\/.*)",2012-05-23,"vincent latombe",1,5,12
"1909","https://github.com/jenkinsci/jenkins.git","(?-mix:^core\/src\/main\/java\/hudson\/console\/.*)",2012-05-23,"fred g",1,5,12
"1910","https://github.com/jenkinsci/jenkins.git","(?-mix:^core\/src\/main\/java\/hudson\/matrix\/.*)",2012-05-23,"fred g",1,3,12
"1911","https://github.com/jenkinsci/jenkins.git","(?-mix:^core\/src\/main\/java\/hudson\/model\/queue\/.*)",2012-05-23,"fred g",1,21,12
"1912","https://github.com/jenkinsci/jenkins.git","(?-mix:^core\/src\/main\/java\/hudson\/model\/.*)",2012-05-23,"kohsuke kawaguchi",16,203,12
"1913","https://github.com/jenkinsci/jenkins.git","(?-mix:^core\/src\/main\/java\/hudson\/node_monitors\/.*)",2012-05-23,"eric dalquist",2,27,12
"1914","https://github.com/jenkinsci/jenkins.git","(?-mix:^core\/src\/main\/java\/hudson\/model\/.*)",2012-05-23,"brian moyles",1,2,12
"1915","https://github.com/jenkinsci/jenkins.git","(?-mix:^core\/src\/main\/java\/jenkins\/model\/.*)",2012-05-23,"brian moyles",1,2,12
"1916","https://github.com/jenkinsci/jenkins.git","(?-mix:^core\/src\/main\/java\/hudson\/console\/.*)",2012-05-23,"kohsuke kawaguchi",2,79,12
"1917","https://github.com/jenkinsci/jenkins.git","(?-mix:^core\/src\/main\/java\/hudson\/model\/queue\/.*)",2012-05-23,"kohsuke kawaguchi",1,4,12
"1918","https://github.com/jenkinsci/jenkins.git","(?-mix:^core\/src\/main\/java\/hudson\/tasks\/.*)",2012-05-23,"kohsuke kawaguchi",1,6,12
"1919","https://github.com/jenkinsci/jenkins.git","(?-mix:^core\/src\/main\/java\/jenkins\/model\/.*)",2012-05-23,"kohsuke kawaguchi",4,14,12
"1920","https://github.com/jenkinsci/jenkins.git","(?-mix:^core\/src\/main\/java\/hudson\/slaves\/.*)",2012-05-23,"kohsuke kawaguchi",1,75,12
"1921","https://github.com/jenkinsci/jenkins.git","(?-mix:^core\/src\/main\/java\/hudson\/.*)",2012-05-23,"kohsuke kawaguchi",3,42,12
"1922","https://github.com/jenkinsci/jenkins.git","(?-mix:^maven-plugin\/src\/main\/java\/hudson\/maven\/.*)",2012-05-23,"iankemp",2,11,12
"1923","https://github.com/jenkinsci/jenkins.git","(?-mix:^core\/src\/main\/java\/hudson\/tools\/.*)",2012-05-23,"kohsuke kawaguchi",2,4,12
"1924","https://github.com/jenkinsci/jenkins.git","(?-mix:^core\/src\/main\/java\/hudson\/cli\/.*)",2012-05-23,"kohsuke kawaguchi",1,1,12
"1925","https://github.com/jenkinsci/jenkins.git","(?-mix:^cli\/src\/main\/java\/hudson\/cli\/.*)",2012-05-23,"kohsuke kawaguchi",1,6,12
"1926","https://github.com/jenkinsci/jenkins.git","(?-mix:^core\/src\/main\/java\/hudson\/model\/.*)",2012-05-23,"nicolas de loof",1,6,12
"1927","https://github.com/jenkinsci/jenkins.git","(?-mix:^core\/src\/main\/java\/hudson\/.*)",2012-05-23,"bap2000",1,20,12
"1928","https://github.com/jenkinsci/jenkins.git","(?-mix:^core\/src\/main\/java\/hudson\/.*)",2012-05-23,"david reiss",1,2,12
"1929","https://github.com/jenkinsci/jenkins.git","(?-mix:^core\/src\/main\/java\/hudson\/security\/.*)",2012-05-23,"ryan campbell",1,87,12
"1930","https://github.com/jenkinsci/jenkins.git","(?-mix:^core\/src\/main\/java\/hudson\/tools\/.*)",2012-05-23,"vincent latombe",1,11,12
"1931","https://github.com/jenkinsci/jenkins.git","(?-mix:^core\/src\/main\/java\/hudson\/triggers\/.*)",2012-05-23,"kohsuke kawaguchi",1,2,12
"1932","https://github.com/jenkinsci/jenkins.git","(?-mix:^core\/src\/main\/java\/hudson\/security\/.*)",2012-05-23,"kohsuke kawaguchi",2,14,12
"1933","https://github.com/jenkinsci/jenkins.git","(?-mix:^core\/src\/main\/java\/hudson\/.*)",2012-05-23,"jerome lacoste",1,16,12
"1934","https://github.com/jenkinsci/jenkins.git","(?-mix:^core\/src\/main\/java\/hudson\/.*)",2012-05-23,"stephen connolly",1,7,12
"1935","https://github.com/jenkinsci/jenkins.git","(?-mix:^maven-plugin\/src\/main\/java\/hudson\/maven\/.*)",2012-05-23,"kohsuke kawaguchi",1,2,12
"1936","https://github.com/jenkinsci/jenkins.git","(?-mix:^core\/src\/main\/java\/hudson\/util\/.*)",2012-05-23,"kohsuke kawaguchi",1,11,12
"1937","https://github.com/jenkinsci/jenkins.git","(?-mix:^core\/src\/main\/java\/hudson\/model\/.*)",2012-05-23,"reynald borer",1,6,12
"1938","https://github.com/jenkinsci/jenkins.git","(?-mix:^core\/src\/main\/java\/hudson\/slaves\/.*)",2012-05-23,"ryan campbell",1,7,12
"1939","https://github.com/ansible/ansible.git","(?-mix:^library\/packaging\/.*)",2014-02-28,"michael dehaan",1,1,1
"1940","https://github.com/ansible/ansible.git","(?-mix:^library\/files\/.*)",2014-02-28,"michael dehaan",1,2,1
"1941","https://github.com/ansible/ansible.git","(?-mix:^library\/cloud\/.*)",2014-02-28,"michael dehaan",1,20,1
"1942","https://github.com/ansible/ansible.git","(?-mix:^lib\/ansible\/[^\/]*)",2014-02-28,"michael dehaan",1,1,1
"1943","https://github.com/ansible/ansible.git","(?-mix:^lib\/ansible\/[^\/]*)",2014-02-28,"james cammarata",6,34,1
"1944","https://github.com/ansible/ansible.git","(?-mix:^library\/system\/.*)",2014-02-28,"laurens van houtven",1,1,1
"1945","https://github.com/ansible/ansible.git","(?-mix:^library\/system\/.*)",2014-02-28,"james cammarata",1,6,1
"1946","https://github.com/ansible/ansible.git","(?-mix:^library\/messaging\/.*)",2014-02-28,"chris sinchok",1,2,1
"1947","https://github.com/ansible/ansible.git","(?-mix:^lib\/ansible\/[^\/]*)",2014-02-28,"gilles cornu",1,6,1
"1948","https://github.com/ansible/ansible.git","(?-mix:^library\/files\/.*)",2014-02-28,"richard isaacson",5,52,1
"1949","https://github.com/ansible/ansible.git","(?-mix:^library\/packaging\/.*)",2014-02-28,"james tanner",8,88,1
"1950","https://github.com/ansible/ansible.git","(?-mix:^library\/cloud\/.*)",2014-02-28,"richard isaacson",1,10,1
"1951","https://github.com/ansible/ansible.git","(?-mix:^lib\/ansible\/[^\/]*)",2014-02-28,"muffl0n",1,2,1
"1952","https://github.com/ansible/ansible.git","(?-mix:^library\/source_control\/.*)",2014-02-28,"chris church",1,24,1
"1953","https://github.com/ansible/ansible.git","(?-mix:^lib\/ansible\/[^\/]*)",2014-02-28,"richard isaacson",3,8,1
"1954","https://github.com/ansible/ansible.git","(?-mix:^library\/files\/.*)",2014-02-28,"james cammarata",1,4,1
"1955","https://github.com/ansible/ansible.git","(?-mix:^library\/cloud\/.*)",2014-02-28,"james cammarata",1,7,1
"1956","https://github.com/ansible/ansible.git","(?-mix:^lib\/ansible\/[^\/]*)",2014-02-28,"james tanner",5,26,1
"1957","https://github.com/ansible/ansible.git","(?-mix:^library\/cloud\/.*)",2014-02-28,"patryk zawadzki",1,2,1
"1958","https://github.com/ansible/ansible.git","(?-mix:^library\/database\/.*)",2014-02-28,"guido kollerie",1,7,1
"1959","https://github.com/ansible/ansible.git","(?-mix:^library\/files\/.*)",2014-02-28,"brian coca",1,16,1
"1960","https://github.com/ansible/ansible.git","(?-mix:^library\/cloud\/.*)",2014-02-28,"joshua conner",2,296,1
"1961","https://github.com/ansible/ansible.git","(?-mix:^library\/system\/.*)",2014-02-28,"chris church",1,16,1
"1962","https://github.com/ansible/ansible.git","(?-mix:^library\/network\/.*)",2014-02-28,"james cammarata",2,5,1
"1963","https://github.com/ansible/ansible.git","(?-mix:^lib\/ansible\/[^\/]*)",2014-02-28,"kent r. spillner",1,39,1
"1964","https://github.com/ansible/ansible.git","(?-mix:^library\/system\/.*)",2014-02-28,"stefan j. betz",1,20,1
"1965","https://github.com/ansible/ansible.git","(?-mix:^library\/system\/.*)",2014-02-24,"richard isaacson",1,19,2
"1966","https://github.com/ansible/ansible.git","(?-mix:^library\/database\/.*)",2014-02-24,"kyle kelley",1,2,2
"1967","https://github.com/ansible/ansible.git","(?-mix:^lib\/ansible\/[^\/]*)",2014-02-24,"james cammarata",19,147,2
"1968","https://github.com/ansible/ansible.git","(?-mix:^library\/files\/.*)",2014-02-24,"james cammarata",3,20,2
"1969","https://github.com/ansible/ansible.git","(?-mix:^lib\/ansible\/[^\/]*)",2014-02-24,"james tanner",23,1152,2
"1970","https://github.com/ansible/ansible.git","(?-mix:^lib\/ansible\/[^\/]*)",2014-02-24,"hagai",1,2,2
"1971","https://github.com/ansible/ansible.git","(?-mix:^lib\/ansible\/[^\/]*)",2014-02-24,"richard isaacson",6,75,2
"1972","https://github.com/ansible/ansible.git","(?-mix:^library\/cloud\/.*)",2014-02-24,"scott patten",1,12,2
"1973","https://github.com/ansible/ansible.git","(?-mix:^lib\/ansible\/[^\/]*)",2014-02-24,"michael dehaan",9,342,2
"1974","https://github.com/ansible/ansible.git","(?-mix:^library\/cloud\/.*)",2014-02-24,"james laska",1,8,2
"1975","https://github.com/ansible/ansible.git","(?-mix:^lib\/ansible\/[^\/]*)",2014-02-24,"muffl0n",2,8,2
"1976","https://github.com/ansible/ansible.git","(?-mix:^library\/files\/.*)",2014-02-24,"muffl0n",1,4,2
"1977","https://github.com/ansible/ansible.git","(?-mix:^lib\/ansible\/[^\/]*)",2014-02-24,"root",1,2,2
"1978","https://github.com/ansible/ansible.git","(?-mix:^library\/database\/.*)",2014-02-24,"james martin",1,5,2
"1979","https://github.com/ansible/ansible.git","(?-mix:^library\/packaging\/.*)",2014-02-24,"brian coca",1,4,2
"1980","https://github.com/ansible/ansible.git","(?-mix:^library\/packaging\/.*)",2014-02-24,"matthew phipps",2,50,2
"1981","https://github.com/ansible/ansible.git","(?-mix:^lib\/ansible\/[^\/]*)",2014-02-24,"jeromew",1,51,2
"1982","https://github.com/ansible/ansible.git","(?-mix:^library\/system\/.*)",2014-02-24,"nils pascal illenseer",1,2,2
"1983","https://github.com/ansible/ansible.git","(?-mix:^lib\/ansible\/[^\/]*)",2014-02-24,"niku toivola",3,5,2
"1984","https://github.com/ansible/ansible.git","(?-mix:^lib\/ansible\/[^\/]*)",2014-02-24,"martin thorsen ranang",1,4,2
"1985","https://github.com/ansible/ansible.git","(?-mix:^library\/files\/.*)",2014-02-24,"mxxcon",1,14,2
"1986","https://github.com/ansible/ansible.git","(?-mix:^library\/cloud\/.*)",2014-02-24,"paul durivage",3,8,2
"1987","https://github.com/ansible/ansible.git","(?-mix:^library\/cloud\/.*)",2014-02-24,"amir h. hajizamani",1,2,2
"1988","https://github.com/ansible/ansible.git","(?-mix:^lib\/ansible\/[^\/]*)",2014-02-24,"ilya kuznetsov",1,2,2
"1989","https://github.com/ansible/ansible.git","(?-mix:^library\/cloud\/.*)",2014-02-24,"peter gehres",1,1,2
"1990","https://github.com/ansible/ansible.git","(?-mix:^library\/utilities\/.*)",2014-02-24,"michael dehaan",1,39,2
"1991","https://github.com/ansible/ansible.git","(?-mix:^lib\/ansible\/[^\/]*)",2014-02-24,"chris hoffman",1,2,2
"1992","https://github.com/ansible/ansible.git","(?-mix:^library\/cloud\/.*)",2014-02-24,"james cammarata",13,153,2
"1993","https://github.com/ansible/ansible.git","(?-mix:^lib\/ansible\/[^\/]*)",2014-02-24,"brian coca",1,5,2
"1994","https://github.com/ansible/ansible.git","(?-mix:^library\/cloud\/.*)",2014-02-24,"will thames",9,225,2
"1995","https://github.com/ansible/ansible.git","(?-mix:^library\/cloud\/.*)",2014-02-24,"pavel antonov",5,556,2
"1996","https://github.com/ansible/ansible.git","(?-mix:^library\/packaging\/.*)",2014-02-24,"robin roth",1,7,2
"1997","https://github.com/ansible/ansible.git","(?-mix:^library\/files\/.*)",2014-02-24,"richard isaacson",2,43,2
"1998","https://github.com/ansible/ansible.git","(?-mix:^library\/cloud\/.*)",2014-02-24,"matt martz",4,64,2
"1999","https://github.com/ansible/ansible.git","(?-mix:^library\/system\/.*)",2014-02-24,"sean chittenden",1,2,2
"2000","https://github.com/ansible/ansible.git","(?-mix:^library\/cloud\/.*)",2014-02-24,"mohan krishnan",1,36,2
"2001","https://github.com/ansible/ansible.git","(?-mix:^plugins\/inventory\/.*\.py)",2014-02-24,"aaron rice",1,2,2
"2002","https://github.com/ansible/ansible.git","(?-mix:^lib\/ansible\/[^\/]*)",2014-02-24,"scott anderson",1,19,2
"2003","https://github.com/ansible/ansible.git","(?-mix:^library\/cloud\/.*)",2014-02-24,"scott anderson",8,85,2
"2004","https://github.com/ansible/ansible.git","(?-mix:^library\/cloud\/.*)",2014-02-24,"jon chen",1,2,2
"2005","https://github.com/ansible/ansible.git","(?-mix:^library\/source_control\/.*)",2014-02-24,"jesse keating",1,15,2
"2006","https://github.com/ansible/ansible.git","(?-mix:^library\/cloud\/.*)",2014-02-24,"james tanner",5,239,2
"2007","https://github.com/ansible/ansible.git","(?-mix:^library\/database\/.*)",2014-02-24,"arturs vonda",2,10,2
"2008","https://github.com/ansible/ansible.git","(?-mix:^lib\/ansible\/[^\/]*)",2014-02-24,"will thames",2,12,2
"2009","https://github.com/ansible/ansible.git","(?-mix:^library\/packaging\/.*)",2014-02-24,"afterburn",2,5,2
"2010","https://github.com/ansible/ansible.git","(?-mix:^lib\/ansible\/[^\/]*)",2014-02-24,"xyrix",4,25,2
"2011","https://github.com/ansible/ansible.git","(?-mix:^library\/files\/.*)",2014-02-06,"brian coca",1,46,3
"2012","https://github.com/ansible/ansible.git","(?-mix:^library\/messaging\/.*)",2014-02-06,"james tanner",1,4,3
"2013","https://github.com/ansible/ansible.git","(?-mix:^lib\/ansible\/[^\/]*)",2014-02-06,"james cammarata",19,184,3
"2014","https://github.com/ansible/ansible.git","(?-mix:^library\/network\/.*)",2014-02-06,"eric hanchrow",1,4,3
"2015","https://github.com/ansible/ansible.git","(?-mix:^library\/network\/.*)",2014-02-06,"james cammarata",1,13,3
"2016","https://github.com/ansible/ansible.git","(?-mix:^lib\/ansible\/[^\/]*)",2014-02-06,"richard isaacson",4,154,3
"2017","https://github.com/ansible/ansible.git","(?-mix:^library\/cloud\/.*)",2014-02-06,"amir h. hajizamani",3,4,3
"2018","https://github.com/ansible/ansible.git","(?-mix:^library\/cloud\/.*)",2014-02-06,"will thames",2,123,3
"2019","https://github.com/ansible/ansible.git","(?-mix:^lib\/ansible\/[^\/]*)",2014-02-06,"luca berruti",1,3,3
"2020","https://github.com/ansible/ansible.git","(?-mix:^lib\/ansible\/[^\/]*)",2014-02-06,"james tanner",4,145,3
"2021","https://github.com/ansible/ansible.git","(?-mix:^library\/database\/.*)",2014-02-06,"matthew jones",1,17,3
"2022","https://github.com/ansible/ansible.git","(?-mix:^lib\/ansible\/[^\/]*)",2014-02-06,"timur batyrshin",3,6,3
"2023","https://github.com/ansible/ansible.git","(?-mix:^library\/cloud\/.*)",2014-02-06,"timur batyrshin",20,216,3
"2024","https://github.com/ansible/ansible.git","(?-mix:^library\/database\/.*)",2014-02-06,"timur batyrshin",1,2,3
"2025","https://github.com/ansible/ansible.git","(?-mix:^library\/packaging\/.*)",2014-02-06,"timur batyrshin",3,40,3
"2026","https://github.com/ansible/ansible.git","(?-mix:^plugins\/inventory\/.*\.py)",2014-02-06,"timur batyrshin",2,6,3
"2027","https://github.com/ansible/ansible.git","(?-mix:^library\/web_infrastructure\/.*)",2014-02-06,"richard isaacson",1,0,3
"2028","https://github.com/ansible/ansible.git","(?-mix:^library\/network\/.*)",2014-02-06,"pedro romano",1,4,3
"2029","https://github.com/ansible/ansible.git","(?-mix:^lib\/ansible\/[^\/]*)",2014-02-06,"brian coca",2,6,3
"2030","https://github.com/ansible/ansible.git","(?-mix:^library\/commands\/.*)",2014-02-06,"james cammarata",1,4,3
"2031","https://github.com/ansible/ansible.git","(?-mix:^library\/source_control\/.*)",2014-02-06,"michael porter",1,4,3
"2032","https://github.com/ansible/ansible.git","(?-mix:^library\/files\/.*)",2014-02-06,"michael dehaan",1,2,3
"2033","https://github.com/ansible/ansible.git","(?-mix:^library\/utilities\/.*)",2014-02-06,"james cammarata",1,43,3
"2034","https://github.com/ansible/ansible.git","(?-mix:^library\/cloud\/.*)",2014-02-06,"matt martz",2,116,3
"2035","https://github.com/ansible/ansible.git","(?-mix:^library\/web_infrastructure\/.*)",2014-02-06,"mxxcon",1,5,3
"2036","https://github.com/ansible/ansible.git","(?-mix:^library\/packaging\/.*)",2014-02-06,"manuel tiago pereira",1,1,3
"2037","https://github.com/ansible/ansible.git","(?-mix:^library\/network\/.*)",2014-02-06,"romeo theriault",1,36,3
"2038","https://github.com/ansible/ansible.git","(?-mix:^library\/system\/.*)",2014-02-06,"kustodian",1,2,3
"2039","https://github.com/ansible/ansible.git","(?-mix:^library\/files\/.*)",2014-02-06,"wim",1,12,3
"2040","https://github.com/ansible/ansible.git","(?-mix:^library\/system\/.*)",2014-02-06,"aaron lindsay",1,17,3
"2041","https://github.com/ansible/ansible.git","(?-mix:^library\/packaging\/.*)",2014-02-06,"richard isaacson",1,3,3
"2042","https://github.com/ansible/ansible.git","(?-mix:^lib\/ansible\/[^\/]*)",2014-02-06,"michael dehaan",2,4,3
"2043","https://github.com/ansible/ansible.git","(?-mix:^library\/cloud\/.*)",2014-02-06,"michael dehaan",11,22,3
"2044","https://github.com/ansible/ansible.git","(?-mix:^library\/internal\/.*)",2014-02-06,"michael dehaan",1,2,3
"2045","https://github.com/ansible/ansible.git","(?-mix:^library\/network\/.*)",2014-02-06,"michael dehaan",1,2,3
"2046","https://github.com/ansible/ansible.git","(?-mix:^library\/notification\/.*)",2014-02-06,"michael dehaan",1,2,3
"2047","https://github.com/ansible/ansible.git","(?-mix:^library\/utilities\/.*)",2014-02-06,"michael dehaan",1,2,3
"2048","https://github.com/ansible/ansible.git","(?-mix:^library\/system\/.*)",2014-02-06,"richard isaacson",7,268,3
"2049","https://github.com/ansible/ansible.git","(?-mix:^lib\/ansible\/[^\/]*)",2014-02-06,"heikki hokkanen",1,6,3
"2050","https://github.com/ansible/ansible.git","(?-mix:^lib\/ansible\/[^\/]*)",2014-02-06,"matt martz",7,52,3
"2051","https://github.com/ansible/ansible.git","(?-mix:^library\/system\/.*)",2014-02-06,"brian coca",1,2,3
"2052","https://github.com/ansible/ansible.git","(?-mix:^lib\/ansible\/[^\/]*)",2014-02-06,"adam heath",2,7,3
"2053","https://github.com/ansible/ansible.git","(?-mix:^library\/source_control\/.*)",2014-02-06,"james tanner",1,7,3
"2054","https://github.com/ansible/ansible.git","(?-mix:^library\/cloud\/.*)",2014-02-06,"james tanner",2,10,3
"2055","https://github.com/ansible/ansible.git","(?-mix:^library\/commands\/.*)",2014-02-06,"jeff geerling",1,3,3
"2056","https://github.com/ansible/ansible.git","(?-mix:^library\/system\/.*)",2014-02-06,"jakub jirutka",1,15,3
"2057","https://github.com/ansible/ansible.git","(?-mix:^library\/utilities\/.*)",2014-02-06,"jeff geerling",1,2,3
"2058","https://github.com/ansible/ansible.git","(?-mix:^library\/cloud\/.*)",2014-02-06,"mohan krishnan",1,2,3
"2059","https://github.com/ansible/ansible.git","(?-mix:^library\/cloud\/.*)",2014-01-25,"james tanner",7,1116,4
"2060","https://github.com/ansible/ansible.git","(?-mix:^library\/cloud\/.*)",2014-01-25,"christopher h. laco",1,162,4
"2061","https://github.com/ansible/ansible.git","(?-mix:^library\/cloud\/.*)",2014-01-25,"paul durivage",8,1230,4
"2062","https://github.com/ansible/ansible.git","(?-mix:^library\/source_control\/.*)",2014-01-25,"james tanner",4,109,4
"2063","https://github.com/ansible/ansible.git","(?-mix:^lib\/ansible\/[^\/]*)",2014-01-25,"craig tracey",1,6,4
"2064","https://github.com/ansible/ansible.git","(?-mix:^library\/source_control\/.*)",2014-01-25,"caleb brown",1,2,4
"2065","https://github.com/ansible/ansible.git","(?-mix:^library\/packaging\/.*)",2014-01-25,"james cammarata",1,60,4
"2066","https://github.com/ansible/ansible.git","(?-mix:^library\/system\/.*)",2014-01-25,"thoai nguyen",1,2,4
"2067","https://github.com/ansible/ansible.git","(?-mix:^lib\/ansible\/[^\/]*)",2014-01-25,"paul durivage",37,608,4
"2068","https://github.com/ansible/ansible.git","(?-mix:^lib\/ansible\/[^\/]*)",2014-01-25,"jeromew",2,4,4
"2069","https://github.com/ansible/ansible.git","(?-mix:^library\/cloud\/.*)",2014-01-25,"rene moser",1,1,4
"2070","https://github.com/ansible/ansible.git","(?-mix:^library\/notification\/.*)",2014-01-25,"jonas pfenniger",1,7,4
"2071","https://github.com/ansible/ansible.git","(?-mix:^library\/files\/.*)",2014-01-25,"jan-piet mens",1,10,4
"2072","https://github.com/ansible/ansible.git","(?-mix:^lib\/ansible\/[^\/]*)",2014-01-25,"rob smith",3,18,4
"2073","https://github.com/ansible/ansible.git","(?-mix:^lib\/ansible\/[^\/]*)",2014-01-25,"jesse keating",4,44,4
"2074","https://github.com/ansible/ansible.git","(?-mix:^lib\/ansible\/[^\/]*)",2014-01-25,"james tanner",23,458,4
"2075","https://github.com/ansible/ansible.git","(?-mix:^library\/cloud\/.*)",2014-01-25,"matt martz",2,13,4
"2076","https://github.com/ansible/ansible.git","(?-mix:^library\/files\/.*)",2014-01-25,"jakub jirutka",1,6,4
"2077","https://github.com/ansible/ansible.git","(?-mix:^library\/files\/.*)",2014-01-25,"laurent defert",1,3,4
"2078","https://github.com/ansible/ansible.git","(?-mix:^library\/system\/.*)",2014-01-25,"simon zimmermann",3,25,4
"2079","https://github.com/ansible/ansible.git","(?-mix:^lib\/ansible\/[^\/]*)",2014-01-25,"michael scherer",1,2,4
"2080","https://github.com/ansible/ansible.git","(?-mix:^library\/system\/.*)",2014-01-25,"james tanner",7,438,4
"2081","https://github.com/ansible/ansible.git","(?-mix:^lib\/ansible\/[^\/]*)",2014-01-25,"rutger spiertz",1,13,4
"2082","https://github.com/ansible/ansible.git","(?-mix:^library\/system\/.*)",2014-01-25,"rishid",1,5,4
"2083","https://github.com/ansible/ansible.git","(?-mix:^lib\/ansible\/[^\/]*)",2014-01-25,"james cammarata",9,126,4
"2084","https://github.com/ansible/ansible.git","(?-mix:^library\/system\/.*)",2014-01-25,"scott gilbert",1,4,4
"2085","https://github.com/ansible/ansible.git","(?-mix:^library\/packaging\/.*)",2014-01-25,"rene moser",2,4,4
"2086","https://github.com/ansible/ansible.git","(?-mix:^library\/cloud\/.*)",2014-01-25,"will thames",3,18,4
"2087","https://github.com/ansible/ansible.git","(?-mix:^lib\/ansible\/[^\/]*)",2014-01-25,"matt martz",1,2,4
"2088","https://github.com/ansible/ansible.git","(?-mix:^library\/cloud\/.*)",2014-01-25,"michael dehaan",1,3,4
"2089","https://github.com/ansible/ansible.git","(?-mix:^library\/net_infrastructure\/.*)",2014-01-25,"michael dehaan",2,4,4
"2090","https://github.com/ansible/ansible.git","(?-mix:^library\/packaging\/.*)",2014-01-25,"michael dehaan",1,2,4
"2091","https://github.com/ansible/ansible.git","(?-mix:^library\/system\/.*)",2014-01-25,"michael dehaan",1,2,4
"2092","https://github.com/ansible/ansible.git","(?-mix:^library\/source_control\/.*)",2014-01-25,"rené moser",1,1,4
"2093","https://github.com/ansible/ansible.git","(?-mix:^library\/packaging\/.*)",2014-01-25,"michael vermaes",1,2,4
"2094","https://github.com/ansible/ansible.git","(?-mix:^library\/cloud\/.*)",2014-01-25,"matt paine",1,4,4
"2095","https://github.com/ansible/ansible.git","(?-mix:^library\/packaging\/.*)",2014-01-25,"james tanner",1,5,4
"2096","https://github.com/ansible/ansible.git","(?-mix:^library\/database\/.*)",2014-01-25,"david busby",1,3,4
"2097","https://github.com/ansible/ansible.git","(?-mix:^library\/packaging\/.*)",2014-01-25,"danilo bargen",1,2,4
"2098","https://github.com/ansible/ansible.git","(?-mix:^lib\/ansible\/[^\/]*)",2014-01-25,"will thames",1,6,4
"2099","https://github.com/ansible/ansible.git","(?-mix:^lib\/ansible\/[^\/]*)",2014-01-25,"jay",1,2,4
"2100","https://github.com/ansible/ansible.git","(?-mix:^lib\/ansible\/[^\/]*)",2014-01-25,"luca berruti",1,18,4
"2101","https://github.com/ansible/ansible.git","(?-mix:^library\/packaging\/.*)",2014-01-07,"inetfuture(aaron wang)",1,2,5
"2102","https://github.com/ansible/ansible.git","(?-mix:^lib\/ansible\/[^\/]*)",2014-01-07,"james tanner",29,151,5
"2103","https://github.com/ansible/ansible.git","(?-mix:^library\/system\/.*)",2014-01-07,"tyler",2,4,5
"2104","https://github.com/ansible/ansible.git","(?-mix:^library\/cloud\/.*)",2014-01-07,"paul durivage",3,983,5
"2105","https://github.com/ansible/ansible.git","(?-mix:^lib\/ansible\/[^\/]*)",2014-01-07,"jeromew",45,340,5
"2106","https://github.com/ansible/ansible.git","(?-mix:^library\/packaging\/.*)",2014-01-07,"lichesser",1,1,5
"2107","https://github.com/ansible/ansible.git","(?-mix:^lib\/ansible\/[^\/]*)",2014-01-07,"serge van ginderachter",4,9,5
"2108","https://github.com/ansible/ansible.git","(?-mix:^library\/system\/.*)",2014-01-07,"joshua lund",1,4,5
"2109","https://github.com/ansible/ansible.git","(?-mix:^library\/packaging\/.*)",2014-01-07,"james tanner",56,161,5
"2110","https://github.com/ansible/ansible.git","(?-mix:^library\/system\/.*)",2014-01-07,"james tanner",46,153,5
"2111","https://github.com/ansible/ansible.git","(?-mix:^library\/cloud\/.*)",2014-01-07,"james tanner",46,269,5
"2112","https://github.com/ansible/ansible.git","(?-mix:^library\/system\/.*)",2014-01-07,"michael dehaan",17,37,5
"2113","https://github.com/ansible/ansible.git","(?-mix:^lib\/ansible\/[^\/]*)",2014-01-07,"smoothify",1,17,5
"2114","https://github.com/ansible/ansible.git","(?-mix:^library\/database\/.*)",2014-01-07,"alan fairless",1,23,5
"2115","https://github.com/ansible/ansible.git","(?-mix:^lib\/ansible\/[^\/]*)",2014-01-07,"michael dehaan",62,409,5
"2116","https://github.com/ansible/ansible.git","(?-mix:^lib\/ansible\/[^\/]*)",2014-01-07,"jesse keating",4,26,5
"2117","https://github.com/ansible/ansible.git","(?-mix:^library\/system\/.*)",2014-01-07,"paul beattie",1,2,5
"2118","https://github.com/ansible/ansible.git","(?-mix:^library\/files\/.*)",2014-01-07,"aleksey ovcharenko",4,17,5
"2119","https://github.com/ansible/ansible.git","(?-mix:^library\/system\/.*)",2014-01-07,"rgbj",1,13,5
"2120","https://github.com/ansible/ansible.git","(?-mix:^library\/packaging\/.*)",2014-01-07,"dag høidahl",1,2,5
"2121","https://github.com/ansible/ansible.git","(?-mix:^library\/database\/.*)",2014-01-07,"jim kleckner",2,14,5
"2122","https://github.com/ansible/ansible.git","(?-mix:^library\/packaging\/.*)",2014-01-07,"rutger spiertz",1,4,5
"2123","https://github.com/ansible/ansible.git","(?-mix:^library\/database\/.*)",2014-01-07,"jinn koriech",3,17,5
"2124","https://github.com/ansible/ansible.git","(?-mix:^lib\/ansible\/[^\/]*)",2014-01-07,"deon bredenhann",2,5,5
"2125","https://github.com/ansible/ansible.git","(?-mix:^library\/cloud\/.*)",2014-01-07,"michael dehaan",24,38,5
"2126","https://github.com/ansible/ansible.git","(?-mix:^library\/utilities\/.*)",2014-01-07,"jim kleckner",1,2,5
"2127","https://github.com/ansible/ansible.git","(?-mix:^library\/cloud\/.*)",2014-01-07,"mikhail sobolev",1,2,5
"2128","https://github.com/ansible/ansible.git","(?-mix:^library\/packaging\/.*)",2014-01-07,"michael dehaan",6,45,5
"2129","https://github.com/ansible/ansible.git","(?-mix:^library\/packaging\/.*)",2014-01-07,"beefsalad",1,9,5
"2130","https://github.com/ansible/ansible.git","(?-mix:^library\/system\/.*)",2014-01-07,"lichesser",1,8,5
"2131","https://github.com/ansible/ansible.git","(?-mix:^library\/files\/.*)",2014-01-07,"maykel moya",1,2,5
"2132","https://github.com/ansible/ansible.git","(?-mix:^lib\/ansible\/[^\/]*)",2014-01-07,"levi gross",1,5,5
"2133","https://github.com/ansible/ansible.git","(?-mix:^library\/cloud\/.*)",2014-01-07,"will thames",12,401,5
"2134","https://github.com/ansible/ansible.git","(?-mix:^library\/cloud\/.*)",2014-01-07,"david hummel",3,23,5
"2135","https://github.com/ansible/ansible.git","(?-mix:^library\/system\/.*)",2014-01-07,"jasper n. brouwer",2,8,5
"2136","https://github.com/ansible/ansible.git","(?-mix:^lib\/ansible\/[^\/]*)",2014-01-07,"stephen fromm",1,3,5
"2137","https://github.com/ansible/ansible.git","(?-mix:^library\/packaging\/.*)",2014-01-07,"janitha karunaratne",1,3,5
"2138","https://github.com/ansible/ansible.git","(?-mix:^library\/files\/.*)",2014-01-07,"brian coca",1,210,5
"2139","https://github.com/ansible/ansible.git","(?-mix:^lib\/ansible\/[^\/]*)",2014-01-07,"john barker",1,8,5
"2140","https://github.com/ansible/ansible.git","(?-mix:^library\/files\/.*)",2014-01-07,"peter salvatore",1,2,5
"2141","https://github.com/ansible/ansible.git","(?-mix:^library\/packaging\/.*)",2014-01-07,"michael vermaes",1,6,5
"2142","https://github.com/ansible/ansible.git","(?-mix:^library\/net_infrastructure\/.*)",2014-01-07,"serge van ginderachter",1,4,5
"2143","https://github.com/ansible/ansible.git","(?-mix:^library\/web_infrastructure\/.*)",2014-01-07,"roger lópez",1,3,5
"2144","https://github.com/ansible/ansible.git","(?-mix:^library\/cloud\/.*)",2014-01-07,"brad p. crochet",8,355,5
"2145","https://github.com/ansible/ansible.git","(?-mix:^lib\/ansible\/[^\/]*)",2014-01-07,"will thames",2,38,5
"2146","https://github.com/ansible/ansible.git","(?-mix:^lib\/ansible\/[^\/]*)",2014-01-07,"sébastien bocahu",1,2,5
"2147","https://github.com/ansible/ansible.git","(?-mix:^library\/cloud\/.*)",2014-01-07,"troy c",2,20,5
"2148","https://github.com/ansible/ansible.git","(?-mix:^library\/cloud\/.*)",2014-01-07,"mohan krishnan",1,4,5
"2149","https://github.com/ansible/ansible.git","(?-mix:^library\/cloud\/.*)",2014-01-07,"matt martz",24,2080,5
"2150","https://github.com/ansible/ansible.git","(?-mix:^library\/files\/.*)",2014-01-07,"jens rantil",3,6,5
"2151","https://github.com/ansible/ansible.git","(?-mix:^library\/files\/.*)",2014-01-07,"mike grozak",1,2,5
"2152","https://github.com/ansible/ansible.git","(?-mix:^library\/cloud\/.*)",2014-01-07,"vincent viallet",3,224,5
"2153","https://github.com/ansible/ansible.git","(?-mix:^library\/cloud\/.*)",2014-01-07,"evan82",1,2,5
"2154","https://github.com/ansible/ansible.git","(?-mix:^library\/cloud\/.*)",2014-01-07,"nicholas declario",1,126,5
"2155","https://github.com/ansible/ansible.git","(?-mix:^library\/packaging\/.*)",2014-01-07,"veeti paananen",1,2,5
"2156","https://github.com/ansible/ansible.git","(?-mix:^library\/cloud\/.*)",2014-01-07,"jim dalton",2,54,5
"2157","https://github.com/ansible/ansible.git","(?-mix:^lib\/ansible\/[^\/]*)",2014-01-07,"ferenc grecu",1,2,5
"2158","https://github.com/ansible/ansible.git","(?-mix:^library\/files\/.*)",2014-01-07,"drewlll2ll",1,4,5
"2159","https://github.com/ansible/ansible.git","(?-mix:^lib\/ansible\/[^\/]*)",2014-01-07,"michael vogt",1,2,5
"2160","https://github.com/ansible/ansible.git","(?-mix:^plugins\/inventory\/.*\.py)",2014-01-07,"will thames",2,10,5
"2161","https://github.com/ansible/ansible.git","(?-mix:^library\/cloud\/.*)",2014-01-07,"jeffrey nappi",1,2,5
"2162","https://github.com/ansible/ansible.git","(?-mix:^library\/packaging\/.*)",2014-01-07,"rene moser",1,2,5
"2163","https://github.com/ansible/ansible.git","(?-mix:^library\/system\/.*)",2014-01-07,"dimos alevizos",2,64,5
"2164","https://github.com/ansible/ansible.git","(?-mix:^library\/system\/.*)",2014-01-07,"david hummel",1,4,5
"2165","https://github.com/ansible/ansible.git","(?-mix:^lib\/ansible\/[^\/]*)",2014-01-07,"steve smith",1,2,5
"2166","https://github.com/ansible/ansible.git","(?-mix:^library\/notification\/.*)",2014-01-07,"matt martz",2,50,5
"2167","https://github.com/ansible/ansible.git","(?-mix:^lib\/ansible\/[^\/]*)",2014-01-07,"wanderlei antonio cavassin",2,9,5
"2168","https://github.com/ansible/ansible.git","(?-mix:^plugins\/inventory\/.*\.py)",2014-01-07,"lorrin nelson",2,49,5
"2169","https://github.com/ansible/ansible.git","(?-mix:^library\/system\/.*)",2014-01-07,"jeromew",1,2,5
"2170","https://github.com/ansible/ansible.git","(?-mix:^library\/system\/.*)",2014-01-07,"gservat",3,10,5
"2171","https://github.com/ansible/ansible.git","(?-mix:^library\/packaging\/.*)",2014-01-07,"michael scherer",4,28,5
"2172","https://github.com/ansible/ansible.git","(?-mix:^library\/packaging\/.*)",2014-01-07,"michael vogt",1,1,5
"2173","https://github.com/ansible/ansible.git","(?-mix:^library\/system\/.*)",2014-01-07,"alfons zitterbacke",2,57,5
"2174","https://github.com/ansible/ansible.git","(?-mix:^library\/cloud\/.*)",2014-01-07,"bruce pennypacker",2,59,5
"2175","https://github.com/ansible/ansible.git","(?-mix:^library\/monitoring\/.*)",2014-01-07,"jens rantil",1,2,5
"2176","https://github.com/ansible/ansible.git","(?-mix:^library\/packaging\/.*)",2014-01-07,"jens rantil",1,2,5
"2177","https://github.com/ansible/ansible.git","(?-mix:^lib\/ansible\/[^\/]*)",2014-01-07,"paul bonser",3,8,5
"2178","https://github.com/ansible/ansible.git","(?-mix:^lib\/ansible\/[^\/]*)",2014-01-07,"matt martz",3,50,5
"2179","https://github.com/ansible/ansible.git","(?-mix:^library\/files\/.*)",2014-01-07,"james tanner",28,98,5
"2180","https://github.com/ansible/ansible.git","(?-mix:^library\/cloud\/.*)",2014-01-07,"evgenii terechkov",1,4,5
"2181","https://github.com/ansible/ansible.git","(?-mix:^library\/source_control\/.*)",2014-01-07,"kamil kisiel",1,48,5
"2182","https://github.com/ansible/ansible.git","(?-mix:^library\/files\/.*)",2014-01-07,"paul bonser",1,10,5
"2183","https://github.com/ansible/ansible.git","(?-mix:^library\/cloud\/.*)",2014-01-07,"joshua conner",1,2,5
"2184","https://github.com/ansible/ansible.git","(?-mix:^library\/database\/.*)",2014-01-07,"james tanner",21,42,5
"2185","https://github.com/ansible/ansible.git","(?-mix:^library\/internal\/.*)",2014-01-07,"james tanner",2,4,5
"2186","https://github.com/ansible/ansible.git","(?-mix:^library\/messaging\/.*)",2014-01-07,"james tanner",8,16,5
"2187","https://github.com/ansible/ansible.git","(?-mix:^library\/monitoring\/.*)",2014-01-07,"james tanner",13,32,5
"2188","https://github.com/ansible/ansible.git","(?-mix:^library\/net_infrastructure\/.*)",2014-01-07,"james tanner",20,93,5
"2189","https://github.com/ansible/ansible.git","(?-mix:^library\/network\/.*)",2014-01-07,"james tanner",6,12,5
"2190","https://github.com/ansible/ansible.git","(?-mix:^library\/notification\/.*)",2014-01-07,"james tanner",18,36,5
"2191","https://github.com/ansible/ansible.git","(?-mix:^library\/utilities\/.*)",2014-01-07,"james tanner",7,14,5
"2192","https://github.com/ansible/ansible.git","(?-mix:^library\/web_infrastructure\/.*)",2014-01-07,"james tanner",10,22,5
"2193","https://github.com/ansible/ansible.git","(?-mix:^library\/commands\/.*)",2014-01-07,"james tanner",1,4,5
"2194","https://github.com/ansible/ansible.git","(?-mix:^library\/source_control\/.*)",2014-01-07,"james tanner",9,68,5
"2195","https://github.com/ansible/ansible.git","(?-mix:^lib\/ansible\/[^\/]*)",2014-01-07,"janez nemanic",1,7,5
"2196","https://github.com/ansible/ansible.git","(?-mix:^library\/system\/.*)",2014-01-07,"matthias blaser",1,56,5
"2197","https://github.com/ansible/ansible.git","(?-mix:^lib\/ansible\/[^\/]*)",2014-01-07,"james cammarata",2,4,5
"2198","https://github.com/ansible/ansible.git","(?-mix:^library\/database\/.*)",2014-01-07,"kahlil (kal) hodgson",1,24,5
"2199","https://github.com/ansible/ansible.git","(?-mix:^library\/commands\/.*)",2014-01-07,"michael dehaan",3,3,5
"2200","https://github.com/ansible/ansible.git","(?-mix:^library\/database\/.*)",2014-01-07,"michael dehaan",9,17,5
"2201","https://github.com/ansible/ansible.git","(?-mix:^library\/files\/.*)",2014-01-07,"michael dehaan",5,7,5
"2202","https://github.com/ansible/ansible.git","(?-mix:^library\/internal\/.*)",2014-01-07,"michael dehaan",2,4,5
"2203","https://github.com/ansible/ansible.git","(?-mix:^library\/network\/.*)",2014-01-07,"michael dehaan",3,5,5
"2204","https://github.com/ansible/ansible.git","(?-mix:^lib\/ansible\/[^\/]*)",2014-01-07,"andrew smith",6,15,5
"2205","https://github.com/ansible/ansible.git","(?-mix:^lib\/ansible\/[^\/]*)",2014-01-07,"dragon3",1,7,5
"2206","https://github.com/ansible/ansible.git","(?-mix:^library\/system\/.*)",2014-01-07,"dragon3",1,5,5
"2207","https://github.com/ansible/ansible.git","(?-mix:^library\/cloud\/.*)",2014-01-07,"brandon hilkert",1,2,5
"2208","https://github.com/ansible/ansible.git","(?-mix:^library\/utilities\/.*)",2014-01-07,"james cammarata",1,4,5
"2209","https://github.com/ansible/ansible.git","(?-mix:^library\/cloud\/.*)",2014-01-07,"jim rybarski",1,2,5
"2210","https://github.com/ansible/ansible.git","(?-mix:^library\/cloud\/.*)",2014-01-07,"justin ludwig",6,24,5
"2211","https://github.com/ansible/ansible.git","(?-mix:^library\/system\/.*)",2014-01-07,"sam hartsfield",1,7,5
"2212","https://github.com/ansible/ansible.git","(?-mix:^lib\/ansible\/[^\/]*)",2014-01-07,"brian coca",5,30,5
"2213","https://github.com/ansible/ansible.git","(?-mix:^library\/files\/.*)",2014-01-07,"josh kuhn",2,11,5
"2214","https://github.com/ansible/ansible.git","(?-mix:^library\/files\/.*)",2014-01-07,"greenbrian",1,2,5
"2215","https://github.com/ansible/ansible.git","(?-mix:^library\/system\/.*)",2014-01-07,"jens rantil",1,4,5
"2216","https://github.com/ansible/ansible.git","(?-mix:^library\/utilities\/.*)",2014-01-07,"junegunn choi",1,5,5
"2217","https://github.com/ansible/ansible.git","(?-mix:^lib\/ansible\/[^\/]*)",2014-01-07,"antonio zanardo",1,2,5
"2218","https://github.com/ansible/ansible.git","(?-mix:^library\/cloud\/.*)",2014-01-07,"john dewey",2,29,5
"2219","https://github.com/ansible/ansible.git","(?-mix:^library\/web_infrastructure\/.*)",2014-01-07,"steven davidson",1,3,5
"2220","https://github.com/ansible/ansible.git","(?-mix:^library\/files\/.*)",2014-01-07,"michael scherer",1,2,5
"2221","https://github.com/ansible/ansible.git","(?-mix:^lib\/ansible\/[^\/]*)",2014-01-07,"aleksey ovcharenko",5,19,5
"2222","https://github.com/ansible/ansible.git","(?-mix:^library\/files\/.*)",2014-01-07,"joshua lund",1,4,5
"2223","https://github.com/ansible/ansible.git","(?-mix:^library\/packaging\/.*)",2014-01-07,"berend de boer",2,211,5
"2224","https://github.com/ansible/ansible.git","(?-mix:^lib\/ansible\/[^\/]*)",2014-01-07,"jan-piet mens",1,82,5
"2225","https://github.com/ansible/ansible.git","(?-mix:^library\/packaging\/.*)",2014-01-07,"akihiro yamazaki",1,6,5
"2226","https://github.com/ansible/ansible.git","(?-mix:^library\/messaging\/.*)",2014-01-07,"john dewey",4,202,5
"2227","https://github.com/ansible/ansible.git","(?-mix:^library\/cloud\/.*)",2014-01-07,"matt thompson",1,2,5
"2228","https://github.com/ansible/ansible.git","(?-mix:^library\/monitoring\/.*)",2014-01-07,"bruce pennypacker",2,18,5
"2229","https://github.com/ansible/ansible.git","(?-mix:^library\/cloud\/.*)",2014-01-07,"eric johnson",1,16,5
"2230","https://github.com/ansible/ansible.git","(?-mix:^plugins\/inventory\/.*\.py)",2014-01-07,"eric johnson",1,10,5
"2231","https://github.com/ansible/ansible.git","(?-mix:^library\/web_infrastructure\/.*)",2014-01-07,"james cammarata",1,2,5
"2232","https://github.com/ansible/ansible.git","(?-mix:^library\/cloud\/.*)",2014-01-07,"james martin",1,6,5
"2233","https://github.com/ansible/ansible.git","(?-mix:^library\/net_infrastructure\/.*)",2014-01-07,"michael dehaan",6,6,5
"2234","https://github.com/ansible/ansible.git","(?-mix:^library\/notification\/.*)",2014-01-07,"michael dehaan",2,16,5
"2235","https://github.com/ansible/ansible.git","(?-mix:^library\/web_infrastructure\/.*)",2014-01-07,"michael dehaan",3,4,5
"2236","https://github.com/ansible/ansible.git","(?-mix:^library\/source_control\/.*)",2014-01-07,"michael dehaan",1,6,5
"2237","https://github.com/ansible/ansible.git","(?-mix:^lib\/ansible\/[^\/]*)",2014-01-07,"matt haggard",1,12,5
"2238","https://github.com/ansible/ansible.git","(?-mix:^library\/system\/.*)",2014-01-07,"sergey sudakovich",2,27,5
"2239","https://github.com/ansible/ansible.git","(?-mix:^library\/packaging\/.*)",2014-01-07,"patrik lundin",1,146,5
"2240","https://github.com/ansible/ansible.git","(?-mix:^library\/packaging\/.*)",2014-01-07,"giorgio-v",1,2,5
"2241","https://github.com/ansible/ansible.git","(?-mix:^lib\/ansible\/[^\/]*)",2014-01-07,"skylar saveland",1,2,5
"2242","https://github.com/ansible/ansible.git","(?-mix:^lib\/ansible\/[^\/]*)",2014-01-07,"stoned elipot",1,25,5
"2243","https://github.com/ansible/ansible.git","(?-mix:^library\/cloud\/.*)",2014-01-07,"tom berger",1,2,5
"2244","https://github.com/ansible/ansible.git","(?-mix:^library\/packaging\/.*)",2014-01-07,"arkadi shishlov",1,4,5
"2245","https://github.com/ansible/ansible.git","(?-mix:^library\/packaging\/.*)",2014-01-07,"laurent coustet",1,13,5
"2246","https://github.com/ansible/ansible.git","(?-mix:^library\/system\/.*)",2014-01-07,"matthias vogelgesang",1,141,5
"2247","https://github.com/ansible/ansible.git","(?-mix:^library\/packaging\/.*)",2014-01-07,"joe maller",1,4,5
"2248","https://github.com/ansible/ansible.git","(?-mix:^library\/system\/.*)",2014-01-07,"nextus",2,5,5
"2249","https://github.com/ansible/ansible.git","(?-mix:^library\/packaging\/.*)",2014-01-07,"stoned elipot",1,16,5
"2250","https://github.com/ansible/ansible.git","(?-mix:^lib\/ansible\/[^\/]*)",2014-01-07,"michael j. schultz",1,4,5
"2251","https://github.com/ansible/ansible.git","(?-mix:^library\/utilities\/.*)",2014-01-07,"john jarvis",1,90,5
"2252","https://github.com/ansible/ansible.git","(?-mix:^lib\/ansible\/[^\/]*)",2014-01-07,"marcus cobden",1,12,5
"2253","https://github.com/ansible/ansible.git","(?-mix:^library\/packaging\/.*)",2014-01-07,"timur batyrshin",1,23,5
"2254","https://github.com/ansible/ansible.git","(?-mix:^library\/system\/.*)",2014-01-07,"hiroaki nakamura",1,5,5
"2255","https://github.com/ansible/ansible.git","(?-mix:^library\/network\/.*)",2014-01-07,"tin tvrtkovic",1,7,5
"2256","https://github.com/ansible/ansible.git","(?-mix:^library\/cloud\/.*)",2014-01-07,"rob szewczyk",1,4,5
"2257","https://github.com/ansible/ansible.git","(?-mix:^library\/packaging\/.*)",2014-01-07,"philippe makowski",1,184,5
"2258","https://github.com/ansible/ansible.git","(?-mix:^library\/internal\/.*)",2014-01-07,"james laska",1,5,5
"2259","https://github.com/ansible/ansible.git","(?-mix:^library\/network\/.*)",2014-01-07,"james laska",1,2,5
"2260","https://github.com/ansible/ansible.git","(?-mix:^lib\/ansible\/[^\/]*)",2014-01-07,"alexander kuznecov",1,4,5
"2261","https://github.com/ansible/ansible.git","(?-mix:^library\/notification\/.*)",2014-01-07,"jonas pfenniger",1,89,5
"2262","https://github.com/ansible/ansible.git","(?-mix:^plugins\/inventory\/.*\.py)",2014-01-07,"chris church",1,9,5
"2263","https://github.com/ansible/ansible.git","(?-mix:^lib\/ansible\/[^\/]*)",2014-01-07,"alan descoins",1,6,5
"2264","https://github.com/ansible/ansible.git","(?-mix:^library\/cloud\/.*)",2014-01-07,"christopher h. laco",5,481,5
"2265","https://github.com/ansible/ansible.git","(?-mix:^library\/packaging\/.*)",2014-01-07,"matthias vogelgesang",1,157,5
"2266","https://github.com/ansible/ansible.git","(?-mix:^library\/utilities\/.*)",2014-01-07,"michael scherer",3,6,5
"2267","https://github.com/ansible/ansible.git","(?-mix:^library\/cloud\/.*)",2014-01-07,"carson gee",1,552,5
"2268","https://github.com/ansible/ansible.git","(?-mix:^lib\/ansible\/[^\/]*)",2013-11-05,"james tanner",25,2607,6
"2269","https://github.com/ansible/ansible.git","(?-mix:^library\/cloud\/.*)",2013-11-05,"dragon3",2,7,6
"2270","https://github.com/ansible/ansible.git","(?-mix:^library\/internal\/.*)",2013-11-05,"will thames",1,2,6
"2271","https://github.com/ansible/ansible.git","(?-mix:^library\/utilities\/.*)",2013-11-05,"james tanner",1,26,6
"2272","https://github.com/ansible/ansible.git","(?-mix:^library\/system\/.*)",2013-11-05,"jim richardson",2,12,6
"2273","https://github.com/ansible/ansible.git","(?-mix:^library\/files\/.*)",2013-11-05,"james tanner",4,54,6
"2274","https://github.com/ansible/ansible.git","(?-mix:^lib\/ansible\/[^\/]*)",2013-11-05,"dragon3",1,4,6
"2275","https://github.com/ansible/ansible.git","(?-mix:^library\/files\/.*)",2013-11-05,"sspans",2,3,6
"2276","https://github.com/ansible/ansible.git","(?-mix:^lib\/ansible\/[^\/]*)",2013-11-05,"will thames",1,4,6
"2277","https://github.com/ansible/ansible.git","(?-mix:^library\/cloud\/.*)",2013-11-05,"cove schneider",2,151,6
"2278","https://github.com/ansible/ansible.git","(?-mix:^lib\/ansible\/[^\/]*)",2013-11-05,"michael dehaan",30,2637,6
"2279","https://github.com/ansible/ansible.git","(?-mix:^library\/utilities\/.*)",2013-11-05,"michael dehaan",1,2,6
"2280","https://github.com/ansible/ansible.git","(?-mix:^library\/cloud\/.*)",2013-11-05,"mohan krishnan",2,16,6
"2281","https://github.com/ansible/ansible.git","(?-mix:^library\/database\/.*)",2013-11-05,"steve tjoa",1,8,6
"2282","https://github.com/ansible/ansible.git","(?-mix:^library\/packaging\/.*)",2013-11-05,"pedro romano",1,3,6
"2283","https://github.com/ansible/ansible.git","(?-mix:^library\/network\/.*)",2013-11-05,"tin tvrtkovic",1,72,6
"2284","https://github.com/ansible/ansible.git","(?-mix:^library\/utilities\/.*)",2013-11-05,"michael scherer",2,9,6
"2285","https://github.com/ansible/ansible.git","(?-mix:^library\/cloud\/.*)",2013-11-05,"james laska",1,28,6
"2286","https://github.com/ansible/ansible.git","(?-mix:^lib\/ansible\/[^\/]*)",2013-11-05,"steve weber",1,4,6
"2287","https://github.com/ansible/ansible.git","(?-mix:^library\/packaging\/.*)",2013-11-05,"yegor minin",1,54,6
"2288","https://github.com/ansible/ansible.git","(?-mix:^library\/cloud\/.*)",2013-11-05,"james tanner",10,229,6
"2289","https://github.com/ansible/ansible.git","(?-mix:^lib\/ansible\/[^\/]*)",2013-11-05,"alan fairless",6,191,6
"2290","https://github.com/ansible/ansible.git","(?-mix:^library\/cloud\/.*)",2013-11-05,"alan fairless",1,2,6
"2291","https://github.com/ansible/ansible.git","(?-mix:^library\/system\/.*)",2013-11-05,"hiroaki nakamura",1,2,6
"2292","https://github.com/ansible/ansible.git","(?-mix:^library\/source_control\/.*)",2013-11-05,"michael dehaan",4,23,6
"2293","https://github.com/ansible/ansible.git","(?-mix:^library\/cloud\/.*)",2013-11-05,"brian cavagnolo",1,2,6
"2294","https://github.com/ansible/ansible.git","(?-mix:^library\/cloud\/.*)",2013-11-05,"michael dehaan",1,4,6
"2295","https://github.com/ansible/ansible.git","(?-mix:^library\/system\/.*)",2013-11-05,"michael dehaan",4,22,6
"2296","https://github.com/ansible/ansible.git","(?-mix:^library\/system\/.*)",2013-11-05,"michael scherer",6,40,6
"2297","https://github.com/ansible/ansible.git","(?-mix:^library\/source_control\/.*)",2013-11-05,"christian goetze",1,74,6
"2298","https://github.com/ansible/ansible.git","(?-mix:^library\/system\/.*)",2013-11-05,"scott dunlop",1,4,6
"2299","https://github.com/ansible/ansible.git","(?-mix:^library\/cloud\/.*)",2013-11-05,"sheldon hearn",1,2,6
"2300","https://github.com/ansible/ansible.git","(?-mix:^library\/cloud\/.*)",2013-11-05,"john dewey",1,2,6
"2301","https://github.com/ansible/ansible.git","(?-mix:^lib\/ansible\/[^\/]*)",2013-11-05,"brian coca",1,97,6
"2302","https://github.com/ansible/ansible.git","(?-mix:^library\/files\/.*)",2013-11-05,"brian coca",1,15,6
"2303","https://github.com/ansible/ansible.git","(?-mix:^library\/packaging\/.*)",2013-11-05,"chrisalbright",1,2,6
"2304","https://github.com/ansible/ansible.git","(?-mix:^library\/files\/.*)",2013-11-05,"daniel koch",1,2,6
"2305","https://github.com/ansible/ansible.git","(?-mix:^lib\/ansible\/[^\/]*)",2013-11-05,"matt martz",6,24,6
"2306","https://github.com/ansible/ansible.git","(?-mix:^library\/system\/.*)",2013-11-05,"james tanner",3,18,6
"2307","https://github.com/ansible/ansible.git","(?-mix:^library\/source_control\/.*)",2013-11-05,"phillip",1,173,6
"2308","https://github.com/ansible/ansible.git","(?-mix:^library\/packaging\/.*)",2013-11-05,"marcus cobden",1,3,6
"2309","https://github.com/ansible/ansible.git","(?-mix:^plugins\/inventory\/.*\.py)",2013-11-05,"paul durivage",8,264,6
"2310","https://github.com/ansible/ansible.git","(?-mix:^library\/database\/.*)",2013-11-05,"james tanner",1,4,6
"2311","https://github.com/ansible/ansible.git","(?-mix:^library\/packaging\/.*)",2013-11-05,"thomas omans",1,2,6
"2312","https://github.com/ansible/ansible.git","(?-mix:^library\/net_infrastructure\/.*)",2013-11-05,"matt hite",1,4,6
"2313","https://github.com/ansible/ansible.git","(?-mix:^library\/system\/.*)",2013-11-05,"james cammarata",2,77,6
"2314","https://github.com/ansible/ansible.git","(?-mix:^library\/net_infrastructure\/.*)",2013-11-05,"serge van ginderachter",12,917,6
"2315","https://github.com/ansible/ansible.git","(?-mix:^library\/cloud\/.*)",2013-11-05,"scott armit",1,50,6
"2316","https://github.com/ansible/ansible.git","(?-mix:^library\/system\/.*)",2013-11-05,"christian berendt",2,0,6
"2317","https://github.com/ansible/ansible.git","(?-mix:^library\/cloud\/.*)",2013-11-05,"kiri",1,1,6
"2318","https://github.com/ansible/ansible.git","(?-mix:^lib\/ansible\/[^\/]*)",2013-11-05,"benno joy",1,66,6
"2319","https://github.com/ansible/ansible.git","(?-mix:^library\/files\/.*)",2013-11-05,"michael dehaan",1,2,6
"2320","https://github.com/ansible/ansible.git","(?-mix:^plugins\/inventory\/.*\.py)",2013-11-05,"peter gehres",1,239,6
"2321","https://github.com/ansible/ansible.git","(?-mix:^library\/database\/.*)",2013-11-05,"brian coca",3,91,6
"2322","https://github.com/ansible/ansible.git","(?-mix:^library\/cloud\/.*)",2013-11-05,"christian berendt",1,0,6
"2323","https://github.com/ansible/ansible.git","(?-mix:^plugins\/inventory\/.*\.py)",2013-11-05,"sebastien goasguen",1,355,6
"2324","https://github.com/ansible/ansible.git","(?-mix:^lib\/ansible\/[^\/]*)",2013-11-05,"serge van ginderachter",3,3,6
"2325","https://github.com/ansible/ansible.git","(?-mix:^lib\/ansible\/[^\/]*)",2013-11-05,"jan-piet mens",2,76,6
"2326","https://github.com/ansible/ansible.git","(?-mix:^library\/net_infrastructure\/.*)",2013-11-05,"james tanner",1,2,6
"2327","https://github.com/ansible/ansible.git","(?-mix:^library\/files\/.*)",2013-11-05,"jon kolb",1,31,6
"2328","https://github.com/ansible/ansible.git","(?-mix:^lib\/ansible\/[^\/]*)",2013-11-05,"james cammarata",1,6,6
"2329","https://github.com/ansible/ansible.git","(?-mix:^library\/files\/.*)",2013-11-05,"dave simons",1,2,6
"2330","https://github.com/ansible/ansible.git","(?-mix:^library\/database\/.*)",2013-11-05,"maykel moya",1,2,6
"2331","https://github.com/ansible/ansible.git","(?-mix:^library\/cloud\/.*)",2013-11-05,"benno joy",1,6,6
"2332","https://github.com/ansible/ansible.git","(?-mix:^library\/files\/.*)",2013-11-05,"dylan martin",3,278,6
"2333","https://github.com/ansible/ansible.git","(?-mix:^lib\/ansible\/[^\/]*)",2013-11-05,"dylan martin",1,77,6
"2334","https://github.com/ansible/ansible.git","(?-mix:^library\/system\/.*)",2013-11-05,"scott sturdivant",1,13,6
"2335","https://github.com/ansible/ansible.git","(?-mix:^library\/net_infrastructure\/.*)",2013-08-09,"serge van ginderachter",1,260,7
"2336","https://github.com/ansible/ansible.git","(?-mix:^lib\/ansible\/[^\/]*)",2013-08-09,"james tanner",3,12,7
"2337","https://github.com/ansible/ansible.git","(?-mix:^library\/packaging\/.*)",2013-08-09,"rene moser",1,6,7
"2338","https://github.com/ansible/ansible.git","(?-mix:^library\/cloud\/.*)",2013-08-09,"benno joy",2,28,7
"2339","https://github.com/ansible/ansible.git","(?-mix:^library\/cloud\/.*)",2013-08-09,"jim dalton",2,17,7
"2340","https://github.com/ansible/ansible.git","(?-mix:^lib\/ansible\/[^\/]*)",2013-08-09,"timothy appnel",1,4,7
"2341","https://github.com/ansible/ansible.git","(?-mix:^library\/system\/.*)",2013-08-09,"eugene archibald",2,1,7
"2342","https://github.com/ansible/ansible.git","(?-mix:^lib\/ansible\/[^\/]*)",2013-08-09,"michael dehaan",40,573,7
"2343","https://github.com/ansible/ansible.git","(?-mix:^library\/cloud\/.*)",2013-08-09,"michael dehaan",15,130,7
"2344","https://github.com/ansible/ansible.git","(?-mix:^library\/packaging\/.*)",2013-08-09,"michael dehaan",6,25,7
"2345","https://github.com/ansible/ansible.git","(?-mix:^library\/system\/.*)",2013-08-09,"michael dehaan",5,9,7
"2346","https://github.com/ansible/ansible.git","(?-mix:^library\/utilities\/.*)",2013-08-09,"michael dehaan",2,12,7
"2347","https://github.com/ansible/ansible.git","(?-mix:^library\/packaging\/.*)",2013-08-09,"jonathan mainguy",4,36,7
"2348","https://github.com/ansible/ansible.git","(?-mix:^library\/database\/.*)",2013-08-09,"jonathan mainguy",2,62,7
"2349","https://github.com/ansible/ansible.git","(?-mix:^library\/packaging\/.*)",2013-08-09,"jimmy tang",2,8,7
"2350","https://github.com/ansible/ansible.git","(?-mix:^library\/web_infrastructure\/.*)",2013-08-09,"patrick michaud",1,4,7
"2351","https://github.com/ansible/ansible.git","(?-mix:^library\/packaging\/.*)",2013-08-09,"michael scherer",1,3,7
"2352","https://github.com/ansible/ansible.git","(?-mix:^lib\/ansible\/[^\/]*)",2013-08-09,"michael scherer",1,92,7
"2353","https://github.com/ansible/ansible.git","(?-mix:^library\/system\/.*)",2013-08-09,"michael scherer",1,10,7
"2354","https://github.com/ansible/ansible.git","(?-mix:^library\/cloud\/.*)",2013-08-09,"peter sankauskas",2,128,7
"2355","https://github.com/ansible/ansible.git","(?-mix:^library\/database\/.*)",2013-08-09,"james tanner",3,86,7
"2356","https://github.com/ansible/ansible.git","(?-mix:^lib\/ansible\/[^\/]*)",2013-08-09,"brian coca",2,17,7
"2357","https://github.com/ansible/ansible.git","(?-mix:^lib\/ansible\/[^\/]*)",2013-08-09,"tim gerla",1,1,7
"2358","https://github.com/ansible/ansible.git","(?-mix:^library\/cloud\/.*)",2013-08-09,"brian schott",1,8,7
"2359","https://github.com/ansible/ansible.git","(?-mix:^library\/system\/.*)",2013-08-09,"james tanner",6,76,7
"2360","https://github.com/ansible/ansible.git","(?-mix:^library\/database\/.*)",2013-08-09,"maykel moya",1,4,7
"2361","https://github.com/ansible/ansible.git","(?-mix:^library\/system\/.*)",2013-08-09,"thomas ronner",1,2,7
"2362","https://github.com/ansible/ansible.git","(?-mix:^lib\/ansible\/[^\/]*)",2013-08-09,"martynas mickevicius",3,14,7
"2363","https://github.com/ansible/ansible.git","(?-mix:^library\/packaging\/.*)",2013-08-09,"maykel moya",2,11,7
"2364","https://github.com/ansible/ansible.git","(?-mix:^lib\/ansible\/[^\/]*)",2013-08-09,"stoned elipot",1,2,7
"2365","https://github.com/ansible/ansible.git","(?-mix:^library\/cloud\/.*)",2013-08-09,"lorin hochstein",1,12,7
"2366","https://github.com/ansible/ansible.git","(?-mix:^lib\/ansible\/[^\/]*)",2013-08-09,"tomaz muraus",1,9,7
"2367","https://github.com/ansible/ansible.git","(?-mix:^library\/source_control\/.*)",2013-08-09,"yap sok ann",6,100,7
"2368","https://github.com/ansible/ansible.git","(?-mix:^lib\/ansible\/[^\/]*)",2013-08-09,"gabe mulley",1,5,7
"2369","https://github.com/ansible/ansible.git","(?-mix:^library\/packaging\/.*)",2013-08-09,"james tanner",2,2,7
"2370","https://github.com/ansible/ansible.git","(?-mix:^library\/system\/.*)",2013-08-09,"hiroaki nakamura",2,64,7
"2371","https://github.com/ansible/ansible.git","(?-mix:^lib\/ansible\/[^\/]*)",2013-08-09,"paul sokolovsky",5,115,7
"2372","https://github.com/ansible/ansible.git","(?-mix:^library\/files\/.*)",2013-08-09,"paul sokolovsky",2,25,7
"2373","https://github.com/ansible/ansible.git","(?-mix:^library\/system\/.*)",2013-08-09,"james cammarata",2,143,7
"2374","https://github.com/ansible/ansible.git","(?-mix:^library\/system\/.*)",2013-08-09,"stefan heinemann",2,41,7
"2375","https://github.com/ansible/ansible.git","(?-mix:^library\/packaging\/.*)",2013-08-09,"mickaël rémond",1,20,7
"2376","https://github.com/ansible/ansible.git","(?-mix:^library\/web_infrastructure\/.*)",2013-08-09,"jeroen hoekx",1,140,7
"2377","https://github.com/ansible/ansible.git","(?-mix:^lib\/ansible\/[^\/]*)",2013-08-09,"thomas omans",3,32,7
"2378","https://github.com/ansible/ansible.git","(?-mix:^library\/cloud\/.*)",2013-08-09,"cove schneider",7,495,7
"2379","https://github.com/ansible/ansible.git","(?-mix:^plugins\/inventory\/.*\.py)",2013-08-09,"constantine peresypkin",1,1,7
"2380","https://github.com/ansible/ansible.git","(?-mix:^library\/cloud\/.*)",2013-08-09,"constantine peresypkin",1,14,7
"2381","https://github.com/ansible/ansible.git","(?-mix:^library\/packaging\/.*)",2013-08-09,"pedro romano",7,134,7
"2382","https://github.com/ansible/ansible.git","(?-mix:^library\/files\/.*)",2013-08-09,"michael dehaan",1,31,7
"2383","https://github.com/ansible/ansible.git","(?-mix:^library\/files\/.*)",2013-08-09,"brian coca",1,3,7
"2384","https://github.com/ansible/ansible.git","(?-mix:^library\/packaging\/.*)",2013-08-09,"jurrien bloemen",1,2,7
"2385","https://github.com/ansible/ansible.git","(?-mix:^library\/system\/.*)",2013-08-09,"keith buck",1,27,7
"2386","https://github.com/ansible/ansible.git","(?-mix:^library\/cloud\/.*)",2013-08-09,"eric johnson",7,33,7
"2387","https://github.com/ansible/ansible.git","(?-mix:^library\/packaging\/.*)",2013-08-09,"renan ivo",3,37,7
"2388","https://github.com/ansible/ansible.git","(?-mix:^library\/net_infrastructure\/.*)",2013-08-09,"david stygstra",2,16,7
"2389","https://github.com/ansible/ansible.git","(?-mix:^library\/files\/.*)",2013-08-09,"joe maller",1,2,7
"2390","https://github.com/ansible/ansible.git","(?-mix:^library\/web_infrastructure\/.*)",2013-08-09,"thomas omans",1,2,7
"2391","https://github.com/ansible/ansible.git","(?-mix:^library\/network\/.*)",2013-08-09,"michael scherer",1,11,7
"2392","https://github.com/ansible/ansible.git","(?-mix:^library\/cloud\/.*)",2013-08-09,"harrison gu",1,4,7
"2393","https://github.com/ansible/ansible.git","(?-mix:^library\/files\/.*)",2013-08-09,"julian yap",1,8,7
"2394","https://github.com/ansible/ansible.git","(?-mix:^library\/files\/.*)",2013-08-09,"drewlll2ll",1,2,7
"2395","https://github.com/ansible/ansible.git","(?-mix:^library\/system\/.*)",2013-08-09,"david minor",1,20,7
"2396","https://github.com/ansible/ansible.git","(?-mix:^library\/cloud\/.*)",2013-08-09,"andy kluger",1,8,7
"2397","https://github.com/ansible/ansible.git","(?-mix:^library\/cloud\/.*)",2013-08-09,"james tanner",4,36,7
"2398","https://github.com/ansible/ansible.git","(?-mix:^library\/cloud\/.*)",2013-08-09,"matthew barrington",1,1,7
"2399","https://github.com/ansible/ansible.git","(?-mix:^lib\/ansible\/[^\/]*)",2013-08-09,"philip schwartz",1,4,7
"2400","https://github.com/ansible/ansible.git","(?-mix:^library\/database\/.*)",2013-08-09,"michael dehaan",1,1,7
"2401","https://github.com/ansible/ansible.git","(?-mix:^lib\/ansible\/[^\/]*)",2013-08-09,"matt martz",1,27,7
"2402","https://github.com/ansible/ansible.git","(?-mix:^library\/net_infrastructure\/.*)",2013-08-09,"michael dehaan",1,2,7
"2403","https://github.com/ansible/ansible.git","(?-mix:^library\/notification\/.*)",2013-08-09,"michael dehaan",1,2,7
"2404","https://github.com/ansible/ansible.git","(?-mix:^library\/web_infrastructure\/.*)",2013-08-09,"michael dehaan",1,2,7
"2405","https://github.com/ansible/ansible.git","(?-mix:^library\/packaging\/.*)",2013-08-09,"andy kluger",1,2,7
"2406","https://github.com/ansible/ansible.git","(?-mix:^lib\/ansible\/[^\/]*)",2013-08-09,"serge van ginderachter",3,32,7
"2407","https://github.com/ansible/ansible.git","(?-mix:^library\/database\/.*)",2013-08-09,"dylan martin",1,8,7
"2408","https://github.com/ansible/ansible.git","(?-mix:^library\/source_control\/.*)",2013-08-09,"mads weitling",2,4,7
"2409","https://github.com/ansible/ansible.git","(?-mix:^library\/files\/.*)",2013-08-09,"robert parrott",2,8,7
"2410","https://github.com/ansible/ansible.git","(?-mix:^library\/system\/.*)",2013-08-09,"boris kaul",2,100,7
"2411","https://github.com/ansible/ansible.git","(?-mix:^lib\/ansible\/[^\/]*)",2013-08-09,"jeromew",1,10,7
"2412","https://github.com/ansible/ansible.git","(?-mix:^library\/files\/.*)",2013-08-09,"jim kleckner",1,3,7
"2413","https://github.com/ansible/ansible.git","(?-mix:^lib\/ansible\/[^\/]*)",2013-08-09,"james cammarata",3,60,7
"2414","https://github.com/ansible/ansible.git","(?-mix:^library\/packaging\/.*)",2013-08-09,"jeremy price",1,12,7
"2415","https://github.com/ansible/ansible.git","(?-mix:^lib\/ansible\/[^\/]*)",2013-08-09,"jeremy price",1,9,7
"2416","https://github.com/ansible/ansible.git","(?-mix:^library\/web_infrastructure\/.*)",2013-08-09,"javier candeira",1,2,7
"2417","https://github.com/ansible/ansible.git","(?-mix:^plugins\/inventory\/.*\.py)",2013-08-09,"nandor sivok",1,4,7
"2418","https://github.com/ansible/ansible.git","(?-mix:^plugins\/inventory\/.*\.py)",2013-08-09,"eric johnson",1,8,7
"2419","https://github.com/ansible/ansible.git","(?-mix:^library\/packaging\/.*)",2013-08-09,"raul melo",4,255,7
"2420","https://github.com/ansible/ansible.git","(?-mix:^lib\/ansible\/[^\/]*)",2013-10-07,"michael dehaan",11,153,8
"2421","https://github.com/ansible/ansible.git","(?-mix:^library\/cloud\/.*)",2013-10-07,"eric johnson",4,1257,8
"2422","https://github.com/ansible/ansible.git","plugins/inventory/gce.ini",2013-10-07,"eric johnson",1,47,8
"2423","https://github.com/ansible/ansible.git","(?-mix:^plugins\/inventory\/.*\.py)",2013-10-07,"eric johnson",1,238,8
"2424","https://github.com/ansible/ansible.git","(?-mix:^library\/system\/.*)",2013-10-07,"james cammarata",15,238,8
"2425","https://github.com/ansible/ansible.git","(?-mix:^library\/cloud\/.*)",2013-10-07,"michael dehaan",1,4,8
"2426","https://github.com/ansible/ansible.git","(?-mix:^library\/system\/.*)",2013-10-07,"matt warren",1,6,8
"2427","https://github.com/ansible/ansible.git","(?-mix:^library\/cloud\/.*)",2013-10-07,"benno joy",5,779,8
"2428","https://github.com/ansible/ansible.git","(?-mix:^lib\/ansible\/[^\/]*)",2013-10-07,"andrey shorin",4,12,8
"2429","https://github.com/ansible/ansible.git","(?-mix:^lib\/ansible\/[^\/]*)",2013-10-07,"stoned elipot",1,4,8
"2430","https://github.com/ansible/ansible.git","(?-mix:^library\/packaging\/.*)",2013-10-07,"michael dehaan",1,16,8
"2431","https://github.com/ansible/ansible.git","(?-mix:^library\/notification\/.*)",2013-10-07,"michael dehaan",1,2,8
"2432","https://github.com/ansible/ansible.git","(?-mix:^library\/files\/.*)",2013-10-07,"joshua kehn",1,22,8
"2433","https://github.com/ansible/ansible.git","(?-mix:^lib\/ansible\/[^\/]*)",2013-10-07,"james tanner",1,17,8
"2434","https://github.com/ansible/ansible.git","(?-mix:^plugins\/inventory\/.*\.py)",2013-10-07,"chris church",1,9,8
"2435","https://github.com/ansible/ansible.git","(?-mix:^library\/cloud\/.*)",2013-10-07,"yap sok ann",1,17,8
"2436","https://github.com/ansible/ansible.git","(?-mix:^library\/system\/.*)",2013-10-07,"martijn lina",1,3,8
"2437","https://github.com/ansible/ansible.git","(?-mix:^library\/files\/.*)",2013-10-07,"michael dehaan",1,2,8
"2438","https://github.com/ansible/ansible.git","(?-mix:^library\/system\/.*)",2013-10-07,"skylar saveland",1,2,8
"2439","https://github.com/ansible/ansible.git","(?-mix:^library\/web_infrastructure\/.*)",2013-10-07,"stoned elipot",1,22,8
"2440","https://github.com/ansible/ansible.git","(?-mix:^library\/database\/.*)",2013-10-07,"jeroen hoekx",1,16,8
"2441","https://github.com/ansible/ansible.git","(?-mix:^library\/cloud\/.*)",2013-10-07,"daniel koch",2,29,8
"2442","https://github.com/ansible/ansible.git","(?-mix:^library\/system\/.*)",2013-10-07,"adam miller",2,6,8
"2443","https://github.com/ansible/ansible.git","(?-mix:^library\/packaging\/.*)",2013-10-07,"alexander saltanov",1,12,8
"2444","https://github.com/ansible/ansible.git","(?-mix:^library\/packaging\/.*)",2013-10-07,"andy kluger",1,2,8
"2445","https://github.com/ansible/ansible.git","(?-mix:^lib\/ansible\/[^\/]*)",2013-10-07,"james cammarata",59,325,8
"2446","https://github.com/ansible/ansible.git","(?-mix:^library\/utilities\/.*)",2013-10-07,"james cammarata",9,164,8
"2447","https://github.com/ansible/ansible.git","(?-mix:^library\/database\/.*)",2013-10-07,"dylan martin",1,63,8
"2448","https://github.com/ansible/ansible.git","(?-mix:^library\/monitoring\/.*)",2013-10-07,"ryanaudiencepi",3,26,8
"2449","https://github.com/ansible/ansible.git","(?-mix:^library\/cloud\/.*)",2013-10-07,"james laska",2,94,8
"2450","https://github.com/ansible/ansible.git","(?-mix:^library\/system\/.*)",2013-10-07,"nace oroz",1,6,8
"2451","https://github.com/ansible/ansible.git","(?-mix:^library\/web_infrastructure\/.*)",2013-10-07,"michael dehaan",1,6,8
"2452","https://github.com/ansible/ansible.git","(?-mix:^library\/cloud\/.*)",2013-10-07,"tim gerla",1,4,8
"2453","https://github.com/ansible/ansible.git","(?-mix:^library\/cloud\/.*)",2013-10-07,"james tanner",1,2,8
"2454","https://github.com/ansible/ansible.git","(?-mix:^library\/source_control\/.*)",2013-10-07,"james tanner",4,0,8
"2455","https://github.com/ansible/ansible.git","(?-mix:^library\/web_infrastructure\/.*)",2013-10-07,"peter sprygada",1,212,8
"2456","https://github.com/ansible/ansible.git","(?-mix:^library\/cloud\/.*)",2013-10-07,"jim dalton",4,1176,8
"2457","https://github.com/ansible/ansible.git","(?-mix:^library\/system\/.*)",2013-10-07,"cdigiovanni",1,33,8
"2458","https://github.com/ansible/ansible.git","(?-mix:^library\/database\/.*)",2013-10-07,"damian moore",1,22,8
"2459","https://github.com/ansible/ansible.git","(?-mix:^lib\/ansible\/[^\/]*)",2013-10-07,"matt martz",1,8,8
"2460","https://github.com/ansible/ansible.git","(?-mix:^library\/system\/.*)",2013-10-07,"brian harring",1,2,8
"2461","https://github.com/ansible/ansible.git","(?-mix:^library\/cloud\/.*)",2013-10-07,"petr svoboda",5,42,8
"2462","https://github.com/ansible/ansible.git","(?-mix:^library\/system\/.*)",2013-10-07,"nils pascal illenseer",1,4,8
"2463","https://github.com/ansible/ansible.git","(?-mix:^lib\/ansible\/[^\/]*)",2013-10-07,"brian harring",4,24,8
"2464","https://github.com/ansible/ansible.git","(?-mix:^lib\/ansible\/[^\/]*)",2013-10-07,"ustun ozgur",1,2,8
"2465","https://github.com/ansible/ansible.git","(?-mix:^library\/packaging\/.*)",2013-10-07,"blair zajac",2,18,8
"2466","https://github.com/ansible/ansible.git","(?-mix:^library\/system\/.*)",2013-10-07,"cristobal rosa",2,9,8
"2467","https://github.com/ansible/ansible.git","(?-mix:^plugins\/inventory\/.*\.py)",2013-10-07,"paul durivage",2,6,8
"2468","https://github.com/ansible/ansible.git","(?-mix:^library\/network\/.*)",2013-10-07,"joshua lund",1,12,8
"2469","https://github.com/ansible/ansible.git","(?-mix:^lib\/ansible\/[^\/]*)",2013-10-07,"julien phalip",1,6,8
"2470","https://github.com/ansible/ansible.git","(?-mix:^lib\/ansible\/[^\/]*)",2013-10-07,"brian coca",2,7,8
"2471","https://github.com/ansible/ansible.git","(?-mix:^library\/source_control\/.*)",2013-10-07,"skylar saveland",4,239,8
"2472","https://github.com/ansible/ansible.git","(?-mix:^library\/cloud\/.*)",2013-10-07,"jan urbański",1,2,8
"2473","https://github.com/ansible/ansible.git","(?-mix:^lib\/ansible\/[^\/]*)",2013-10-07,"james martin",2,2,8
"2474","https://github.com/ansible/ansible.git","(?-mix:^lib\/ansible\/[^\/]*)",2013-10-07,"benno joy",7,67,8
"2475","https://github.com/ansible/ansible.git","(?-mix:^lib\/ansible\/[^\/]*)",2013-10-07,"matt coddington",1,2,8
"2476","https://github.com/ansible/ansible.git","(?-mix:^lib\/ansible\/[^\/]*)",2013-10-07,"preston marshall",1,2,8
"2477","https://github.com/ansible/ansible.git","(?-mix:^library\/cloud\/.*)",2013-10-07,"james cammarata",7,26,8
"2478","https://github.com/ansible/ansible.git","(?-mix:^library\/web_infrastructure\/.*)",2013-10-07,"james cammarata",1,2,8
"2479","https://github.com/ansible/ansible.git","(?-mix:^library\/packaging\/.*)",2013-10-07,"abelbabel",3,17,8
"2480","https://github.com/ansible/ansible.git","(?-mix:^lib\/ansible\/[^\/]*)",2013-10-07,"jasper capel",1,4,8
"2481","https://github.com/ansible/ansible.git","(?-mix:^lib\/ansible\/[^\/]*)",2013-10-07,"nextus",2,6,8
"2482","https://github.com/ansible/ansible.git","(?-mix:^library\/source_control\/.*)",2013-10-07,"steve fox",1,2,8
"2483","https://github.com/ansible/ansible.git","(?-mix:^library\/web_infrastructure\/.*)",2013-10-07,"thomas omans",2,20,8
"2484","https://github.com/ansible/ansible.git","(?-mix:^library\/web_infrastructure\/.*)",2013-10-07,"jake kreider",1,2,8
"2485","https://github.com/ansible/ansible.git","(?-mix:^library\/system\/.*)",2013-10-07,"tomasz lesniewski",2,7,8
"2486","https://github.com/ansible/ansible.git","(?-mix:^library\/system\/.*)",2013-10-07,"dag wieers",1,3,8
"2487","https://github.com/ansible/ansible.git","(?-mix:^plugins\/inventory\/.*\.py)",2013-10-07,"herby gillot",3,73,8
"2488","https://github.com/ansible/ansible.git","(?-mix:^library\/files\/.*)",2013-10-07,"james cammarata",4,28,8
"2489","https://github.com/ansible/ansible.git","(?-mix:^library\/system\/.*)",2013-10-07,"maciej delmanowski",2,9,8
"2490","https://github.com/ansible/ansible.git","(?-mix:^library\/utilities\/.*)",2013-10-07,"andrey shorin",2,6,8
"2491","https://github.com/ansible/ansible.git","(?-mix:^library\/system\/.*)",2013-10-07,"johan wirén",1,6,8
"2492","https://github.com/ansible/ansible.git","(?-mix:^library\/files\/.*)",2013-10-07,"rené moser",3,29,8
"2493","https://github.com/ansible/ansible.git","(?-mix:^lib\/ansible\/[^\/]*)",2013-10-07,"alek storm",1,2,8
"2494","https://github.com/ansible/ansible.git","(?-mix:^library\/files\/.*)",2013-10-07,"phillip",1,15,8
"2495","https://github.com/ansible/ansible.git","(?-mix:^library\/packaging\/.*)",2013-10-07,"pieter avonts",1,3,8
"2496","https://github.com/ansible/ansible.git","(?-mix:^library\/system\/.*)",2013-10-07,"petr svoboda",1,2,8
"2497","https://github.com/ansible/ansible.git","(?-mix:^library\/packaging\/.*)",2013-10-07,"rené moser",3,14,8
"2498","https://github.com/ansible/ansible.git","(?-mix:^lib\/ansible\/[^\/]*)",2013-10-07,"nigel metheringham",1,4,8
"2499","https://github.com/ansible/ansible.git","(?-mix:^library\/files\/.*)",2013-10-07,"timothy appnel",7,299,8
"2500","https://github.com/ansible/ansible.git","(?-mix:^lib\/ansible\/[^\/]*)",2013-10-07,"timothy appnel",3,111,8
"2501","https://github.com/ansible/ansible.git","(?-mix:^library\/net_infrastructure\/.*)",2013-10-07,"david stygstra",2,262,8
"2502","https://github.com/ansible/ansible.git","(?-mix:^library\/cloud\/.*)",2013-10-07,"jeremy price",1,2,8
"2503","https://github.com/ansible/ansible.git","(?-mix:^lib\/ansible\/[^\/]*)",2013-10-07,"thomas omans",1,7,8
"2504","https://github.com/ansible/ansible.git","(?-mix:^library\/system\/.*)",2013-10-07,"david stygstra",2,104,8
"2505","https://github.com/ansible/ansible.git","(?-mix:^library\/web_infrastructure\/.*)",2013-10-07,"lorin hochstein",1,4,8
"2506","https://github.com/ansible/ansible.git","(?-mix:^library\/cloud\/.*)",2013-10-07,"david stygstra",1,11,8
"2507","https://github.com/ansible/ansible.git","(?-mix:^library\/utilities\/.*)",2013-10-07,"erick yellott",1,4,8
"2508","https://github.com/ansible/ansible.git","(?-mix:^library\/cloud\/.*)",2013-10-07,"ralph bean",5,72,8
"2509","https://github.com/ansible/ansible.git","(?-mix:^lib\/ansible\/[^\/]*)",2013-10-07,"marcin płonka",1,3,8
"2510","https://github.com/ansible/ansible.git","(?-mix:^plugins\/inventory\/.*\.py)",2013-10-07,"rené moser",1,8,8
"2511","https://github.com/ansible/ansible.git","(?-mix:^lib\/ansible\/[^\/]*)",2013-10-07,"stephen fromm",3,22,8
"2512","https://github.com/ansible/ansible.git","(?-mix:^library\/packaging\/.*)",2013-10-07,"rene moser",1,1,8
"2513","https://github.com/ansible/ansible.git","(?-mix:^lib\/ansible\/[^\/]*)",2013-10-07,"skylar saveland",2,5,8
"2514","https://github.com/ansible/ansible.git","(?-mix:^library\/monitoring\/.*)",2013-10-07,"shuhao wu",1,2,8
"2515","https://github.com/ansible/ansible.git","(?-mix:^lib\/ansible\/[^\/]*)",2013-10-07,"les aker",1,3,8
"2516","https://github.com/ansible/ansible.git","(?-mix:^library\/system\/.*)",2013-10-07,"r-p-e",1,9,8
"2517","https://github.com/ansible/ansible.git","(?-mix:^plugins\/inventory\/.*\.py)",2013-10-07,"michael scherer",1,37,8
"2518","https://github.com/ansible/ansible.git","(?-mix:^lib\/ansible\/[^\/]*)",2013-10-07,"michael scherer",2,146,8
"2519","https://github.com/ansible/ansible.git","(?-mix:^library\/system\/.*)",2013-10-07,"ingo gottwald",1,13,8
"2520","https://github.com/ansible/ansible.git","(?-mix:^library\/cloud\/.*)",2013-10-07,"lorin hochstein",1,58,8
"2521","https://github.com/ansible/ansible.git","(?-mix:^library\/cloud\/.*)",2013-10-07,"charles blonde",4,48,8
"2522","https://github.com/ansible/ansible.git","(?-mix:^library\/system\/.*)",2013-10-07,"thomas jost",1,3,8
"2523","https://github.com/ansible/ansible.git","(?-mix:^library\/packaging\/.*)",2013-10-07,"james cammarata",3,33,8
"2524","https://github.com/ansible/ansible.git","(?-mix:^library\/files\/.*)",2013-10-07,"brian coca",1,125,8
"2525","https://github.com/ansible/ansible.git","(?-mix:^library\/packaging\/.*)",2013-10-07,"hiroaki nakamura",2,16,8
"2526","https://github.com/ansible/ansible.git","(?-mix:^lib\/ansible\/[^\/]*)",2013-10-07,"marcin kałuża",2,14,8
"2527","https://github.com/ansible/ansible.git","(?-mix:^library\/packaging\/.*)",2013-10-07,"yap sok ann",1,3,8
"2528","https://github.com/ansible/ansible.git","(?-mix:^lib\/ansible\/[^\/]*)",2013-10-07,"hiroaki nakamura",4,24,8
"2529","https://github.com/ansible/ansible.git","(?-mix:^lib\/ansible\/[^\/]*)",2013-10-07,"serge van ginderachter",1,61,8
"2530","https://github.com/ansible/ansible.git","(?-mix:^lib\/ansible\/[^\/]*)",2013-10-07,"kavin kankeshwar",1,11,8
"2531","https://github.com/ansible/ansible.git","(?-mix:^library\/net_infrastructure\/.*)",2013-10-07,"matt hite",2,193,8
"2532","https://github.com/ansible/ansible.git","(?-mix:^lib\/ansible\/[^\/]*)",2013-10-07,"james laska",1,2,8
"2533","https://github.com/ansible/ansible.git","(?-mix:^library\/system\/.*)",2013-10-07,"james laska",1,2,8
"2534","https://github.com/ansible/ansible.git","(?-mix:^library\/database\/.*)",2013-10-07,"james cammarata",4,4,8
"2535","https://github.com/ansible/ansible.git","(?-mix:^library\/database\/.*)",2013-10-07,"james martin",1,21,8
"2536","https://github.com/ansible/ansible.git","(?-mix:^library\/database\/.*)",2013-10-07,"john hamelink",1,11,8
"2537","https://github.com/ansible/ansible.git","(?-mix:^library\/system\/.*)",2013-10-07,"brian coca",1,15,8
"2538","https://github.com/ansible/ansible.git","(?-mix:^lib\/ansible\/[^\/]*)",2013-10-07,"keiichi mori",1,2,8
"2539","https://github.com/ansible/ansible.git","(?-mix:^library\/database\/.*)",2013-10-07,"aurélien bompard",1,27,8
"2540","https://github.com/ansible/ansible.git","(?-mix:^lib\/ansible\/[^\/]*)",2013-10-07,"scott sturdivant",1,4,8
"2541","https://github.com/ansible/ansible.git","(?-mix:^library\/database\/.*)",2013-10-07,"tom dymond",2,16,8
"2542","https://github.com/ansible/ansible.git","(?-mix:^library\/web_infrastructure\/.*)",2013-10-07,"jell",1,19,8
"2543","https://github.com/ansible/ansible.git","(?-mix:^lib\/ansible\/[^\/]*)",2013-10-07,"will thames",1,2,8
"2544","https://github.com/ansible/ansible.git","(?-mix:^lib\/ansible\/[^\/]*)",2013-10-07,"guersam",1,2,8
"2545","https://github.com/ansible/ansible.git","(?-mix:^library\/database\/.*)",2013-10-07,"teraoka yoshinori",1,4,8
"2546","https://github.com/ansible/ansible.git","(?-mix:^lib\/ansible\/[^\/]*)",2013-10-07,"kavink",1,10,8
"2547","https://github.com/ansible/ansible.git","(?-mix:^lib\/ansible\/[^\/]*)",2013-10-07,"smoothify",2,9,8
"2548","https://github.com/ansible/ansible.git","(?-mix:^library\/system\/.*)",2013-10-07,"serge van ginderachter",1,373,8
"2549","https://github.com/ansible/ansible.git","(?-mix:^lib\/ansible\/[^\/]*)",2013-09-03,"james cammarata",54,1155,9
"2550","https://github.com/ansible/ansible.git","(?-mix:^plugins\/inventory\/.*\.py)",2013-09-03,"herby gillot",2,7,9
"2551","https://github.com/ansible/ansible.git","(?-mix:^library\/files\/.*)",2013-09-03,"marcus mccurdy",2,4,9
"2552","https://github.com/ansible/ansible.git","(?-mix:^library\/cloud\/.*)",2013-09-03,"james pharaoh",2,7,9
"2553","https://github.com/ansible/ansible.git","(?-mix:^library\/net_infrastructure\/.*)",2013-09-03,"serge van ginderachter",1,48,9
"2554","https://github.com/ansible/ansible.git","(?-mix:^lib\/ansible\/[^\/]*)",2013-09-03,"stoned elipot",28,142,9
"2555","https://github.com/ansible/ansible.git","(?-mix:^library\/net_infrastructure\/.*)",2013-09-03,"matt hite",7,1000,9
"2556","https://github.com/ansible/ansible.git","(?-mix:^plugins\/inventory\/.*\.py)",2013-09-03,"jeremy price",1,2,9
"2557","https://github.com/ansible/ansible.git","(?-mix:^library\/utilities\/.*)",2013-09-03,"james cammarata",6,423,9
"2558","https://github.com/ansible/ansible.git","(?-mix:^library\/network\/.*)",2013-09-03,"serge van ginderachter",1,2,9
"2559","https://github.com/ansible/ansible.git","(?-mix:^library\/cloud\/.*)",2013-09-03,"darragh o'reilly",3,58,9
"2560","https://github.com/ansible/ansible.git","(?-mix:^lib\/ansible\/[^\/]*)",2013-09-03,"bruce pennypacker",2,14,9
"2561","https://github.com/ansible/ansible.git","(?-mix:^library\/cloud\/.*)",2013-09-03,"jharrod lafon",1,2,9
"2562","https://github.com/ansible/ansible.git","(?-mix:^library\/system\/.*)",2013-09-03,"raul melo",1,10,9
"2563","https://github.com/ansible/ansible.git","(?-mix:^lib\/ansible\/[^\/]*)",2013-09-03,"wincent colaiuta",1,2,9
"2564","https://github.com/ansible/ansible.git","(?-mix:^library\/packaging\/.*)",2013-09-03,"james cammarata",6,64,9
"2565","https://github.com/ansible/ansible.git","(?-mix:^library\/system\/.*)",2013-09-03,"james cammarata",3,7,9
"2566","https://github.com/ansible/ansible.git","(?-mix:^library\/system\/.*)",2013-09-03,"hiroaki nakamura",5,331,9
"2567","https://github.com/ansible/ansible.git","(?-mix:^library\/packaging\/.*)",2013-09-03,"jocelyn jaubert",1,4,9
"2568","https://github.com/ansible/ansible.git","(?-mix:^library\/packaging\/.*)",2013-09-03,"hiroaki nakamura",1,4,9
"2569","https://github.com/ansible/ansible.git","(?-mix:^library\/system\/.*)",2013-09-03,"marcin płonka",1,2,9
"2570","https://github.com/ansible/ansible.git","(?-mix:^lib\/ansible\/[^\/]*)",2013-09-03,"jocelyn jaubert",2,8,9
"2571","https://github.com/ansible/ansible.git","(?-mix:^library\/cloud\/.*)",2013-09-03,"james cammarata",2,4,9
"2572","https://github.com/ansible/ansible.git","(?-mix:^library\/cloud\/.*)",2013-09-03,"bruce pennypacker",13,901,9
"2573","https://github.com/ansible/ansible.git","(?-mix:^library\/system\/.*)",2013-09-03,"shirou",1,7,9
"2574","https://github.com/ansible/ansible.git","(?-mix:^library\/files\/.*)",2013-09-03,"brian coca",6,445,9
"2575","https://github.com/ansible/ansible.git","(?-mix:^plugins\/inventory\/.*\.py)",2013-09-03,"rené moser",2,28,9
"2576","https://github.com/ansible/ansible.git","(?-mix:^library\/source_control\/.*)",2013-09-03,"johan wirén",1,4,9
"2577","https://github.com/ansible/ansible.git","(?-mix:^library\/cloud\/.*)",2013-09-03,"arthur taylor",1,17,9
"2578","https://github.com/ansible/ansible.git","(?-mix:^library\/cloud\/.*)",2013-09-03,"joshua lund",2,4,9
"2579","https://github.com/ansible/ansible.git","(?-mix:^library\/commands\/.*)",2013-09-03,"jesse keating",1,9,9
"2580","https://github.com/ansible/ansible.git","(?-mix:^library\/packaging\/.*)",2013-09-03,"alexander winkler",2,181,9
"2581","https://github.com/ansible/ansible.git","(?-mix:^lib\/ansible\/[^\/]*)",2013-09-03,"michael scherer",6,47,9
"2582","https://github.com/ansible/ansible.git","(?-mix:^lib\/ansible\/[^\/]*)",2013-09-03,"kavin kankeshwar",3,14,9
"2583","https://github.com/ansible/ansible.git","(?-mix:^library\/source_control\/.*)",2013-09-03,"stephen fromm",3,29,9
"2584","https://github.com/ansible/ansible.git","(?-mix:^lib\/ansible\/[^\/]*)",2013-09-03,"smoothify",1,25,9
"2585","https://github.com/ansible/ansible.git","(?-mix:^library\/files\/.*)",2013-09-03,"james cammarata",3,18,9
"2586","https://github.com/ansible/ansible.git","(?-mix:^lib\/ansible\/[^\/]*)",2013-09-03,"petr svoboda",2,19,9
"2587","https://github.com/ansible/ansible.git","(?-mix:^lib\/ansible\/[^\/]*)",2013-09-03,"brian harring",2,16,9
"2588","https://github.com/ansible/ansible.git","(?-mix:^library\/database\/.*)",2013-09-03,"james cammarata",3,4,9
"2589","https://github.com/ansible/ansible.git","(?-mix:^lib\/ansible\/[^\/]*)",2013-09-03,"matt saunders",1,2,9
"2590","https://github.com/ansible/ansible.git","(?-mix:^library\/cloud\/.*)",2013-09-03,"andrew de quincey",1,226,9
"2591","https://github.com/ansible/ansible.git","(?-mix:^plugins\/inventory\/.*\.py)",2013-09-03,"greg buehler",1,113,9
"2592","https://github.com/ansible/ansible.git","(?-mix:^library\/packaging\/.*)",2013-09-03,"sjahl",1,1,9
"2593","https://github.com/ansible/ansible.git","(?-mix:^library\/packaging\/.*)",2013-09-03,"mark harrison",2,50,9
"2594","https://github.com/ansible/ansible.git","(?-mix:^library\/packaging\/.*)",2013-09-03,"michael scherer",1,7,9
"2595","https://github.com/ansible/ansible.git","(?-mix:^library\/cloud\/.*)",2013-09-03,"michael scherer",2,13,9
"2596","https://github.com/ansible/ansible.git","(?-mix:^library\/system\/.*)",2013-09-03,"adam miller",2,297,9
"2597","https://github.com/ansible/ansible.git","(?-mix:^lib\/ansible\/[^\/]*)",2013-09-03,"michael dehaan",52,700,9
"2598","https://github.com/ansible/ansible.git","(?-mix:^library\/files\/.*)",2013-09-03,"michael dehaan",7,348,9
"2599","https://github.com/ansible/ansible.git","(?-mix:^library\/monitoring\/.*)",2013-09-03,"brian coca",1,10,9
"2600","https://github.com/ansible/ansible.git","(?-mix:^plugins\/callbacks\/.*\.py)",2013-09-03,"michael scherer",1,11,9
"2601","https://github.com/ansible/ansible.git","(?-mix:^lib\/ansible\/[^\/]*)",2013-09-03,"luca berruti",2,6,9
"2602","https://github.com/ansible/ansible.git","(?-mix:^library\/packaging\/.*)",2013-09-03,"michael vogt",3,88,9
"2603","https://github.com/ansible/ansible.git","(?-mix:^library\/cloud\/.*)",2013-09-03,"lwade",3,643,9
"2604","https://github.com/ansible/ansible.git","(?-mix:^library\/cloud\/.*)",2013-09-03,"vincent van der kussen",1,420,9
"2605","https://github.com/ansible/ansible.git","(?-mix:^library\/packaging\/.*)",2013-09-03,"alexander saltanov",1,382,9
"2606","https://github.com/ansible/ansible.git","(?-mix:^library\/cloud\/.*)",2013-09-03,"asmajlovic",1,10,9
"2607","https://github.com/ansible/ansible.git","(?-mix:^library\/database\/.*)",2013-09-03,"ben podoll",3,37,9
"2608","https://github.com/ansible/ansible.git","(?-mix:^lib\/ansible\/[^\/]*)",2013-09-03,"serge van ginderachter",7,134,9
"2609","https://github.com/ansible/ansible.git","(?-mix:^library\/files\/.*)",2013-09-03,"ben podoll",2,4,9
"2610","https://github.com/ansible/ansible.git","(?-mix:^library\/files\/.*)",2013-09-03,"mark mandel",1,1,9
"2611","https://github.com/ansible/ansible.git","(?-mix:^library\/web_infrastructure\/.*)",2013-09-03,"danxshap",1,2,9
"2612","https://github.com/ansible/ansible.git","(?-mix:^lib\/ansible\/[^\/]*)",2013-09-03,"abhijit menon-sen",4,10,9
"2613","https://github.com/ansible/ansible.git","(?-mix:^library\/packaging\/.*)",2013-09-03,"abhijit menon-sen",1,4,9
"2614","https://github.com/ansible/ansible.git","(?-mix:^library\/database\/.*)",2013-09-03,"dan robinson",1,4,9
"2615","https://github.com/ansible/ansible.git","(?-mix:^lib\/ansible\/[^\/]*)",2013-09-03,"ftao",1,2,9
"2616","https://github.com/ansible/ansible.git","(?-mix:^library\/cloud\/.*)",2013-09-03,"michael dehaan",15,119,9
"2617","https://github.com/ansible/ansible.git","(?-mix:^lib\/ansible\/[^\/]*)",2013-09-03,"michael vogt",2,13,9
"2618","https://github.com/ansible/ansible.git","(?-mix:^lib\/ansible\/[^\/]*)",2013-09-03,"rené moser",3,13,9
"2619","https://github.com/ansible/ansible.git","(?-mix:^lib\/ansible\/[^\/]*)",2013-09-03,"timothy appnel",5,133,9
"2620","https://github.com/ansible/ansible.git","(?-mix:^library\/files\/.*)",2013-09-03,"timothy appnel",2,148,9
"2621","https://github.com/ansible/ansible.git","(?-mix:^plugins\/inventory\/.*\.py)",2013-09-03,"evan wies",6,515,9
"2622","https://github.com/ansible/ansible.git","(?-mix:^plugins\/inventory\/.*\.py)",2013-09-03,"michael scherer",1,116,9
"2623","https://github.com/ansible/ansible.git","(?-mix:^library\/system\/.*)",2013-09-03,"andy wilson",1,2,9
"2624","https://github.com/ansible/ansible.git","(?-mix:^library\/cloud\/.*)",2013-09-03,"lorin hochstein",7,215,9
"2625","https://github.com/ansible/ansible.git","(?-mix:^library\/system\/.*)",2013-09-03,"petr svoboda",1,4,9
"2626","https://github.com/ansible/ansible.git","(?-mix:^library\/database\/.*)",2013-09-03,"balazs pocze",4,621,9
"2627","https://github.com/ansible/ansible.git","(?-mix:^library\/source_control\/.*)",2013-09-03,"drew blas",1,6,9
"2628","https://github.com/ansible/ansible.git","(?-mix:^lib\/ansible\/[^\/]*)",2013-09-03,"brian coca",10,55,9
"2629","https://github.com/ansible/ansible.git","(?-mix:^lib\/ansible\/[^\/]*)",2013-09-03,"chris church",2,7,9
"2630","https://github.com/ansible/ansible.git","(?-mix:^lib\/ansible\/[^\/]*)",2013-09-03,"rishid",1,6,9
"2631","https://github.com/ansible/ansible.git","(?-mix:^library\/web_infrastructure\/.*)",2013-09-03,"didiercrunch",1,4,9
"2632","https://github.com/ansible/ansible.git","(?-mix:^library\/cloud\/.*)",2013-09-03,"jesse keating",1,56,9
"2633","https://github.com/ansible/ansible.git","(?-mix:^library\/packaging\/.*)",2013-09-03,"alan grosskurth",2,43,9
"2634","https://github.com/ansible/ansible.git","(?-mix:^library\/net_infrastructure\/.*)",2013-09-03,"michael dehaan",5,29,9
"2635","https://github.com/ansible/ansible.git","(?-mix:^library\/system\/.*)",2013-09-03,"michael scherer",1,1,9
"2636","https://github.com/ansible/ansible.git","(?-mix:^library\/packaging\/.*)",2013-09-03,"michael dehaan",10,42,9
"2637","https://github.com/ansible/ansible.git","(?-mix:^library\/monitoring\/.*)",2013-09-03,"michael dehaan",4,40,9
"2638","https://github.com/ansible/ansible.git","(?-mix:^library\/source_control\/.*)",2013-09-03,"james cammarata",1,2,9
"2639","https://github.com/ansible/ansible.git","(?-mix:^library\/cloud\/.*)",2013-09-03,"ben podoll",1,26,9
"2640","https://github.com/ansible/ansible.git","(?-mix:^library\/source_control\/.*)",2013-09-03,"petr svoboda",2,5,9
"2641","https://github.com/ansible/ansible.git","(?-mix:^library\/system\/.*)",2013-09-03,"rishid",1,4,9
"2642","https://github.com/ansible/ansible.git","(?-mix:^library\/system\/.*)",2013-09-03,"brian coca",8,71,9
"2643","https://github.com/ansible/ansible.git","(?-mix:^library\/packaging\/.*)",2013-09-03,"hector acosta",1,201,9
"2644","https://github.com/ansible/ansible.git","(?-mix:^lib\/ansible\/[^\/]*)",2013-09-03,"andrey shorin",1,11,9
"2645","https://github.com/ansible/ansible.git","(?-mix:^library\/cloud\/.*)",2013-09-03,"nicholas kuechler",6,21,9
"2646","https://github.com/ansible/ansible.git","(?-mix:^lib\/ansible\/[^\/]*)",2013-09-03,"lorin hochstein",1,4,9
"2647","https://github.com/ansible/ansible.git","(?-mix:^library\/database\/.*)",2013-09-03,"stoned elipot",1,3,9
"2648","https://github.com/ansible/ansible.git","(?-mix:^library\/system\/.*)",2013-09-03,"michael dehaan",5,15,9
"2649","https://github.com/ansible/ansible.git","(?-mix:^lib\/ansible\/[^\/]*)",2013-09-03,"matt spaulding",1,44,9
"2650","https://github.com/ansible/ansible.git","(?-mix:^library\/cloud\/.*)",2013-09-03,"lukasz kawczynski",1,350,9
"2651","https://github.com/ansible/ansible.git","(?-mix:^library\/notification\/.*)",2013-09-03,"lukasz kawczynski",1,7,9
"2652","https://github.com/ansible/ansible.git","(?-mix:^library\/utilities\/.*)",2013-09-03,"brian coca",1,4,9
"2653","https://github.com/ansible/ansible.git","(?-mix:^library\/cloud\/.*)",2013-09-03,"tim miller",2,4,9
"2654","https://github.com/ansible/ansible.git","(?-mix:^library\/net_infrastructure\/.*)",2013-09-03,"brice burgess",1,345,9
"2655","https://github.com/ansible/ansible.git","(?-mix:^plugins\/inventory\/.*\.py)",2013-09-03,"dan slimmon",3,318,9
"2656","https://github.com/ansible/ansible.git","(?-mix:^library\/files\/.*)",2013-09-03,"bruce pennypacker",4,118,9
"2657","https://github.com/ansible/ansible.git","(?-mix:^lib\/ansible\/[^\/]*)",2013-09-03,"jonas eriksson",1,2,9
"2658","https://github.com/ansible/ansible.git","(?-mix:^library\/packaging\/.*)",2013-09-03,"andreas kaiser",1,28,9
"2659","https://github.com/ansible/ansible.git","(?-mix:^lib\/ansible\/[^\/]*)",2013-09-03,"vincent hardion",1,2,9
"2660","https://github.com/ansible/ansible.git","(?-mix:^library\/monitoring\/.*)",2013-09-03,"curtis",4,172,9
"2661","https://github.com/ansible/ansible.git","(?-mix:^lib\/ansible\/[^\/]*)",2013-09-03,"wakayama shirou",1,4,9
"2662","https://github.com/ansible/ansible.git","(?-mix:^library\/packaging\/.*)",2013-09-03,"eivind uggedal",1,18,9
"2663","https://github.com/ansible/ansible.git","(?-mix:^library\/database\/.*)",2013-09-03,"stijn tintel",1,21,9
"2664","https://github.com/ansible/ansible.git","(?-mix:^library\/cloud\/.*)",2013-09-03,"peter hall",1,28,9
"2665","https://github.com/ansible/ansible.git","(?-mix:^library\/cloud\/.*)",2013-09-03,"ralph tice",1,9,9
"2666","https://github.com/ansible/ansible.git","(?-mix:^lib\/ansible\/[^\/]*)",2013-09-03,"ralph tice",1,2,9
"2667","https://github.com/ansible/ansible.git","(?-mix:^library\/web_infrastructure\/.*)",2013-09-03,"michael dehaan",4,50,9
"2668","https://github.com/ansible/ansible.git","(?-mix:^library\/database\/.*)",2013-09-03,"xabier larrakoetxea",2,317,9
"2669","https://github.com/ansible/ansible.git","(?-mix:^library\/database\/.*)",2013-09-03,"michael dehaan",1,1,9
"2670","https://github.com/ansible/ansible.git","(?-mix:^library\/messaging\/.*)",2013-09-03,"michael dehaan",1,3,9
"2671","https://github.com/ansible/ansible.git","(?-mix:^library\/packaging\/.*)",2013-09-03,"patrik lundin",5,90,9
"2672","https://github.com/ansible/ansible.git","(?-mix:^library\/source_control\/.*)",2013-09-03,"michael dehaan",1,2,9
"2673","https://github.com/ansible/ansible.git","(?-mix:^library\/cloud\/.*)",2013-09-03,"ian o connell",1,27,9
"2674","https://github.com/ansible/ansible.git","(?-mix:^library\/notification\/.*)",2013-09-03,"michael dehaan",1,2,9
"2675","https://github.com/ansible/ansible.git","(?-mix:^library\/utilities\/.*)",2013-09-03,"michael dehaan",1,15,9
"2676","https://github.com/ansible/ansible.git","(?-mix:^library\/network\/.*)",2013-09-03,"michael dehaan",1,6,9
"2677","https://github.com/ansible/ansible.git","(?-mix:^lib\/ansible\/[^\/]*)",2013-09-03,"sharif olorin",2,11,9
"2678","https://github.com/ansible/ansible.git","(?-mix:^lib\/ansible\/[^\/]*)",2013-09-03,"rodney quillo",1,3,9
"2679","https://github.com/ansible/ansible.git","(?-mix:^library\/system\/.*)",2013-09-03,"florian tham",1,4,9
"2680","https://github.com/ansible/ansible.git","(?-mix:^lib\/ansible\/[^\/]*)",2013-09-03,"atte virtanen",1,2,9
"2681","https://github.com/ansible/ansible.git","(?-mix:^lib\/ansible\/[^\/]*)",2013-09-03,"jeromew",1,37,9
"2682","https://github.com/ansible/ansible.git","(?-mix:^library\/source_control\/.*)",2013-09-03,"james laska",1,6,9
"2683","https://github.com/ansible/ansible.git","(?-mix:^lib\/ansible\/[^\/]*)",2013-09-03,"tin tvrtkovic",1,2,9
"2684","https://github.com/ansible/ansible.git","(?-mix:^library\/cloud\/.*)",2013-09-03,"andrew todd",1,2,9
"2685","https://github.com/ansible/ansible.git","(?-mix:^library\/monitoring\/.*)",2013-09-03,"andrew todd",2,4,9
"2686","https://github.com/ansible/ansible.git","(?-mix:^library\/net_infrastructure\/.*)",2013-09-03,"andrew todd",1,2,9
"2687","https://github.com/ansible/ansible.git","(?-mix:^library\/notification\/.*)",2013-09-03,"andrew todd",7,14,9
"2688","https://github.com/ansible/ansible.git","(?-mix:^library\/web_infrastructure\/.*)",2013-09-03,"andrew todd",1,2,9
"2689","https://github.com/ansible/ansible.git","(?-mix:^lib\/ansible\/[^\/]*)",2013-09-03,"alan descoins",1,23,9
"2690","https://github.com/ansible/ansible.git","(?-mix:^library\/files\/.*)",2013-09-03,"stephen fromm",1,16,9
"2691","https://github.com/ansible/ansible.git","(?-mix:^library\/cloud\/.*)",2013-09-03,"lester wade",1,13,9
"2692","https://github.com/ansible/ansible.git","(?-mix:^library\/system\/.*)",2013-09-03,"antti rasinen",3,19,9
"2693","https://github.com/ansible/ansible.git","(?-mix:^lib\/ansible\/[^\/]*)",2013-09-03,"antti rasinen",1,4,9
"2694","https://github.com/ansible/ansible.git","(?-mix:^library\/system\/.*)",2013-09-03,"trbs",2,17,9
"2695","https://github.com/ansible/ansible.git","(?-mix:^lib\/ansible\/[^\/]*)",2013-09-03,"bradley young",2,108,9
"2696","https://github.com/ansible/ansible.git","(?-mix:^library\/database\/.*)",2013-09-03,"jan-piet mens",1,3,9
"2697","https://github.com/ansible/ansible.git","(?-mix:^library\/packaging\/.*)",2013-09-03,"seth vidal",3,32,9
"2698","https://github.com/ansible/ansible.git","(?-mix:^library\/files\/.*)",2013-09-03,"dag wieers",1,100,9
"2699","https://github.com/ansible/ansible.git","(?-mix:^library\/packaging\/.*)",2013-09-03,"evan wies",1,3,9
"2700","https://github.com/ansible/ansible.git","(?-mix:^library\/web_infrastructure\/.*)",2013-09-03,"evan wies",2,80,9
"2701","https://github.com/ansible/ansible.git","(?-mix:^library\/messaging\/.*)",2013-09-03,"frank shearar",3,24,9
"2702","https://github.com/ansible/ansible.git","(?-mix:^library\/cloud\/.*)",2013-09-03,"ipauldev",1,3,9
"2703","https://github.com/ansible/ansible.git","(?-mix:^library\/cloud\/.*)",2013-09-03,"bryan larsen",3,17,9
"2704","https://github.com/ansible/ansible.git","(?-mix:^library\/system\/.*)",2013-09-03,"johan wirén",2,11,9
"2705","https://github.com/ansible/ansible.git","(?-mix:^library\/system\/.*)",2013-09-03,"joshua lund",1,8,9
"2706","https://github.com/ansible/ansible.git","(?-mix:^lib\/ansible\/[^\/]*)",2013-09-03,"andreas piesk",1,2,9
"2707","https://github.com/ansible/ansible.git","(?-mix:^library\/packaging\/.*)",2013-09-03,"felix stuermer",1,13,9
"2708","https://github.com/ansible/ansible.git","(?-mix:^library\/system\/.*)",2013-09-03,"patrick callahan",1,462,9
"2709","https://github.com/ansible/ansible.git","(?-mix:^library\/utilities\/.*)",2013-09-03,"jesse keating",2,10,9
"2710","https://github.com/ansible/ansible.git","(?-mix:^library\/cloud\/.*)",2013-09-03,"evan duffield",3,312,9
"2711","https://github.com/ansible/ansible.git","(?-mix:^library\/system\/.*)",2013-09-03,"casper langemeijer",1,0,9
"2712","https://github.com/ansible/ansible.git","(?-mix:^lib\/ansible\/[^\/]*)",2013-09-03,"lasse borchard",1,0,9
"2713","https://github.com/ansible/ansible.git","(?-mix:^library\/monitoring\/.*)",2013-09-03,"cristobal rosa",2,4,9
"2714","https://github.com/ansible/ansible.git","(?-mix:^library\/database\/.*)",2013-09-03,"james martin",1,85,9
"2715","https://github.com/ansible/ansible.git","(?-mix:^lib\/ansible\/[^\/]*)",2013-09-03,"ton kersten",2,3,9
"2716","https://github.com/ansible/ansible.git","(?-mix:^lib\/ansible\/[^\/]*)",2013-09-03,"antti salminen",1,2,9
"2717","https://github.com/ansible/ansible.git","(?-mix:^library\/source_control\/.*)",2013-09-03,"matt spaulding",1,12,9
"2718","https://github.com/ansible/ansible.git","(?-mix:^library\/source_control\/.*)",2013-09-03,"joshua lund",1,4,9
"2719","https://github.com/ansible/ansible.git","(?-mix:^library\/files\/.*)",2013-09-03,"jan-piet mens",2,32,9
"2720","https://github.com/ansible/ansible.git","(?-mix:^library\/cloud\/.*)",2013-09-03,"evan",2,22,9
"2721","https://github.com/ansible/ansible.git","(?-mix:^library\/system\/.*)",2013-09-03,"aaron brady",1,20,9
"2722","https://github.com/ansible/ansible.git","(?-mix:^library\/packaging\/.*)",2013-09-03,"dmitry kolobaev",1,8,9
"2723","https://github.com/ansible/ansible.git","(?-mix:^library\/database\/.*)",2013-09-03,"andrew de quincey",1,28,9
"2724","https://github.com/ansible/ansible.git","(?-mix:^library\/cloud\/.*)",2013-09-03,"james martin",1,85,9
"2725","https://github.com/ansible/ansible.git","(?-mix:^library\/packaging\/.*)",2013-09-03,"serenecloud",1,3,9
"2726","https://github.com/ansible/ansible.git","(?-mix:^library\/net_infrastructure\/.*)",2013-09-03,"peter sprygada",8,1340,9
"2727","https://github.com/ansible/ansible.git","(?-mix:^library\/packaging\/.*)",2013-09-03,"jack kuan",1,2,9
"2728","https://github.com/ansible/ansible.git","(?-mix:^lib\/ansible\/[^\/]*)",2013-09-03,"jeroen hoekx",1,8,9
"2729","https://github.com/ansible/ansible.git","(?-mix:^library\/cloud\/.*)",2013-09-03,"rstrox",1,1,9
"2730","https://github.com/ansible/ansible.git","(?-mix:^lib\/ansible\/[^\/]*)",2013-09-03,"joshua lund",1,6,9
"2731","https://github.com/ansible/ansible.git","(?-mix:^library\/files\/.*)",2013-09-03,"billwanjohi",1,2,9
"2732","https://github.com/ansible/ansible.git","(?-mix:^plugins\/inventory\/.*\.py)",2013-09-03,"tim gerla",1,0,9
"2733","https://github.com/ansible/ansible.git","(?-mix:^library\/notification\/.*)",2013-09-03,"kevin montuori",1,14,9
"2734","https://github.com/ansible/ansible.git","(?-mix:^lib\/ansible\/[^\/]*)",2013-09-03,"jesse keating",1,3,9
"2735","https://github.com/ansible/ansible.git","(?-mix:^lib\/ansible\/[^\/]*)",2013-09-03,"arturas slajus",1,6,9
"2736","https://github.com/ansible/ansible.git","(?-mix:^library\/web_infrastructure\/.*)",2013-09-03,"lorin hochstein",2,181,9
"2737","https://github.com/ansible/ansible.git","(?-mix:^library\/system\/.*)",2013-09-03,"serge van ginderachter",1,61,9
"2738","https://github.com/ansible/ansible.git","(?-mix:^library\/packaging\/.*)",2013-09-03,"james laska",1,8,9
"2739","https://github.com/ansible/ansible.git","(?-mix:^library\/messaging\/.*)",2013-09-03,"lorin hochstein",1,4,9
"2740","https://github.com/ansible/ansible.git","(?-mix:^library\/system\/.*)",2013-09-03,"martin f. krafft",2,27,9
"2741","https://github.com/ansible/ansible.git","(?-mix:^lib\/ansible\/[^\/]*)",2013-09-03,"dale sedivec",2,16,9
"2742","https://github.com/ansible/ansible.git","(?-mix:^library\/cloud\/.*)",2013-09-03,"benjamin schwarze",1,8,9
"2743","https://github.com/ansible/ansible.git","(?-mix:^library\/cloud\/.*)",2013-09-03,"john jarvis",3,342,9
"2744","https://github.com/ansible/ansible.git","(?-mix:^library\/cloud\/.*)",2013-09-03,"vincent viallet",5,766,9
"2745","https://github.com/ansible/ansible.git","(?-mix:^lib\/ansible\/[^\/]*)",2013-09-03,"ninety thirty",1,27,9
"2746","https://github.com/ansible/ansible.git","(?-mix:^library\/files\/.*)",2013-09-03,"mike grozak",3,19,9
"2747","https://github.com/ansible/ansible.git","(?-mix:^library\/files\/.*)",2013-05-30,"mike grozak",1,12,10
"2748","https://github.com/ansible/ansible.git","(?-mix:^lib\/ansible\/[^\/]*)",2013-05-30,"martin f. krafft",1,5,10
"2749","https://github.com/ansible/ansible.git","(?-mix:^library\/cloud\/.*)",2013-05-30,"michael dehaan",54,303,10
"2750","https://github.com/ansible/ansible.git","(?-mix:^library\/system\/.*)",2013-05-30,"michael dehaan",15,122,10
"2751","https://github.com/ansible/ansible.git","(?-mix:^library\/cloud\/.*)",2013-05-30,"vincent viallet",6,706,10
"2752","https://github.com/ansible/ansible.git","(?-mix:^library\/packaging\/.*)",2013-05-30,"martin f. krafft",4,27,10
"2753","https://github.com/ansible/ansible.git","(?-mix:^library\/internal\/.*)",2013-05-30,"joshua lund",1,4,10
"2754","https://github.com/ansible/ansible.git","(?-mix:^library\/network\/.*)",2013-05-30,"joshua lund",4,49,10
"2755","https://github.com/ansible/ansible.git","(?-mix:^lib\/ansible\/[^\/]*)",2013-05-30,"michael dehaan",42,287,10
"2756","https://github.com/ansible/ansible.git","(?-mix:^library\/packaging\/.*)",2013-05-30,"michael dehaan",11,54,10
"2757","https://github.com/ansible/ansible.git","(?-mix:^library\/monitoring\/.*)",2013-05-30,"curtis",1,271,10
"2758","https://github.com/ansible/ansible.git","(?-mix:^library\/cloud\/.*)",2013-05-30,"daniil",1,28,10
"2759","https://github.com/ansible/ansible.git","(?-mix:^lib\/ansible\/[^\/]*)",2013-05-30,"trbs",3,25,10
"2760","https://github.com/ansible/ansible.git","(?-mix:^library\/cloud\/.*)",2013-05-30,"bruce pennypacker",9,667,10
"2761","https://github.com/ansible/ansible.git","(?-mix:^library\/monitoring\/.*)",2013-05-30,"arturas slajus",2,157,10
"2762","https://github.com/ansible/ansible.git","(?-mix:^lib\/ansible\/[^\/]*)",2013-05-30,"george miroshnykov",2,31,10
"2763","https://github.com/ansible/ansible.git","(?-mix:^lib\/ansible\/[^\/]*)",2013-05-30,"jesse keating",1,12,10
"2764","https://github.com/ansible/ansible.git","(?-mix:^library\/web_infrastructure\/.*)",2013-05-30,"lorin hochstein",2,3,10
"2765","https://github.com/ansible/ansible.git","(?-mix:^library\/system\/.*)",2013-05-30,"patrick callahan",1,6,10
"2766","https://github.com/ansible/ansible.git","(?-mix:^library\/packaging\/.*)",2013-05-30,"jesse keating",1,2,10
"2767","https://github.com/ansible/ansible.git","(?-mix:^library\/cloud\/.*)",2013-05-30,"joshua lund",1,2,10
"2768","https://github.com/ansible/ansible.git","(?-mix:^library\/notification\/.*)",2013-05-30,"joshua lund",1,2,10
"2769","https://github.com/ansible/ansible.git","(?-mix:^lib\/ansible\/[^\/]*)",2013-05-30,"gilles cornu",1,1,10
"2770","https://github.com/ansible/ansible.git","(?-mix:^library\/system\/.*)",2013-05-30,"brian coca",3,39,10
"2771","https://github.com/ansible/ansible.git","(?-mix:^lib\/ansible\/[^\/]*)",2013-05-30,"scott sturdivant",3,10,10
"2772","https://github.com/ansible/ansible.git","(?-mix:^library\/packaging\/.*)",2013-05-30,"veeti paananen",3,26,10
"2773","https://github.com/ansible/ansible.git","(?-mix:^library\/cloud\/.*)",2013-05-30,"lwade",2,28,10
"2774","https://github.com/ansible/ansible.git","(?-mix:^library\/cloud\/.*)",2013-05-30,"jan-piet mens",22,265,10
"2775","https://github.com/ansible/ansible.git","(?-mix:^library\/database\/.*)",2013-05-30,"jan-piet mens",7,125,10
"2776","https://github.com/ansible/ansible.git","(?-mix:^library\/messaging\/.*)",2013-05-30,"jan-piet mens",4,35,10
"2777","https://github.com/ansible/ansible.git","(?-mix:^library\/monitoring\/.*)",2013-05-30,"jan-piet mens",7,123,10
"2778","https://github.com/ansible/ansible.git","(?-mix:^library\/network\/.*)",2013-05-30,"jan-piet mens",4,59,10
"2779","https://github.com/ansible/ansible.git","(?-mix:^library\/notification\/.*)",2013-05-30,"jan-piet mens",14,393,10
"2780","https://github.com/ansible/ansible.git","(?-mix:^library\/packaging\/.*)",2013-05-30,"jan-piet mens",22,383,10
"2781","https://github.com/ansible/ansible.git","(?-mix:^library\/utilities\/.*)",2013-05-30,"jan-piet mens",5,35,10
"2782","https://github.com/ansible/ansible.git","(?-mix:^library\/utilities\/.*)",2013-05-30,"michael dehaan",4,49,10
"2783","https://github.com/ansible/ansible.git","(?-mix:^library\/system\/.*)",2013-05-30,"yap sok ann",1,69,10
"2784","https://github.com/ansible/ansible.git","(?-mix:^library\/web_infrastructure\/.*)",2013-05-30,"jochen maes",1,24,10
"2785","https://github.com/ansible/ansible.git","(?-mix:^library\/system\/.*)",2013-05-30,"trbs",5,476,10
"2786","https://github.com/ansible/ansible.git","(?-mix:^library\/system\/.*)",2013-05-30,"seth vidal",1,59,10
"2787","https://github.com/ansible/ansible.git","(?-mix:^lib\/ansible\/[^\/]*)",2013-05-30,"brian coca",3,32,10
"2788","https://github.com/ansible/ansible.git","(?-mix:^library\/packaging\/.*)",2013-05-30,"brian coca",4,8,10
"2789","https://github.com/ansible/ansible.git","(?-mix:^library\/files\/.*)",2013-05-30,"jan-piet mens",6,95,10
"2790","https://github.com/ansible/ansible.git","(?-mix:^library\/commands\/.*)",2013-05-30,"jan-piet mens",1,14,10
"2791","https://github.com/ansible/ansible.git","(?-mix:^library\/net_infrastructure\/.*)",2013-05-30,"jan-piet mens",1,19,10
"2792","https://github.com/ansible/ansible.git","(?-mix:^library\/source_control\/.*)",2013-05-30,"jan-piet mens",4,44,10
"2793","https://github.com/ansible/ansible.git","(?-mix:^library\/system\/.*)",2013-05-30,"jan-piet mens",18,265,10
"2794","https://github.com/ansible/ansible.git","(?-mix:^library\/web_infrastructure\/.*)",2013-05-30,"jan-piet mens",2,10,10
"2795","https://github.com/ansible/ansible.git","(?-mix:^library\/files\/.*)",2013-05-30,"brian coca",3,66,10
"2796","https://github.com/ansible/ansible.git","(?-mix:^library\/packaging\/.*)",2013-05-30,"patrik lundin",1,73,10
"2797","https://github.com/ansible/ansible.git","(?-mix:^library\/files\/.*)",2013-05-30,"serge van ginderachter",1,2,10
"2798","https://github.com/ansible/ansible.git","(?-mix:^lib\/ansible\/[^\/]*)",2013-05-30,"david golden",2,6,10
"2799","https://github.com/ansible/ansible.git","(?-mix:^library\/cloud\/.*)",2013-05-30,"derek carter",1,2,10
"2800","https://github.com/ansible/ansible.git","(?-mix:^library\/packaging\/.*)",2013-05-30,"chris hoffman",2,6,10
"2801","https://github.com/ansible/ansible.git","(?-mix:^library\/packaging\/.*)",2013-05-30,"edgars m.",1,2,10
"2802","https://github.com/ansible/ansible.git","(?-mix:^library\/packaging\/.*)",2013-05-30,"e-m",1,10,10
"2803","https://github.com/ansible/ansible.git","(?-mix:^lib\/ansible\/[^\/]*)",2013-05-30,"serge van ginderachter",12,33,10
"2804","https://github.com/ansible/ansible.git","(?-mix:^library\/system\/.*)",2013-05-30,"raul melo",2,146,10
"2805","https://github.com/ansible/ansible.git","(?-mix:^library\/database\/.*)",2013-05-30,"stijn tintel",1,1,10
"2806","https://github.com/ansible/ansible.git","(?-mix:^library\/database\/.*)",2013-05-30,"gw0 [http://gw.tnode.com/]",1,7,10
"2807","https://github.com/ansible/ansible.git","(?-mix:^lib\/ansible\/[^\/]*)",2013-05-30,"rike-benjamin schuppner",2,6,10
"2808","https://github.com/ansible/ansible.git","(?-mix:^lib\/ansible\/[^\/]*)",2013-05-30,"andrew straw",1,3,10
"2809","https://github.com/ansible/ansible.git","(?-mix:^library\/packaging\/.*)",2013-05-30,"andrew straw",1,2,10
"2810","https://github.com/ansible/ansible.git","(?-mix:^lib\/ansible\/[^\/]*)",2013-05-30,"chris church",2,15,10
"2811","https://github.com/ansible/ansible.git","(?-mix:^plugins\/callbacks\/.*\.py)",2013-05-30,"chris church",2,12,10
"2812","https://github.com/ansible/ansible.git","(?-mix:^library\/packaging\/.*)",2013-05-30,"patrick callahan",2,227,10
"2813","https://github.com/ansible/ansible.git","(?-mix:^library\/system\/.*)",2013-05-30,"joshua lund",1,10,10
"2814","https://github.com/ansible/ansible.git","(?-mix:^plugins\/inventory\/.*\.py)",2013-05-30,"jclaybaugh",2,14,10
"2815","https://github.com/ansible/ansible.git","(?-mix:^library\/packaging\/.*)",2013-05-30,"james laska",6,1043,10
"2816","https://github.com/ansible/ansible.git","(?-mix:^library\/system\/.*)",2013-05-30,"toshaan bharvani",1,1,10
"2817","https://github.com/ansible/ansible.git","(?-mix:^lib\/ansible\/[^\/]*)",2013-05-30,"simon j mudd",1,22,10
"2818","https://github.com/ansible/ansible.git","(?-mix:^library\/notification\/.*)",2013-05-30,"gavin mcdonald",1,6,10
"2819","https://github.com/ansible/ansible.git","(?-mix:^library\/files\/.*)",2013-05-30,"lorin hochstein",1,2,10
"2820","https://github.com/ansible/ansible.git","(?-mix:^lib\/ansible\/[^\/]*)",2013-05-30,"benno joy",1,3,10
"2821","https://github.com/ansible/ansible.git","(?-mix:^lib\/ansible\/[^\/]*)",2013-05-30,"joshua lund",1,25,10
"2822","https://github.com/ansible/ansible.git","(?-mix:^lib\/ansible\/[^\/]*)",2013-05-30,"chris jacobs",2,5,10
"2823","https://github.com/ansible/ansible.git","(?-mix:^library\/packaging\/.*)",2013-05-30,"y-p",2,19,10
"2824","https://github.com/ansible/ansible.git","(?-mix:^library\/system\/.*)",2013-05-30,"chris gardner",10,215,10
"2825","https://github.com/ansible/ansible.git","(?-mix:^lib\/ansible\/[^\/]*)",2013-05-30,"peter hudec",2,14,10
"2826","https://github.com/ansible/ansible.git","(?-mix:^lib\/ansible\/[^\/]*)",2013-05-30,"steven dossett",2,49,10
"2827","https://github.com/ansible/ansible.git","(?-mix:^lib\/ansible\/[^\/]*)",2013-05-30,"wakayama shirou",1,3,10
"2828","https://github.com/ansible/ansible.git","(?-mix:^lib\/ansible\/[^\/]*)",2013-05-30,"darryl stoflet",1,4,10
"2829","https://github.com/ansible/ansible.git","(?-mix:^library\/web_infrastructure\/.*)",2013-05-30,"michael dehaan",1,8,10
"2830","https://github.com/ansible/ansible.git","(?-mix:^library\/database\/.*)",2013-05-30,"michael dehaan",4,6,10
"2831","https://github.com/ansible/ansible.git","(?-mix:^library\/source_control\/.*)",2013-05-30,"michael dehaan",1,2,10
"2832","https://github.com/ansible/ansible.git","(?-mix:^library\/notification\/.*)",2013-05-30,"michael dehaan",12,107,10
"2833","https://github.com/ansible/ansible.git","(?-mix:^library\/network\/.*)",2013-05-30,"michael dehaan",1,4,10
"2834","https://github.com/ansible/ansible.git","(?-mix:^library\/system\/.*)",2013-05-30,"stephen fromm",3,99,10
"2835","https://github.com/ansible/ansible.git","(?-mix:^library\/source_control\/.*)",2013-05-30,"benjamin schwarze",2,117,10
"2836","https://github.com/ansible/ansible.git","(?-mix:^lib\/ansible\/[^\/]*)",2013-05-30,"node",1,12,10
"2837","https://github.com/ansible/ansible.git","(?-mix:^library\/system\/.*)",2013-05-30,"michael vogt",2,15,10
"2838","https://github.com/ansible/ansible.git","(?-mix:^lib\/ansible\/[^\/]*)",2013-05-30,"pol llovet",2,4,10
"2839","https://github.com/ansible/ansible.git","(?-mix:^library\/cloud\/.*)",2013-05-30,"shahar kedar",1,1,10
"2840","https://github.com/ansible/ansible.git","(?-mix:^library\/cloud\/.*)",2013-05-30,"benno joy",11,2241,10
"2841","https://github.com/ansible/ansible.git","(?-mix:^library\/system\/.*)",2013-05-30,"maykel moya",1,10,10
"2842","https://github.com/ansible/ansible.git","(?-mix:^library\/system\/.*)",2013-05-30,"lorin hochstein",1,2,10
"2843","https://github.com/ansible/ansible.git","(?-mix:^plugins\/inventory\/.*\.py)",2013-05-30,"mark mandel",2,168,10
"2844","https://github.com/ansible/ansible.git","(?-mix:^library\/system\/.*)",2013-05-30,"jiří kubíček",1,15,10
"2845","https://github.com/ansible/ansible.git","(?-mix:^library\/monitoring\/.*)",2013-05-30,"michael dehaan",7,52,10
"2846","https://github.com/ansible/ansible.git","(?-mix:^library\/commands\/.*)",2013-05-30,"stoned elipot",1,2,10
"2847","https://github.com/ansible/ansible.git","(?-mix:^library\/files\/.*)",2013-05-30,"michael dehaan",4,9,10
"2848","https://github.com/ansible/ansible.git","(?-mix:^lib\/ansible\/[^\/]*)",2013-05-30,"jeremiah heller",2,6,10
"2849","https://github.com/ansible/ansible.git","(?-mix:^library\/files\/.*)",2013-05-30,"timothy appnel",1,24,10
"2850","https://github.com/ansible/ansible.git","(?-mix:^plugins\/inventory\/.*\.py)",2013-05-30,"michael dehaan",1,36,10
"2851","https://github.com/ansible/ansible.git","(?-mix:^library\/system\/.*)",2013-05-30,"guillaume lasmayous",1,75,10
"2852","https://github.com/ansible/ansible.git","(?-mix:^lib\/ansible\/[^\/]*)",2013-05-30,"kavin kankeshwar",1,4,10
"2853","https://github.com/ansible/ansible.git","(?-mix:^library\/monitoring\/.*)",2013-05-30,"darryl stoflet",1,146,10
"2854","https://github.com/ansible/ansible.git","(?-mix:^library\/database\/.*)",2013-05-30,"james martin",3,97,10
"2855","https://github.com/ansible/ansible.git","(?-mix:^library\/monitoring\/.*)",2013-05-30,"dylan silva",2,280,10
"2856","https://github.com/ansible/ansible.git","(?-mix:^library\/cloud\/.*)",2013-05-30,"lorin hochstein",2,380,10
"2857","https://github.com/ansible/ansible.git","(?-mix:^library\/system\/.*)",2013-05-30,"kristof keppens",2,34,10
"2858","https://github.com/ansible/ansible.git","(?-mix:^library\/cloud\/.*)",2013-05-30,"rik theys",2,12,10
"2859","https://github.com/ansible/ansible.git","(?-mix:^library\/messaging\/.*)",2013-05-30,"ceri storey",9,60,10
"2860","https://github.com/ansible/ansible.git","(?-mix:^lib\/ansible\/[^\/]*)",2013-05-30,"dale sedivec",1,1,10
"2861","https://github.com/ansible/ansible.git","(?-mix:^library\/monitoring\/.*)",2013-05-30,"bruce pennypacker",2,144,10
"2862","https://github.com/ansible/ansible.git","(?-mix:^library\/source_control\/.*)",2013-05-30,"stoned elipot",1,0,10
"2863","https://github.com/ansible/ansible.git","(?-mix:^library\/packaging\/.*)",2013-05-30,"stoned elipot",3,13,10
"2864","https://github.com/ansible/ansible.git","(?-mix:^lib\/ansible\/[^\/]*)",2013-05-30,"nicolas grilly",3,20,10
"2865","https://github.com/ansible/ansible.git","(?-mix:^library\/files\/.*)",2013-05-30,"nicolas grilly",1,2,10
"2866","https://github.com/ansible/ansible.git","(?-mix:^library\/system\/.*)",2013-05-30,"scott sturdivant",2,3,10
"2867","https://github.com/ansible/ansible.git","(?-mix:^lib\/ansible\/[^\/]*)",2013-05-30,"james martin",1,12,10
"2868","https://github.com/ansible/ansible.git","(?-mix:^library\/packaging\/.*)",2013-05-30,"scott sturdivant",1,1,10
"2869","https://github.com/ansible/ansible.git","(?-mix:^lib\/ansible\/[^\/]*)",2013-05-30,"kent frazier",1,4,10
"2870","https://github.com/ansible/ansible.git","(?-mix:^library\/packaging\/.*)",2013-05-30,"william bowling",1,4,10
"2871","https://github.com/ansible/ansible.git","(?-mix:^plugins\/inventory\/.*\.py)",2013-05-30,"benno joy",1,19,10
"2872","https://github.com/ansible/ansible.git","(?-mix:^lib\/ansible\/[^\/]*)",2013-05-30,"bryan larsen",1,5,10
"2873","https://github.com/ansible/ansible.git","(?-mix:^plugins\/inventory\/.*\.py)",2013-05-30,"jon miller",2,161,10
"2874","https://github.com/ansible/ansible.git","(?-mix:^lib\/ansible\/[^\/]*)",2013-05-30,"dimos alevizos",1,2,10
"2875","https://github.com/ansible/ansible.git","(?-mix:^lib\/ansible\/[^\/]*)",2013-05-30,"les aker",2,3,10
"2876","https://github.com/ansible/ansible.git","(?-mix:^library\/packaging\/.*)",2013-05-30,"john jarvis",2,45,10
"2877","https://github.com/ansible/ansible.git","(?-mix:^library\/system\/.*)",2013-05-30,"elan ruusamäe",2,5,10
"2878","https://github.com/ansible/ansible.git","(?-mix:^lib\/ansible\/[^\/]*)",2013-05-30,"maykel moya",4,86,10
"2879","https://github.com/ansible/ansible.git","(?-mix:^lib\/ansible\/[^\/]*)",2013-05-30,"ben ritcey",1,2,10
"2880","https://github.com/ansible/ansible.git","(?-mix:^library\/system\/.*)",2013-05-30,"ton kersten",1,1,10
"2881","https://github.com/ansible/ansible.git","(?-mix:^library\/packaging\/.*)",2013-05-30,"yeukhon wong",2,68,10
"2882","https://github.com/ansible/ansible.git","(?-mix:^library\/packaging\/.*)",2013-05-30,"jcb",1,10,10
"2883","https://github.com/ansible/ansible.git","(?-mix:^lib\/ansible\/[^\/]*)",2013-05-30,"stoned elipot",2,12,10
"2884","https://github.com/ansible/ansible.git","(?-mix:^library\/utilities\/.*)",2013-05-30,"stoned elipot",1,2,10
"2885","https://github.com/ansible/ansible.git","(?-mix:^library\/system\/.*)",2013-05-30,"madema",4,121,10
"2886","https://github.com/ansible/ansible.git","(?-mix:^library\/source_control\/.*)",2013-05-30,"jesse keating",1,19,10
"2887","https://github.com/ansible/ansible.git","(?-mix:^library\/notification\/.*)",2013-05-30,"matt coddington",2,194,10
"2888","https://github.com/ansible/ansible.git","(?-mix:^library\/notification\/.*)",2013-05-30,"adam garside",1,10,10
"2889","https://github.com/ansible/ansible.git","(?-mix:^library\/notification\/.*)",2013-05-30,"brian coca",3,147,10
"2890","https://github.com/ansible/ansible.git","(?-mix:^library\/packaging\/.*)",2013-05-30,"jack kuan",1,5,10
"2891","https://github.com/ansible/ansible.git","(?-mix:^lib\/ansible\/[^\/]*)",2013-05-30,"tim habermaas",1,2,10
"2892","https://github.com/ansible/ansible.git","(?-mix:^library\/net_infrastructure\/.*)",2013-05-30,"michael dehaan",2,2,10
"2893","https://github.com/ansible/ansible.git","(?-mix:^lib\/ansible\/[^\/]*)",2013-05-30,"matt coddington",2,6,10
"2894","https://github.com/ansible/ansible.git","(?-mix:^library\/monitoring\/.*)",2013-05-30,"matt coddington",1,147,10
"2895","https://github.com/ansible/ansible.git","(?-mix:^library\/notification\/.*)",2013-05-30,"adam",1,128,10
"2896","https://github.com/ansible/ansible.git","(?-mix:^library\/files\/.*)",2013-05-30,"michael vogt",1,2,10
"2897","https://github.com/ansible/ansible.git","(?-mix:^library\/packaging\/.*)",2013-05-30,"bleader",1,157,10
"2898","https://github.com/ansible/ansible.git","(?-mix:^lib\/ansible\/[^\/]*)",2013-05-30,"david simon",1,20,10
"2899","https://github.com/ansible/ansible.git","(?-mix:^library\/net_infrastructure\/.*)",2013-05-30,"matt hite",1,244,10
"2900","https://github.com/ansible/ansible.git","(?-mix:^lib\/ansible\/[^\/]*)",2013-05-30,"timothy appnel",2,7,10
"2901","https://github.com/ansible/ansible.git","(?-mix:^library\/system\/.*)",2013-05-30,"lonerr",2,41,10
"2902","https://github.com/ansible/ansible.git","(?-mix:^library\/system\/.*)",2013-05-30,"oleg",1,4,10
"2903","https://github.com/ansible/ansible.git","(?-mix:^library\/system\/.*)",2013-05-30,"alexander bulimov",1,6,10
"2904","https://github.com/ansible/ansible.git","(?-mix:^library\/cloud\/.*)",2013-05-30,"mario franco",2,1,10
"2905","https://github.com/ansible/ansible.git","(?-mix:^library\/cloud\/.*)",2013-04-05,"mario franco",1,45,11
"2906","https://github.com/ansible/ansible.git","(?-mix:^lib\/ansible\/[^\/]*)",2013-04-05,"james cammarata",1,1,11
"2907","https://github.com/ansible/ansible.git","(?-mix:^lib\/ansible\/[^\/]*)",2013-04-05,"toshaan bharvani",1,2,11
"2908","https://github.com/ansible/ansible.git","(?-mix:^library\/system\/.*)",2013-04-05,"luciano cavalheiro da silva",1,4,11
"2909","https://github.com/ansible/ansible.git","(?-mix:^lib\/ansible\/[^\/]*)",2013-04-05,"gilles cornu",1,3,11
"2910","https://github.com/ansible/ansible.git","(?-mix:^lib\/ansible\/[^\/]*)",2013-04-05,"brian coca",2,30,11
"2911","https://github.com/ansible/ansible.git","(?-mix:^library\/database\/.*)",2013-04-05,"bernhard weitzhofer",1,4,11
"2912","https://github.com/ansible/ansible.git","(?-mix:^library\/packaging\/.*)",2013-04-05,"serge van ginderachter",1,2,11
"2913","https://github.com/ansible/ansible.git","(?-mix:^lib\/ansible\/[^\/]*)",2013-04-05,"michael dehaan",11,93,11
"2914","https://github.com/ansible/ansible.git","(?-mix:^library\/cloud\/.*)",2013-04-05,"john jarvis",5,265,11
"2915","https://github.com/ansible/ansible.git","(?-mix:^library\/system\/.*)",2013-04-05,"rektide",1,2,11
"2916","https://github.com/ansible/ansible.git","(?-mix:^library\/cloud\/.*)",2013-04-05,"ralph tice",1,15,11
"2917","https://github.com/ansible/ansible.git","(?-mix:^library\/notification\/.*)",2013-04-05,"shirou",1,143,11
"2918","https://github.com/ansible/ansible.git","(?-mix:^lib\/ansible\/[^\/]*)",2013-04-05,"serge van ginderachter",1,2,11
"2919","https://github.com/ansible/ansible.git","(?-mix:^lib\/ansible\/[^\/]*)",2013-04-05,"stephen fromm",1,4,11
"2920","https://github.com/ansible/ansible.git","(?-mix:^library\/system\/.*)",2013-04-05,"michael dehaan",18,10,11
"2921","https://github.com/ansible/ansible.git","(?-mix:^library\/utilities\/.*)",2013-04-05,"michael dehaan",6,15,11
"2922","https://github.com/ansible/ansible.git","(?-mix:^library\/network\/.*)",2013-04-05,"piffey parlance",1,2,11
"2923","https://github.com/ansible/ansible.git","(?-mix:^lib\/ansible\/[^\/]*)",2013-04-05,"stoned elipot",2,45,11
"2924","https://github.com/ansible/ansible.git","(?-mix:^library\/system\/.*)",2013-04-05,"james mills",1,2,11
"2925","https://github.com/ansible/ansible.git","(?-mix:^library\/cloud\/.*)",2013-04-05,"michael dehaan",8,26,11
"2926","https://github.com/ansible/ansible.git","(?-mix:^library\/commands\/.*)",2013-04-05,"michael dehaan",1,0,11
"2927","https://github.com/ansible/ansible.git","(?-mix:^library\/database\/.*)",2013-04-05,"michael dehaan",7,0,11
"2928","https://github.com/ansible/ansible.git","(?-mix:^library\/files\/.*)",2013-04-05,"michael dehaan",5,0,11
"2929","https://github.com/ansible/ansible.git","(?-mix:^library\/internal\/.*)",2013-04-05,"michael dehaan",2,0,11
"2930","https://github.com/ansible/ansible.git","(?-mix:^library\/messaging\/.*)",2013-04-05,"michael dehaan",4,0,11
"2931","https://github.com/ansible/ansible.git","(?-mix:^library\/monitoring\/.*)",2013-04-05,"michael dehaan",1,0,11
"2932","https://github.com/ansible/ansible.git","(?-mix:^library\/net_infrastructure\/.*)",2013-04-05,"michael dehaan",1,0,11
"2933","https://github.com/ansible/ansible.git","(?-mix:^library\/network\/.*)",2013-04-05,"michael dehaan",3,0,11
"2934","https://github.com/ansible/ansible.git","(?-mix:^library\/packaging\/.*)",2013-04-05,"michael dehaan",16,0,11
"2935","https://github.com/ansible/ansible.git","(?-mix:^library\/source_control\/.*)",2013-04-05,"michael dehaan",4,0,11
"2936","https://github.com/ansible/ansible.git","(?-mix:^library\/notification\/.*)",2013-04-05,"michael dehaan",1,0,11
"2937","https://github.com/ansible/ansible.git","(?-mix:^library\/web_infrastructure\/.*)",2013-04-05,"michael dehaan",2,0,11
"2938","https://github.com/ansible/ansible.git","(?-mix:^lib\/ansible\/[^\/]*)",2013-04-05,"kahlil (kal) hodgson",1,2,11
"2939","https://github.com/ansible/ansible.git","(?-mix:^library\/cloud\/.*)",2013-04-05,"jesse keating",2,3,11
"2940","https://github.com/ansible/ansible.git","(?-mix:^library\/packaging\/.*)",2013-04-05,"ingo gottwald",1,2,11
"2941","https://github.com/ansible/ansible.git","(?-mix:^lib\/ansible\/[^\/]*)",2013-04-05,"matt coddington",1,8,11
"2942","https://github.com/ansible/ansible.git","(?-mix:^library\/files\/.*)",2013-04-05,"tin tvrtkovic",1,2,11
"2943","https://github.com/ansible/ansible.git","(?-mix:^library\/system\/.*)",2013-04-05,"brian coca",4,16,11
"2944","https://github.com/ansible/ansible.git","(?-mix:^library\/files\/.*)",2013-04-05,"brian coca",1,15,11
"2945","https://github.com/ansible/ansible.git","(?-mix:^library\/system\/.*)",2013-04-05,"dag wieers",1,104,11
"2946","https://github.com/ansible/ansible.git","(?-mix:^plugins\/callbacks\/.*\.py)",2013-04-12,"michael dehaan",2,37,12
"2947","https://github.com/ansible/ansible.git","(?-mix:^lib\/ansible\/[^\/]*)",2013-04-12,"michael dehaan",168,2049,12
"2948","https://github.com/ansible/ansible.git","(?-mix:^library\/files\/.*)",2013-04-12,"matt coddington",1,2,12
"2949","https://github.com/ansible/ansible.git","(?-mix:^library\/database\/.*)",2013-04-12,"james martin",4,355,12
"2950","https://github.com/ansible/ansible.git","(?-mix:^library\/database\/.*)",2013-04-12,"alex quach",1,4,12
"2951","https://github.com/ansible/ansible.git","(?-mix:^library\/database\/.*)",2013-04-12,"dirk uys",1,0,12
"2952","https://github.com/ansible/ansible.git","(?-mix:^lib\/ansible\/[^\/]*)",2013-04-12,"matt coddington",2,8,12
"2953","https://github.com/ansible/ansible.git","(?-mix:^library\/cloud\/.*)",2013-04-12,"lester wade",6,107,12
"2954","https://github.com/ansible/ansible.git","(?-mix:^library\/files\/.*)",2013-04-12,"michael dehaan",4,25,12
"2955","https://github.com/ansible/ansible.git","(?-mix:^lib\/ansible\/[^\/]*)",2013-04-12,"aaron brady",2,40,12
"2956","https://github.com/ansible/ansible.git","(?-mix:^library\/system\/.*)",2013-04-12,"alexander bulimov",6,460,12
"2957","https://github.com/ansible/ansible.git","(?-mix:^lib\/ansible\/[^\/]*)",2013-04-12,"jeroen hoekx",1,1,12
"2958","https://github.com/ansible/ansible.git","(?-mix:^library\/system\/.*)",2013-04-12,"dag wieers",7,226,12
"2959","https://github.com/ansible/ansible.git","(?-mix:^lib\/ansible\/[^\/]*)",2013-04-12,"stephen fromm",3,35,12
"2960","https://github.com/ansible/ansible.git","(?-mix:^library\/packaging\/.*)",2013-04-12,"ingo gottwald",3,40,12
"2961","https://github.com/ansible/ansible.git","(?-mix:^library\/packaging\/.*)",2013-04-12,"serge van ginderachter",4,70,12
"2962","https://github.com/ansible/ansible.git","(?-mix:^library\/system\/.*)",2013-04-12,"lonerr",1,4,12
"2963","https://github.com/ansible/ansible.git","(?-mix:^library\/system\/.*)",2013-04-12,"stephen fromm",2,31,12
"2964","https://github.com/ansible/ansible.git","(?-mix:^library\/packaging\/.*)",2013-04-12,"tin tvrtkovic",1,31,12
"2965","https://github.com/ansible/ansible.git","(?-mix:^library\/system\/.*)",2013-04-12,"michael dehaan",16,111,12
"2966","https://github.com/ansible/ansible.git","(?-mix:^lib\/ansible\/[^\/]*)",2013-04-12,"jan-piet mens",2,4,12
"2967","https://github.com/ansible/ansible.git","(?-mix:^library\/packaging\/.*)",2013-04-12,"michael dehaan",11,74,12
"2968","https://github.com/ansible/ansible.git","(?-mix:^lib\/ansible\/[^\/]*)",2013-04-12,"stoned elipot",9,33,12
"2969","https://github.com/ansible/ansible.git","(?-mix:^library\/system\/.*)",2013-04-12,"alex tomkins",1,2,12
"2970","https://github.com/ansible/ansible.git","(?-mix:^lib\/ansible\/[^\/]*)",2013-04-12,"dale sedivec",3,31,12
"2971","https://github.com/ansible/ansible.git","(?-mix:^library\/files\/.*)",2013-04-12,"jtsoi",1,0,12
"2972","https://github.com/ansible/ansible.git","(?-mix:^library\/system\/.*)",2013-04-12,"nathan l. walls",1,2,12
"2973","https://github.com/ansible/ansible.git","(?-mix:^lib\/ansible\/[^\/]*)",2013-04-12,"dag wieers",5,59,12
"2974","https://github.com/ansible/ansible.git","(?-mix:^library\/utilities\/.*)",2013-04-12,"dag wieers",2,55,12
"2975","https://github.com/ansible/ansible.git","(?-mix:^lib\/ansible\/[^\/]*)",2013-04-12,"seth vidal",7,92,12
"2976","https://github.com/ansible/ansible.git","(?-mix:^lib\/ansible\/[^\/]*)",2013-04-12,"bernhard weitzhofer",1,2,12
"2977","https://github.com/ansible/ansible.git","(?-mix:^library\/cloud\/.*)",2013-04-12,"darren worrall",1,33,12
"2978","https://github.com/ansible/ansible.git","(?-mix:^lib\/ansible\/[^\/]*)",2013-04-12,"c. morgan hamill",7,27,12
"2979","https://github.com/ansible/ansible.git","(?-mix:^library\/cloud\/.*)",2013-04-12,"michael dehaan",4,48,12
"2980","https://github.com/ansible/ansible.git","(?-mix:^library\/system\/.*)",2013-04-12,"seth vidal",1,13,12
"2981","https://github.com/ansible/ansible.git","(?-mix:^library\/cloud\/.*)",2013-04-12,"jesse keating",4,316,12
"2982","https://github.com/ansible/ansible.git","(?-mix:^library\/database\/.*)",2013-04-12,"bernhard weitzhofer",4,698,12
"2983","https://github.com/ansible/ansible.git","(?-mix:^library\/system\/.*)",2013-04-12,"bernhard weitzhofer",1,11,12
"2984","https://github.com/ansible/ansible.git","(?-mix:^library\/cloud\/.*)",2013-04-12,"blair zajac",3,39,12
"2985","https://github.com/ansible/ansible.git","(?-mix:^lib\/ansible\/[^\/]*)",2013-04-12,"darryl stoflet",2,9,12
"2986","https://github.com/ansible/ansible.git","(?-mix:^lib\/ansible\/[^\/]*)",2013-04-12,"will thames",4,11,12
"2987","https://github.com/ansible/ansible.git","(?-mix:^library\/source_control\/.*)",2013-04-12,"jesús garcía crespo",1,23,12
"2988","https://github.com/ansible/ansible.git","(?-mix:^library\/monitoring\/.*)",2013-04-12,"michael dehaan",1,0,12
"2989","https://github.com/ansible/ansible.git","(?-mix:^library\/network\/.*)",2013-04-12,"serge van ginderachter",1,58,12
"2990","https://github.com/ansible/ansible.git","(?-mix:^library\/cloud\/.*)",2013-04-12,"victor castell",3,30,12
"2991","https://github.com/ansible/ansible.git","(?-mix:^library\/packaging\/.*)",2013-04-12,"gareth rees",1,2,12
"2992","https://github.com/ansible/ansible.git","(?-mix:^library\/packaging\/.*)",2013-04-12,"milan",1,22,12
"2993","https://github.com/ansible/ansible.git","(?-mix:^library\/cloud\/.*)",2013-04-12,"lwade",10,249,12
"2994","https://github.com/ansible/ansible.git","(?-mix:^lib\/ansible\/[^\/]*)",2013-04-12,"sébastien bocahu",3,7,12
"2995","https://github.com/ansible/ansible.git","(?-mix:^library\/files\/.*)",2013-04-12,"brian coca",2,18,12
"2996","https://github.com/ansible/ansible.git","(?-mix:^lib\/ansible\/[^\/]*)",2013-04-12,"george miroshnykov",4,28,12
"2997","https://github.com/ansible/ansible.git","(?-mix:^lib\/ansible\/[^\/]*)",2013-04-12,"blair zajac",1,6,12
"2998","https://github.com/ansible/ansible.git","(?-mix:^lib\/ansible\/[^\/]*)",2013-04-12,"fabian arrotin",1,3,12
"2999","https://github.com/ansible/ansible.git","(?-mix:^library\/system\/.*)",2013-04-12,"tin",2,20,12
"3000","https://github.com/ansible/ansible.git","(?-mix:^library\/packaging\/.*)",2013-04-12,"chris hoffman",2,248,12
"3001","https://github.com/ansible/ansible.git","(?-mix:^library\/utilities\/.*)",2013-04-12,"michael dehaan",1,2,12
"3002","https://github.com/ansible/ansible.git","(?-mix:^library\/files\/.*)",2013-04-12,"gw0 [http://gw.tnode.com/]",1,2,12
"3003","https://github.com/ansible/ansible.git","(?-mix:^library\/database\/.*)",2013-04-12,"jeffrey chu",2,6,12
"3004","https://github.com/ansible/ansible.git","(?-mix:^library\/cloud\/.*)",2013-04-12,"magnus andersson",1,51,12
"3005","https://github.com/ansible/ansible.git","(?-mix:^library\/cloud\/.*)",2013-04-12,"joel semar",1,11,12
"3006","https://github.com/ansible/ansible.git","(?-mix:^library\/cloud\/.*)",2013-04-12,"james martin",1,2,12
"3007","https://github.com/ansible/ansible.git","(?-mix:^library\/packaging\/.*)",2013-04-12,"lorin hochstein",2,21,12
"3008","https://github.com/ansible/ansible.git","(?-mix:^plugins\/inventory\/.*\.py)",2013-04-12,"jesse keating",1,156,12
"3009","https://github.com/ansible/ansible.git","(?-mix:^library\/system\/.*)",2013-04-12,"mavimo",5,13,12
"3010","https://github.com/ansible/ansible.git","(?-mix:^library\/packaging\/.*)",2013-04-12,"mavimo",7,31,12
"3011","https://github.com/ansible/ansible.git","(?-mix:^library\/messaging\/.*)",2013-04-12,"mavimo",5,10,12
"3012","https://github.com/ansible/ansible.git","(?-mix:^library\/network\/.*)",2013-04-12,"mavimo",1,5,12
"3013","https://github.com/ansible/ansible.git","(?-mix:^library\/files\/.*)",2013-04-12,"mavimo",2,8,12
"3014","https://github.com/ansible/ansible.git","(?-mix:^library\/source_control\/.*)",2013-04-12,"mavimo",1,2,12
"3015","https://github.com/ansible/ansible.git","(?-mix:^library\/monitoring\/.*)",2013-04-12,"mavimo",1,2,12
"3016","https://github.com/ansible/ansible.git","(?-mix:^library\/packaging\/.*)",2013-04-12,"mujahideen",1,14,12
"3017","https://github.com/ansible/ansible.git","(?-mix:^lib\/ansible\/[^\/]*)",2013-04-12,"junegunn choi",4,23,12
"3018","https://github.com/ansible/ansible.git","(?-mix:^lib\/ansible\/[^\/]*)",2013-04-12,"brian coca",2,5,12
"3019","https://github.com/ansible/ansible.git","(?-mix:^library\/system\/.*)",2013-04-12,"brian coca",1,2,12
"3020","https://github.com/ansible/ansible.git","(?-mix:^library\/files\/.*)",2013-04-12,"tin",2,96,12
"3021","https://github.com/ansible/ansible.git","(?-mix:^library\/files\/.*)",2013-04-12,"tim gerla",1,3,12
"3022","https://github.com/ansible/ansible.git","(?-mix:^library\/packaging\/.*)",2013-04-12,"johan wirén",1,2,12
"3023","https://github.com/ansible/ansible.git","(?-mix:^library\/system\/.*)",2013-04-12,"greg swift",1,41,12
"3024","https://github.com/ansible/ansible.git","(?-mix:^library\/packaging\/.*)",2013-04-12,"bernhard weitzhofer",1,5,12
"3025","https://github.com/ansible/ansible.git","(?-mix:^library\/database\/.*)",2013-04-12,"lorin hochstein",5,104,12
"3026","https://github.com/ansible/ansible.git","(?-mix:^library\/system\/.*)",2013-04-12,"shaun zinck",2,124,12
"3027","https://github.com/ansible/ansible.git","(?-mix:^library\/packaging\/.*)",2013-04-12,"vincent van der kussen",6,164,12
"3028","https://github.com/ansible/ansible.git","(?-mix:^library\/system\/.*)",2013-04-12,"paul sbarra",2,29,12
"3029","https://github.com/ansible/ansible.git","(?-mix:^library\/files\/.*)",2013-04-12,"piotr kweclich",1,6,12
"3030","https://github.com/ansible/ansible.git","(?-mix:^library\/source_control\/.*)",2013-04-12,"stephen fromm",2,63,12
"3031","https://github.com/ansible/ansible.git","(?-mix:^library\/packaging\/.*)",2013-04-12,"ricky elrod",1,2,12
"3032","https://github.com/ansible/ansible.git","(?-mix:^lib\/ansible\/[^\/]*)",2013-04-12,"rob parrott",2,3,12
"3033","https://github.com/ansible/ansible.git","(?-mix:^library\/packaging\/.*)",2013-04-12,"lwade",2,4,12
"3034","https://github.com/ansible/ansible.git","(?-mix:^library\/system\/.*)",2013-04-12,"jeffrey chu",2,5,12
"3035","https://github.com/ansible/ansible.git","(?-mix:^library\/cloud\/.*)",2013-04-12,"harold spencer jr",1,20,12
"3036","https://github.com/ansible/ansible.git","(?-mix:^library\/source_control\/.*)",2013-04-12,"michael dehaan",3,12,12
"3037","https://github.com/ansible/ansible.git","(?-mix:^library\/monitoring\/.*)",2013-04-12,"bernhard weitzhofer",2,7,12
"3038","https://github.com/ansible/ansible.git","(?-mix:^library\/packaging\/.*)",2013-04-12,"andrew dunham",2,172,12
"3039","https://github.com/ansible/ansible.git","(?-mix:^plugins\/inventory\/.*\.py)",2013-04-12,"jeffrey chu",1,2,12
"3040","https://github.com/ansible/ansible.git","(?-mix:^library\/cloud\/.*)",2013-04-12,"rob parrott",1,42,12
"3041","https://github.com/ansible/ansible.git","(?-mix:^library\/packaging\/.*)",2013-04-12,"david hughes",2,4,12
"3042","https://github.com/ansible/ansible.git","(?-mix:^lib\/ansible\/[^\/]*)",2013-04-12,"david hughes",1,2,12
"3043","https://github.com/ansible/ansible.git","(?-mix:^library\/system\/.*)",2013-04-12,"jimmy tang",1,39,12
"3044","https://github.com/ansible/ansible.git","(?-mix:^plugins\/inventory\/.*\.py)",2013-04-12,"milan",1,8,12
"3045","https://github.com/ansible/ansible.git","(?-mix:^library\/system\/.*)",2013-04-12,"serge van ginderachter",2,56,12
"3046","https://github.com/ansible/ansible.git","(?-mix:^lib\/ansible\/[^\/]*)",2013-04-12,"milan",1,2,12
"3047","https://github.com/ansible/ansible.git","(?-mix:^library\/system\/.*)",2013-04-12,"johan wirén",1,88,12
"3048","https://github.com/ansible/ansible.git","(?-mix:^library\/files\/.*)",2013-04-12,"daniel hokka zakrisson",1,4,12
"3049","https://github.com/ansible/ansible.git","(?-mix:^lib\/ansible\/[^\/]*)",2013-04-12,"daniel hokka zakrisson",1,4,12
"3050","https://github.com/ansible/ansible.git","(?-mix:^library\/packaging\/.*)",2013-04-12,"jimmy tang",1,71,12
"3051","https://github.com/ansible/ansible.git","(?-mix:^library\/packaging\/.*)",2013-04-12,"brian coca",2,6,12
"3052","https://github.com/ansible/ansible.git","(?-mix:^plugins\/inventory\/.*\.py)",2013-04-12,"peter janes",2,68,12
"3053","https://github.com/ansible/ansible.git","(?-mix:^library\/system\/.*)",2013-04-12,"patrik lundin",1,8,12
"3054","https://github.com/ansible/ansible.git","(?-mix:^library\/database\/.*)",2013-04-12,"peter janes",1,13,12
"3055","https://github.com/ansible/ansible.git","(?-mix:^library\/cloud\/.*)",2013-04-12,"dag wieers",3,15,12
"3056","https://github.com/ansible/ansible.git","(?-mix:^library\/web_infrastructure\/.*)",2013-04-12,"dag wieers",1,2,12
"3057","https://github.com/ansible/ansible.git","(?-mix:^library\/packaging\/.*)",2013-04-12,"dag wieers",6,18,12
"3058","https://github.com/ansible/ansible.git","(?-mix:^library\/files\/.*)",2013-04-12,"dag wieers",3,11,12
"3059","https://github.com/ansible/ansible.git","(?-mix:^library\/source_control\/.*)",2013-04-12,"dag wieers",3,8,12
"3060","https://github.com/ansible/ansible.git","(?-mix:^library\/messaging\/.*)",2013-04-12,"dag wieers",3,12,12
"3061","https://github.com/ansible/ansible.git","(?-mix:^library\/source_control\/.*)",2013-04-12,"andré paramés",1,174,12
"3062","https://github.com/ansible/ansible.git","(?-mix:^lib\/ansible\/[^\/]*)",2013-04-12,"patrick pelletier",1,30,12
"3063","https://github.com/ansible/ansible.git","(?-mix:^library\/files\/.*)",2013-04-12,"patrick pelletier",1,12,12
